16.044021000000008,0.05442952364683151,0.130291149020195
16.044071000000006,0.054201338440179825,0.13161113858222961
16.044121000000008,0.053996216505765915,0.13294988870620728
16.044171000000006,0.05383443459868431,0.1342586725950241
16.044221000000007,0.05371551960706711,0.13549721240997314
16.044271000000006,0.05361837148666382,0.13664712011814117
16.044321000000007,0.0535089485347271,0.13771647214889526
16.044371000000005,0.05335279554128647,0.13873621821403503
16.044421000000007,0.05312798544764519,0.13974784314632416
16.044471000000005,0.05283363536000252,0.14078865945339203
16.044521000000007,0.052490923553705215,0.1418793946504593
16.044571000000005,0.05213646963238716,0.14301864802837372
16.044621000000006,0.0518101267516613,0.14418549835681915
16.044671000000008,0.05154188349843025,0.14534951746463776
16.044721000000006,0.05134223774075508,0.14648355543613434
16.044771000000008,0.05119935795664787,0.14757376909255981
16.044821000000006,0.051083989441394806,0.1486242264509201
16.044871000000008,0.0509597472846508,0.14965423941612244
16.044921000000006,0.050795260816812515,0.15068867802619934
16.044971000000007,0.05057357996702194,0.15174701809883118
16.045021000000006,0.05029603838920593,0.15283438563346863
16.045071000000007,0.049979258328676224,0.15393850207328796
16.045121000000005,0.04964716359972954,0.155033677816391
16.045171000000007,0.049321237951517105,0.1560903638601303
16.045221000000005,0.04901270568370819,0.1570860892534256
16.045271000000007,0.04871968552470207,0.15801386535167694
16.045321000000005,0.04842977225780487,0.15888451039791107
16.045371000000006,0.04812685400247574,0.15972211956977844
16.045421000000008,0.04779905080795288,0.16055436432361603
16.045471000000006,0.047444429248571396,0.1614018976688385
16.045521000000008,0.047072287648916245,0.1622699350118637
16.045571000000006,0.046699460595846176,0.1631470024585724
16.045621000000008,0.04634329304099083,0.16400976479053497
16.045671000000006,0.04601418226957321,0.16483306884765625
16.045721000000007,0.045710936188697815,0.16560088098049164
16.045771000000006,0.045420579612255096,0.16631388664245605
16.045821000000007,0.04512318596243858,0.16699013113975525
16.045871000000005,0.04479967802762985,0.16765914857387543
16.045921000000007,0.04443944990634918,0.16835103929042816
16.045971000000005,0.044045012444257736,0.16908416152000427
16.046021000000007,0.04363144934177399,0.1698571890592575
16.046071000000005,0.04322100430727005,0.17064814269542694
16.046121000000007,0.04283466190099716,0.17142067849636078
16.046171000000008,0.04248393699526787,0.17213645577430725
16.046221000000006,0.04216623678803444,0.1727682501077652
16.046271000000008,0.04186543449759483,0.17330984771251678
16.046321000000006,0.041557926684617996,0.17377792298793793
16.046371000000008,0.041221629828214645,0.17420682311058044
16.046421000000006,0.0408448725938797,0.1746356189250946
16.046471000000007,0.04043162241578102,0.17509470880031586
16.046521000000006,0.04000093787908554,0.17559444904327393
16.046571000000007,0.03958076611161232,0.1761215776205063
16.046621000000005,0.03919798880815506,0.17664429545402527
16.046671000000007,0.03886853903532028,0.17712385952472687
16.046721000000005,0.03859105706214905,0.17752954363822937
16.046771000000007,0.03834642842411995,0.17785051465034485
16.046821000000005,0.038103681057691574,0.17810103297233582
16.046871000000007,0.037830106914043427,0.17831625044345856
16.046921000000008,0.037502188235521317,0.178540900349617
16.046971000000006,0.037113431841135025,0.1788128763437271
16.047021000000008,0.03667638078331947,0.17914922535419464
16.047071000000006,0.03621813282370567,0.1795377880334854
16.047121000000008,0.03577084466814995,0.1799386739730835
16.047171000000006,0.03536079078912735,0.18029369413852692
16.047221000000008,0.0349995419383049,0.18054240942001343
16.047271000000006,0.03468051925301552,0.1806384176015854
16.047321000000007,0.034381914883852005,0.18056118488311768
16.047371000000005,0.03407500311732292,0.18031975626945496
16.047421000000007,0.033734533935785294,0.17994806170463562
16.047471000000005,0.033348001539707184,0.17949266731739044
16.047521000000007,0.03292001038789749,0.1789991557598114
16.047571000000005,0.032470811158418655,0.17849931120872498
16.047621000000007,0.03202934190630913,0.17800553143024445
16.04767100000001,0.03162340819835663,0.17751136422157288
16.047721000000006,0.03127048909664154,0.17699898779392242
16.047771000000008,0.030972307547926903,0.17644932866096497
16.047821000000006,0.030714867636561394,0.17585141956806183
16.047871000000008,0.030473742634058,0.17520764470100403
16.047921000000006,0.030222445726394653,0.1745332032442093
16.047971000000008,0.029940994456410408,0.17385026812553406
16.048021000000006,0.02962144836783409,0.17317993938922882
16.048071000000007,0.029268819838762283,0.17253465950489044
16.048121000000005,0.028897179290652275,0.17191405594348907
16.048171000000007,0.02852289378643036,0.17130567133426666
16.048221000000005,0.028157327324151993,0.17068970203399658
16.048271000000007,0.027802221477031708,0.1700463443994522
16.048321000000005,0.02744901366531849,0.16936200857162476
16.048371000000007,0.02708246372640133,0.16863301396369934
16.04842100000001,0.026687130331993103,0.16786441206932068
16.048471000000006,0.02625388093292713,0.1670663058757782
16.048521000000008,0.0257843267172575,0.16624751687049866
16.048571000000006,0.025291085243225098,0.16541127860546112
16.048621000000008,0.024794144555926323,0.1645531803369522
16.048671000000006,0.02431430108845234,0.16366364061832428
16.048721000000008,0.023866496980190277,0.16273273527622223
16.048771000000006,0.02345513366162777,0.1617565006017685
16.048821000000007,0.02307332493364811,0.16074083745479584
16.048871000000005,0.022706126794219017,0.15970243513584137
16.048921000000007,0.022336602210998535,0.1586645245552063
16.048971000000005,0.021952366456389427,0.15765006840229034
16.049021000000007,0.021550221368670464,0.15667377412319183
16.049071000000005,0.0211371798068285,0.15573687851428986
16.049121000000007,0.020727593451738358,0.1548253446817398
16.049171000000005,0.020337531343102455,0.15391455590724945
16.049221000000006,0.019978530704975128,0.15297698974609375
16.049271000000008,0.01965314708650112,0.15199154615402222
16.049321000000006,0.01935386285185814,0.15095087885856628
16.049371000000008,0.01906585320830345,0.14986374974250793
16.049421000000006,0.018772276118397713,0.1487520933151245
16.049471000000008,0.018460314720869064,0.14764267206192017
16.049521000000006,0.018125437200069427,0.14655712246894836
16.049571000000007,0.01777241937816143,0.14550384879112244
16.049621000000005,0.017412707209587097,0.14447416365146637
16.049671000000007,0.017059264704585075,0.1434454619884491
16.049721000000005,0.01672091893851757,0.14238905906677246
16.049771000000007,0.016398482024669647,0.14128156006336212
16.049821000000005,0.016084201633930206,0.14011426270008087
16.049871000000007,0.015764806419610977,0.13889802992343903
16.049921000000005,0.015426931902766228,0.1376613974571228
16.049971000000006,0.015062862075865269,0.13644208014011383
16.050021000000008,0.014674193225800991,0.13527466356754303
16.050071000000006,0.01427191961556673,0.13417856395244598
16.050121000000008,0.013872767798602581,0.1331508606672287
16.050171000000006,0.013493049889802933,0.13216571509838104
16.050221000000008,0.013142434880137444,0.13118186593055725
16.050271000000006,0.012820124626159668,0.1301548033952713
16.050321000000007,0.012515025213360786,0.12905053794384003
16.050371000000005,0.012210117653012276,0.1278553009033203
16.08002100000001,-0.0049244980327785015,0.0855928361415863
16.080071000000007,-0.004918665625154972,0.08639656752347946
16.08012100000001,-0.0048551918007433414,0.08715164661407471
16.080171000000007,-0.004737139213830233,0.08783812075853348
16.08022100000001,-0.004585676360875368,0.0884547233581543
16.080271000000007,-0.004433444235473871,0.08902008086442947
16.08032100000001,-0.004313897341489792,0.08956638723611832
16.080371000000007,-0.004250313621014357,0.09012941271066666
16.08042100000001,-0.004248269367963076,0.09073638170957565
16.080471000000006,-0.004294150974601507,0.09139756113290787
16.080521000000008,-0.004360083490610123,0.09210322052240372
16.080571000000006,-0.004413470160216093,0.09282749146223068
16.080621000000008,-0.0044277445413172245,0.09353769570589066
16.08067100000001,-0.0043906355276703835,0.09420548379421234
16.080721000000008,-0.004307209979742765,0.09481605142354965
16.08077100000001,-0.004196893889456987,0.09537235647439957
16.080821000000007,-0.0040857563726603985,0.09589270502328873
16.08087100000001,-0.003996985033154488,0.09640339016914368
16.080921000000007,-0.003942916169762611,0.0969286784529686
16.08097100000001,-0.003921345341950655,0.09748220443725586
16.081021000000007,-0.003917157184332609,0.09806285053491592
16.08107100000001,-0.003908454440534115,0.0986565575003624
16.081121000000007,-0.0038747882936149836,0.09924270957708359
16.08117100000001,-0.003804520471021533,0.09980308264493942
16.081221000000006,-0.003698773914948106,0.10032927989959717
16.081271000000008,-0.003570829750970006,0.10082605481147766
16.081321000000006,-0.003441418521106243,0.10130912065505981
16.081371000000008,-0.0033317883498966694,0.1017986610531807
16.08142100000001,-0.003257074626162648,0.10231084376573563
16.081471000000008,-0.003222193568944931,0.10285108536481857
16.08152100000001,-0.0032214228995144367,0.10341149568557739
16.081571000000007,-0.003241471480578184,0.10397394001483917
16.08162100000001,-0.0032666183542460203,0.10451677441596985
16.081671000000007,-0.003283936996012926,0.10502362251281738
16.08172100000001,-0.003286775667220354,0.10548922419548035
16.081771000000007,-0.003275519236922264,0.10592126101255417
16.08182100000001,-0.003255734220147133,0.10633643716573715
16.081871000000007,-0.003234786679968238,0.10675256699323654
16.08192100000001,-0.003218418452888727,0.10717987269163132
16.081971000000006,-0.0032086556311696768,0.1076151579618454
16.082021000000008,-0.003203687258064747,0.10804145783185959
16.082071000000006,-0.0031994825694710016,0.10843352228403091
16.082121000000008,-0.0031922166235744953,0.10876759141683578
16.08217100000001,-0.0031802733428776264,0.10903150588274002
16.082221000000008,-0.0031648871954530478,0.10923130065202713
16.08227100000001,-0.003149112919345498,0.10939091444015503
16.082321000000007,-0.0031356278341263533,0.10954533517360687
16.08237100000001,-0.0031243714038282633,0.1097286120057106
16.082421000000007,-0.003111184574663639,0.10996158421039581
16.08247100000001,-0.0030882221180945635,0.11024366319179535
16.082521000000007,-0.0030461670830845833,0.11055196821689606
16.08257100000001,-0.0029775735456496477,0.11084926873445511
16.082621000000007,-0.0028800831642001867,0.1110970601439476
16.08267100000001,-0.0027582829352468252,0.11127007007598877
16.082721000000006,-0.002623358042910695,0.11136645823717117
16.082771000000008,-0.0024905125610530376,0.11140952259302139
16.082821000000006,-0.0023749114479869604,0.11143998801708221
16.082871000000008,-0.002287464216351509,0.11150114983320236
16.08292100000001,-0.002231849590316415,0.1116221696138382
16.082971000000008,-0.0022037625312805176,0.11180514842271805
16.08302100000001,-0.0021926024928689003,0.11202157288789749
16.083071000000007,-0.0021849970798939466,0.11221889406442642
16.08312100000001,-0.0021689306013286114,0.11233644932508469
16.083171000000007,-0.0021371005568653345,0.11232457309961319
16.08322100000001,-0.0020884338300675154,0.11216092854738235
16.083271000000007,-0.0020273502450436354,0.11185821890830994
16.08332100000001,-0.0019612028263509274,0.11146047711372375
16.083371000000007,-0.0018968763761222363,0.1110292449593544
16.08342100000001,-0.0018378185341134667,0.11062447726726532
16.083471000000007,-0.001782536506652832,0.1102861538529396
16.083521000000008,-0.0017250415403395891,0.11002376675605774
16.083571000000006,-0.001657002605497837,0.1098158210515976
16.083621000000008,-0.0015708048595115542,0.10962051898241043
16.08367100000001,-0.0014623935567215085,0.10939200222492218
16.083721000000008,-0.0013329368084669113,0.10909749567508698
16.08377100000001,-0.0011887782020494342,0.10872834175825119
16.083821000000007,-0.0010397628648206592,0.1083015725016594
16.08387100000001,-0.0008965741144493222,0.10785192996263504
16.083921000000007,-0.0007680238923057914,0.10741762816905975
16.08397100000001,-0.0006591674755327404,0.10702529549598694
16.084021000000007,-0.0005707949749194086,0.10667989403009415
16.08407100000001,-0.0005003070109523833,0.1063632071018219
16.084121000000007,-0.00044351309770718217,0.10604146867990494
16.08417100000001,-0.0003965877403970808,0.10567834228277206
16.084221000000007,-0.00035742789623327553,0.10524897277355194
16.084271000000008,-0.0003259414224885404,0.10474906116724014
16.084321000000006,-0.00030322346719913185,0.10419605672359467
16.084371000000008,-0.00029003777308389544,0.10362178087234497
16.08442100000001,-0.0002852841280400753,0.10306008160114288
16.084471000000008,-0.0002851454773917794,0.1025337278842926
16.08452100000001,-0.00028337002731859684,0.1020464077591896
16.084571000000008,-0.00027270926511846483,0.10158225893974304
16.08462100000001,-0.00024709312128834426,0.10111328959465027
16.084671000000007,-0.00020382502407301217,0.10061198472976685
16.08472100000001,-0.0001449917326681316,0.10006307065486908
16.084771000000007,-7.7536613389384e-5,0.09947072714567184
16.08482100000001,-1.1825030924228486e-5,0.09885745495557785
16.084871000000007,4.0949333197204396e-5,0.09825541079044342
16.08492100000001,7.178077066782862e-5,0.0976930633187294
16.084971000000007,7.63901844038628e-5,0.09718282520771027
16.08502100000001,5.6469572882633656e-5,0.0967140719294548
16.085071000000006,1.9240873371018097e-5,0.09625542908906937
16.085121000000008,-2.458963354001753e-5,0.09576480835676193
16.085171000000006,-6.386859604390338e-5,0.0952044278383255
16.085221000000008,-9.010672511067241e-5,0.09455471485853195
16.08527100000001,-9.969536040443927e-5,0.09382233768701553
16.085321000000008,-9.455033432459459e-5,0.09303852170705795
16.08537100000001,-8.098168473225087e-5,0.09224864840507507
16.085421000000007,-6.715241761412472e-5,0.09149608016014099
16.08547100000001,-5.996062100166455e-5,0.09080689400434494
16.085521000000007,-6.236264744075015e-5,0.09018027782440186
16.08557100000001,-7.204132998595014e-5,0.08958914875984192
16.085621000000007,-8.189064101316035e-5,0.08899012207984924
16.08567100000001,-8.220857125706971e-5,0.08833970874547958
16.085721000000007,-6.392736395355314e-5,0.0876111313700676
16.08577100000001,-2.1843887225259095e-5,0.08680488169193268
16.085821000000006,4.31991575169377e-5,0.08594973385334015
16.085871000000008,0.00012394762597978115,0.08509358763694763
16.085921000000006,0.00020834918541368097,0.08428724855184555
16.085971000000008,0.000282709690509364,0.08356686681509018
16.08602100000001,0.00033544094185344875,0.08294152468442917
16.086071000000008,0.0003602484648581594,0.08239004015922546
16.08612100000001,0.0003577934403438121,0.08186837285757065
16.086171000000007,0.0003353314532432705,0.08132463693618774
16.08622100000001,0.00030447871540673077,0.08071624487638474
16.086271000000007,0.00027785651036538184,0.08002365380525589
16.08632100000001,0.00026567259919829667,0.07925529778003693
16.086371000000007,0.00027331506134942174,0.07844275236129761
18.044021000000015,0.05443909764289856,0.13030359148979187
18.044071000000013,0.05421065539121628,0.13162392377853394
18.044121000000015,0.05400553718209267,0.1329626888036728
18.044171000000013,0.05384402349591255,0.13427136838436127
18.044221000000014,0.053725529462099075,0.13551010191440582
18.044271000000013,0.053628839552402496,0.13666021823883057
18.044321000000014,0.053519684821367264,0.13773004710674286
18.044371000000012,0.05336345359683037,0.13875031471252441
18.044421000000014,0.05313815176486969,0.13976243138313293
18.044471000000012,0.05284293740987778,0.1408034861087799
18.044521000000014,0.05249921977519989,0.14189431071281433
18.044571000000012,0.05214384198188782,0.14303334057331085
18.044621000000014,0.05181685835123062,0.14420002698898315
18.044671000000015,0.05154835060238838,0.14536401629447937
18.044721000000013,0.051348768174648285,0.1464981883764267
18.044771000000015,0.05120610445737839,0.14758877456188202
18.044821000000013,0.05109085515141487,0.14863982796669006
18.044871000000015,0.050966475158929825,0.14967021346092224
18.044921000000013,0.05080145224928856,0.15070472657680511
18.044971000000015,0.05057893693447113,0.1517626941204071
18.045021000000013,0.0503004789352417,0.15284928679466248
18.045071000000014,0.04998299106955528,0.15395240485668182
18.045121000000012,0.04965069144964218,0.15504668653011322
18.045171000000014,0.049325164407491684,0.15610286593437195
18.045221000000012,0.04901763051748276,0.1570986807346344
18.045271000000014,0.04872594773769379,0.15802711248397827
18.045321000000012,0.048437412828207016,0.15889880061149597
18.045371000000014,0.048135578632354736,0.15973755717277527
18.045421000000015,0.04780830442905426,0.16057069599628448
18.045471000000013,0.04745360463857651,0.16141848266124725
18.045521000000015,0.047080907970666885,0.16228598356246948
18.045571000000013,0.04670734331011772,0.16316203773021698
18.045621000000015,0.04635054990649223,0.16402344405651093
18.045671000000013,0.0460212416946888,0.1648455411195755
18.045721000000015,0.04571825638413429,0.16561268270015717
18.045771000000013,0.04542861506342888,0.16632552444934845
18.045821000000014,0.04513215273618698,0.1670021414756775
18.045871000000012,0.044809576123952866,0.16767197847366333
18.045921000000014,0.04445001855492592,0.16836465895175934
18.045971000000012,0.04405588284134865,0.16909818351268768
18.046021000000014,0.04364226385951042,0.1698712706565857
18.046071000000012,0.04323151335120201,0.17066189646720886
18.046121000000014,0.04284479841589928,0.17143385112285614
18.046171000000015,0.0424937941133976,0.17214928567409515
18.046221000000013,0.04217597842216492,0.1727811098098755
18.046271000000015,0.04187524691224098,0.17332306504249573
18.046321000000013,0.0415678508579731,0.1737920492887497
18.046371000000015,0.041231632232666016,0.1742219179868698
18.046421000000013,0.04085484519600868,0.17465151846408844
18.046471000000015,0.04044148698449135,0.17511098086833954
18.046521000000013,0.04001067951321602,0.1756104975938797
18.046571000000014,0.039590537548065186,0.17613694071769714
18.046621000000012,0.03920802101492882,0.1766587495803833
18.046671000000014,0.03887912631034851,0.17713750898838043
18.046721000000012,0.03860238566994667,0.1775427907705307
18.046771000000014,0.038358524441719055,0.17786385118961334
18.046821000000012,0.03811633959412575,0.17811480164527893
18.046871000000014,0.037842944264411926,0.17833086848258972
18.046921000000015,0.037514761090278625,0.1785561591386795
18.046971000000013,0.037125363945961,0.17882847785949707
18.047021000000015,0.03668748959898949,0.17916464805603027
18.047071000000013,0.036228492856025696,0.17955276370048523
18.047121000000015,0.035780806094408035,0.17995277047157288
18.047171000000013,0.03537080064415932,0.18030697107315063
18.047221000000015,0.03501000255346298,0.18055501580238342
18.047271000000013,0.03469168022274971,0.1806507110595703
18.047321000000014,0.03439375385642052,0.1805732250213623
18.047371000000012,0.03408726304769516,0.18033172190189362
18.047421000000014,0.03374684602022171,0.1799597442150116
18.047471000000012,0.033360015600919724,0.17950394749641418
18.047521000000014,0.032931577414274216,0.17900966107845306
18.047571000000012,0.032482076436281204,0.1785091608762741
18.047621000000014,0.032040711492300034,0.17801494896411896
18.047671000000015,0.031635429710149765,0.17752087116241455
18.047721000000013,0.03128363937139511,0.1770092248916626
18.047771000000015,0.03098684921860695,0.17646095156669617
18.047821000000013,0.030730685219168663,0.17586469650268555
18.047871000000015,0.030490335077047348,0.17522260546684265
18.047921000000013,0.030239084735512733,0.17454931139945984
18.047971000000015,0.029956884682178497,0.17386679351329803
18.048021000000013,0.029635965824127197,0.1731961965560913
18.048071000000014,0.029281673952937126,0.17255006730556488
18.048121000000013,0.02890853025019169,0.1719285100698471
18.048171000000014,0.028533203527331352,0.17131932079792023
18.048221000000012,0.028167255222797394,0.17070318758487701
18.048271000000014,0.027812380343675613,0.17006029188632965
18.048321000000012,0.027459807693958282,0.16937704384326935
18.048371000000014,0.027093984186649323,0.16864915192127228
18.048421000000015,0.026699133217334747,0.16788139939308167
18.048471000000013,0.02626597322523594,0.1670834720134735
18.048521000000015,0.025796066969633102,0.16626419126987457
18.048571000000013,0.02530222199857235,0.16542674601078033
18.048621000000015,0.024804655462503433,0.16456718742847443
18.048671000000013,0.024324463680386543,0.16367638111114502
18.048721000000015,0.023876724764704704,0.1627446711063385
18.048771000000013,0.023465877398848534,0.16176828742027283
18.048821000000014,0.023084884509444237,0.160753071308136
18.048871000000013,0.022718578577041626,0.15971535444259644
18.048921000000014,0.022349771112203598,0.15867802500724792
18.048971000000012,0.02196592465043068,0.15766368806362152
18.049021000000014,0.021563787013292313,0.1566869467496872
18.049071000000012,0.02115047350525856,0.15574900805950165
18.049121000000014,0.020740514621138573,0.15483620762825012
18.049171000000012,0.02035018987953663,0.15392428636550903
18.049221000000014,0.0199911929666996,0.15298601984977722
18.049271000000015,0.019666124135255814,0.15200045704841614
18.049321000000013,0.019367432221770287,0.15096022188663483
18.049371000000015,0.01908012479543686,0.1498737782239914
18.049421000000013,0.018787236884236336,0.14876273274421692
18.049471000000015,0.01847582682967186,0.1476535052061081
18.049521000000013,0.018141355365514755,0.1465677171945572
18.049571000000014,0.017788633704185486,0.14551374316215515
18.049621000000013,0.01742921769618988,0.1444832980632782
18.049671000000014,0.017076147720217705,0.14345388114452362
18.049721000000012,0.016738269478082657,0.14239734411239624
18.049771000000014,0.016416354104876518,0.14129026234149933
18.049821000000012,0.01610252447426319,0.14012372493743896
18.049871000000014,0.015783369541168213,0.13890856504440308
18.049921000000012,0.01544541772454977,0.13767282664775848
18.049971000000014,0.015080955810844898,0.13645410537719727
18.050021000000015,0.0146916713565588,0.13528664410114288
18.050071000000013,0.01428872998803854,0.1341901421546936
18.050121000000015,0.013889044523239136,0.1331617534160614
18.050171000000013,0.013509071432054043,0.13217613101005554
18.050221000000015,0.013158534653484821,0.13119225203990936
18.050271000000013,0.012836530804634094,0.13016578555107117
18.050321000000014,0.012531810440123081,0.12906254827976227
18.050371000000013,0.012227131053805351,0.12786865234375
18.080021000000013,-0.005016454495489597,0.08563831448554993
18.08007100000001,-0.005011152476072311,0.08644326031208038
18.080121000000013,-0.004948262590914965,0.08720042556524277
18.08017100000001,-0.004830983001738787,0.08788935840129852
18.080221000000012,-0.0046805827878415585,0.0885082334280014
18.08027100000001,-0.004529717843979597,0.0890749841928482
18.080321000000012,-0.004411728121340275,0.08962167799472809
18.08037100000001,-0.004349674563854933,0.0901840552687645
18.080421000000012,-0.004348857328295708,0.09079009294509888
18.08047100000001,-0.004395400173962116,0.09145066887140274
18.08052100000001,-0.004461284726858139,0.09215674549341202
18.08057100000001,-0.004513934254646301,0.09288275986909866
18.08062100000001,-0.004526983480900526,0.09359582513570786
18.080671000000013,-0.004488497041165829,0.09426683932542801
18.08072100000001,-0.004403927829116583,0.0948801338672638
18.080771000000013,-0.004293011035770178,0.09543785452842712
18.08082100000001,-0.004181954078376293,0.09595801681280136
18.080871000000013,-0.0040938579477369785,0.09646715968847275
18.08092100000001,-0.004040748346596956,0.09699025005102158
18.080971000000012,-0.0040199714712798595,0.09754201024770737
18.08102100000001,-0.00401595002040267,0.09812230616807938
18.081071000000012,-0.004006456583738327,0.09871746599674225
18.08112100000001,-0.0039709508419036865,0.0993068516254425
18.081171000000012,-0.0038979926612228155,0.09987150132656097
18.08122100000001,-0.0037891597021371126,0.100401870906353
18.08127100000001,-0.0036583186592906713,0.10090156644582748
18.08132100000001,-0.0035267567727714777,0.1013856902718544
18.08137100000001,-0.0034160842187702656,0.10187423974275589
18.081421000000013,-0.003341482486575842,0.10238391906023026
18.08147100000001,-0.003307573264464736,0.10292106866836548
18.081521000000013,-0.0033080684952437878,0.10347908735275269
18.08157100000001,-0.003328999038785696,0.10404054820537567
18.081621000000013,-0.003354055806994438,0.10458427667617798
18.08167100000001,-0.0033699802588671446,0.10509350895881653
18.081721000000012,-0.00337017048150301,0.1055622547864914
18.08177100000001,-0.0033554176334291697,0.10599727928638458
18.081821000000012,-0.0033319485373795033,0.10641439259052277
18.08187100000001,-0.003307836828753352,0.10683099180459976
18.081921000000012,-0.0032893752213567495,0.10725745558738708
18.08197100000001,-0.003278810065239668,0.10769104957580566
18.08202100000001,-0.0032741588074713945,0.10811565071344376
18.08207100000001,-0.0032708942890167236,0.1085067018866539
18.08212100000001,-0.0032645221799612045,0.10884099453687668
18.082171000000013,-0.003252813359722495,0.10910632461309433
18.08222100000001,-0.0032366362866014242,0.10930830985307693
18.082271000000013,-0.003219046862795949,0.10947024077177048
18.08232100000001,-0.003203087719157338,0.1096264123916626
18.082371000000013,-0.0031892950646579266,0.10981043428182602
18.08242100000001,-0.0031741508282721043,0.11004296690225601
18.082471000000012,-0.0031502731144428253,0.11032351106405258
18.08252100000001,-0.003108491888269782,0.1106298491358757
18.082571000000012,-0.0030411488842219114,0.11092514544725418
18.08262100000001,-0.002945398446172476,0.11117137223482132
18.082671000000012,-0.002825230360031128,0.11134367436170578
18.08272100000001,-0.002691332483664155,0.1114402487874031
18.08277100000001,-0.0025586560368537903,0.11148423701524734
18.08282100000001,-0.002442434197291732,0.11151624470949173
18.08287100000001,-0.002353915711864829,0.11157923936843872
18.082921000000013,-0.0022972505539655685,0.11170223355293274
18.08297100000001,-0.0022685634903609753,0.11188719421625137
18.083021000000013,-0.0022574954200536013,0.11210544407367706
18.08307100000001,-0.002250648569315672,0.11230440437793732
18.083121000000013,-0.0022357457783073187,0.11242326349020004
18.08317100000001,-0.002205091528594494,0.11241225898265839
18.083221000000012,-0.0021572308614850044,0.11224900186061859
18.08327100000001,-0.00209634262137115,0.1119462251663208
18.083321000000012,-0.002029735827818513,0.11154815554618835
18.08337100000001,-0.001964437309652567,0.11111658066511154
18.083421000000012,-0.0019041275372728705,0.11071175336837769
18.08347100000001,-0.0018475393299013376,0.11037401109933853
18.08352100000001,-0.001788804423995316,0.11011296510696411
18.08357100000001,-0.001719590392895043,0.10990727692842484
18.08362100000001,-0.001632190658710897,0.10971488058567047
18.083671000000013,-0.0015224585076794028,0.1094895526766777
18.08372100000001,-0.0013915537856519222,0.1091981828212738
18.083771000000013,-0.00124593754298985,0.10883166640996933
18.08382100000001,-0.0010956769110634923,0.10840682685375214
18.083871000000013,-0.0009516930440440774,0.10795832425355911
18.08392100000001,-0.0008229287341237068,0.10752455145120621
18.083971000000012,-0.0007143724942579865,0.10713232308626175
18.08402100000001,-0.0006265217089094222,0.10678697377443314
18.084071000000012,-0.0005563264712691307,0.10647066682577133
18.08412100000001,-0.0004991324385628104,0.10614971816539764
18.084171000000012,-0.0004508100391831249,0.10578794032335281
18.08422100000001,-0.0004092477902304381,0.10536029934883118
18.08427100000001,-0.0003746793372556567,0.10486231744289398
18.08432100000001,-0.0003487801004666835,0.10431109368801117
18.08437100000001,-0.0003329685132484883,0.10373817384243011
18.084421000000013,-0.0003266448911745101,0.10317718237638474
18.08447100000001,-0.0003261589154135436,0.10265076905488968
18.084521000000013,-0.00032501391251571476,0.10216260701417923
18.08457100000001,-0.00031537405448034406,0.10169701278209686
18.084621000000013,-0.00029043297399766743,0.1012263149023056
18.08467100000001,-0.0002468604070600122,0.10072334110736847
18.084721000000012,-0.00018644085503183305,0.10017307102680206
18.08477100000001,-0.0001162555199698545,0.09958004206418991
18.084821000000012,-4.7211320634232834e-5,0.09896690398454666
18.08487100000001,8.73805311130127e-6,0.09836573153734207
18.084921000000012,4.186911610304378e-5,0.09780479967594147
18.08497100000001,4.746686317957938e-5,0.09729607403278351
18.085021000000012,2.72178713203175e-5,0.09682874381542206
18.08507100000001,-1.125143808167195e-5,0.09637108445167542
18.08512100000001,-5.6579814554424956e-5,0.09588097035884857
18.08517100000001,-9.695297194411978e-5,0.09532066434621811
18.08522100000001,-0.0001234537921845913,0.09467087686061859
18.085271000000013,-0.00013242186105344445,0.09393855929374695
18.08532100000001,-0.00012608771794475615,0.09315520524978638
18.085371000000013,-0.00011129009362775832,0.0923662856221199
18.08542100000001,-9.670138388173655e-5,0.09161502867937088
18.085471000000013,-8.948546746978536e-5,0.09092717617750168
18.08552100000001,-9.249688446288928e-5,0.09030167013406754
18.085571000000012,-0.00010297585686203092,0.08971097320318222
18.08562100000001,-0.00011319969053147361,0.08911161869764328
18.085671000000012,-0.00011292443377897143,0.08846014738082886
18.08572100000001,-9.283853432862088e-5,0.08772999048233032
18.085771000000012,-4.7913010348565876e-5,0.08692198991775513
18.08582100000001,2.0460302039282396e-5,0.0860653668642044
18.08587100000001,0.00010429229587316513,0.08520830422639847
18.08592100000001,0.0001908777776407078,0.08440157771110535
18.08597100000001,0.00026619562413543463,0.08368127793073654
18.086021000000013,0.0003187778638675809,0.08305617421865463
18.08607100000001,0.0003428552590776235,0.0825047567486763
18.086121000000013,0.0003398149274289608,0.08198274672031403
18.08617100000001,0.0003175563469994813,0.08143816888332367
18.086221000000013,0.0002880017855204642,0.08082854747772217
18.08627100000001,0.00026360733318142593,0.08013458549976349
18.086321000000012,0.00025400196318514645,0.07936500012874603
18.08637100000001,0.0002637919969856739,0.07855158299207687
