2e-06,8.60441264018501e-09,3.14831327964467e-09,0.000589843719261665
6e-06,1.45055661738488e-08,6.42293413109255e-09,0.00117968743852333
1e-05,1.54820081443706e-08,9.66643995785853e-09,0.001769531157785
1.4e-05,1.00949658694605e-08,1.26628732790911e-08,0.00235937487704666
1.8e-05,-2.04384075396872e-09,1.51952740249831e-08,0.00294921859630833
2.2e-05,-2.01518809458938e-08,1.71105070447865e-08,0.00353906231556999
2.6e-05,-4.23511415967437e-08,1.83765765011487e-08,0.00412890603483166
3e-05,-6.59864333906622e-08,1.91134867986959e-08,0.00471874975409332
3.4e-05,-8.82329838130028e-08,1.95746108639024e-08,0.00530859347335499
3.8e-05,-1.07038406296864e-07,2.00514681105367e-08,0.00589843719261665
4.2e-05,-1.224427173444e-07,2.06708034126078e-08,0.00648828091187832
4.6e-05,-1.38241379059157e-07,2.1059191625561e-08,0.00707812463113998
5e-05,-1.58875342104053e-07,2.05869065853815e-08,0.00766796835040165
5.4e-05,-1.83182164966826e-07,1.93027345091843e-08,0.00825781206966331
5.8e-05,-2.08960325225134e-07,1.7480992365506e-08,0.00884765578892498
6.2e-05,-2.36983165401111e-07,1.49655049327005e-08,0.00943749950818664
6.6e-05,-2.68277940229937e-07,1.15175334146126e-08,0.0100273432274483
7e-05,-3.02571235479882e-07,7.10958296968579e-09,0.01061718694671
7.4e-05,-3.39791478212283e-07,1.6772057998084e-09,0.0112070306659716
7.8e-05,-3.80079459929134e-07,-4.89896758025556e-09,0.0117968743852333
8.2e-05,-4.23288554521782e-07,-1.26953382407204e-08,0.012386718104495
8.6e-05,-4.69178328668586e-07,-2.1785396313158e-08,0.0129765618237566
9e-05,-5.17372019020429e-07,-3.2234911197716e-08,0.0135664055430183
9.4e-05,-5.67282503154643e-07,-4.4089359780409e-08,0.01415624926228
9.8e-05,-6.18092368378201e-07,-5.73753281430387e-08,0.0147460929815416
0.000102,-6.68698355690426e-07,-7.20947657124864e-08,0.0153359367008033
0.000106,-7.17661098882612e-07,-8.82222513741903e-08,0.015925780420065
0.00011,-7.63148579797076e-07,-1.05702690224144e-07,0.0165156241393266
0.000114,-8.02876934214854e-07,-1.24450654721105e-07,0.0171054678585883
0.000118,-8.34049975902583e-07,-1.44351911286024e-07,0.01769531157785
0.000122,-8.53299618115622e-07,-1.65267853188022e-07,0.0182851552971116
0.000126,-8.56630185845698e-07,-1.87043639378959e-07,0.0188749990163733
0.00013,-8.39370304112565e-07,-2.09520787039387e-07,0.019464842735635
0.000134,-7.96136818070844e-07,-2.32554967852229e-07,0.0200546864548966
0.000138,-7.20815945084678e-07,-2.56039640965332e-07,0.0206445301741583
0.000142,-6.06568184988394e-07,-2.79936266065198e-07,0.0212343738934199
0.000146,-4.45864966352172e-07,-3.04311527501963e-07,0.0218242176126816
0.00015,-2.30560880732843e-07,-3.29379769732062e-07,0.0224140613319433
0.000154,4.29120504352224e-08,-3.46206672867638e-07,0.0224140613319433
0.000158,3.61019264624992e-07,-3.63193069559531e-07,0.0224140613319433
0.000162,7.24425994541139e-07,-3.80732271103216e-07,0.0224140613319433
0.000166,1.13318770017696e-06,-3.99265923511705e-07,0.0224140613319433
0.00017,1.58671352360193e-06,-4.19274053383391e-07,0.0224140613319433
0.000174,2.08373908807114e-06,-4.41263744824382e-07,0.0224140613319433
0.000178,2.62230319193622e-06,-4.65755966992784e-07,0.0224140613319433
0.000182,3.19974664823453e-06,-4.93272215332924e-07,0.0224140613319433
0.000186,3.81271178678186e-06,-5.24318847955073e-07,0.0224140613319433
0.00019,4.45716088980492e-06,-5.59371994905215e-07,0.0224140613319433
0.000194,5.12840688198467e-06,-5.9886267845781e-07,0.0224140613319433
0.000198,5.82114988623785e-06,-6.43159587610665e-07,0.0224140613319433
0.000202,6.52953536455937e-06,-6.92556813426714e-07,0.0224140613319433
0.000206,7.24721504701431e-06,-7.47258013097554e-07,0.0224140613319433
0.00021,7.96742336314007e-06,-8.07364718942095e-07,0.0224140613319433
0.000214,8.68306351639283e-06,-8.72867087159042e-07,0.0224140613319433
0.000218,9.38679947061844e-06,-9.43632282126245e-07,0.0224140613319433
0.000222,1.00711588427685e-05,-1.01940201476863e-06,0.0224140613319433
0.000226,1.07286394283517e-05,-1.09978637802699e-06,0.0224140613319433
0.00023,1.13518205288272e-05,-1.18426394746543e-06,0.0224140613319433
0.000234,1.19334754171448e-05,-1.27218583645395e-06,0.0224140613319433
0.000238,1.24666875384913e-05,-1.36277794799405e-06,0.0224140613319433
0.000242,1.29449589501854e-05,-1.45515301416244e-06,0.0224140613319433
0.000246,1.33623209726741e-05,-1.54831993685461e-06,0.0224140613319433
0.00025,1.37134354047567e-05,-1.64119866709167e-06,0.0224140613319433
0.000254,1.39936842615935e-05,-1.73263841373113e-06,0.0224140613319433
0.000258,1.41992591277442e-05,-1.82143504561311e-06,0.0224140613319433
0.000262,1.43272238485993e-05,-1.90635401440169e-06,0.0224140613319433
0.000266,1.43755759202085e-05,-1.986152141195e-06,0.0224140613319433
0.00027,1.43432870825602e-05,-2.05960139714003e-06,0.0224140613319433
0.000274,1.42303223382701e-05,-2.1255128110478e-06,0.0224140613319433
0.000278,1.403765541798e-05,-2.18276078376817e-06,0.0224140613319433
0.000282,1.37672494652714e-05,-2.23030524195511e-06,0.0224140613319433
0.000286,1.34220344998998e-05,-2.26721419406583e-06,0.0224140613319433
0.00029,1.30058626670885e-05,-2.29268382365762e-06,0.0224140613319433
0.000294,1.25234431383151e-05,-2.30605449682198e-06,0.0224140613319433
0.000298,1.19802741816318e-05,-2.30682864320627e-06,0.0224140613319433
0.000302,1.13825488016591e-05,-2.29467943079346e-06,0.0224140613319433
0.000306,1.07370591400815e-05,-2.26946121366814e-06,0.0224140613319433
0.00031,1.00510884344331e-05,-2.23121481670521e-06,0.0224140613319433
0.000314,9.33229408009832e-06,-2.18016612505615e-06,0.0224140613319433
0.000318,8.58859088694316e-06,-2.11672802279047e-06,0.0224140613319433
0.000322,7.82802745941712e-06,-2.04149035951521e-06,0.0224140613319433
0.000326,7.05866500258791e-06,-1.95521266738685e-06,0.0224140613319433
0.00033,6.28845725202676e-06,-1.85881195416199e-06,0.0224140613319433
0.000334,5.52513643329765e-06,-1.75334421948187e-06,0.0224140613319433
0.000338,4.77610118854056e-06,-1.63998995662458e-06,0.0224140613319433
0.000342,4.04831820292358e-06,-1.52003022993722e-06,0.0224140613319433
0.000346,3.34822851296894e-06,-1.39482574776484e-06,0.0224140613319433
0.00035,2.68166511222192e-06,-1.26579345069117e-06,0.0224140613319433
0.000354,2.05378828556184e-06,-1.13438008400991e-06,0.0224140613319433
0.000358,1.46902287371121e-06,-1.00203910570306e-06,0.0224140613319433
0.000362,9.31021742204297e-07,-8.70204317481758e-07,0.0224140613319433
0.000366,4.42634698554862e-07,-7.40266134412097e-07,0.0224140613319433
0.00037,5.89252590023683e-09,-6.13548500804087e-07,0.0224140613319433
0.000374,-3.63390753879813e-07,-4.79943551257321e-07,0.0218242176126816
0.000378,-6.55865152330393e-07,-3.6093571711958e-07,0.0212343738934199
0.000382,-8.80322677476226e-07,-2.56424525226159e-07,0.0206445301741583
0.000386,-1.04542578131696e-06,-1.65960863937061e-07,0.0200546864548966
0.00039,-1.15950481411437e-06,-8.88269317210707e-08,0.019464842735635
0.000394,-1.23040243119706e-06,-2.41109702213467e-08,0.0188749990163733
0.000398,-1.26536680578907e-06,2.922671923236e-08,0.0182851552971116
0.000402,-1.27098524821971e-06,7.22971439006762e-08,0.01769531157785
0.000406,-1.25315114702623e-06,1.06235388914169e-07,0.0171054678585883
0.00041,-1.2170582519129e-06,1.3216260679466e-07,0.0165156241393266
0.000414,-1.16721654938923e-06,1.51156645664788e-07,0.015925780420065
0.000418,-1.10748447502343e-06,1.64230649173697e-07,0.0153359367008033
0.000422,-1.04111265812901e-06,1.72318591983806e-07,0.0147460929815416
0.000426,-9.70795161533505e-07,1.76266617696811e-07,0.01415624926228
0.00043,-8.98724847331773e-07,1.76829228033983e-07,0.0135664055430183
0.000434,-8.26650116199206e-07,1.74669293325174e-07,0.0129765618237566
0.000438,-7.5593093447228e-07,1.70360922185972e-07,0.012386718104495
0.000442,-6.87592628605651e-07,1.64394404085127e-07,0.0117968743852333
0.000446,-6.22376390806069e-07,1.57182549388195e-07,0.0112070306659716
0.00045,-5.60785381551476e-07,1.49068240551793e-07,0.01061718694671
0.000454,-5.03126109698858e-07,1.40332189520038e-07,0.0100273432274483
0.000458,-4.49545997926865e-07,1.3120011857953e-07,0.00943749950818664
0.000462,-4.0006519382075e-07,1.21850792967815e-07,0.00884765578892498
0.000466,-3.54604076849567e-07,1.12423028126756e-07,0.00825781206966331
0.00047,-3.13007566215277e-07,1.03021897173787e-07,0.00766796835040165
0.000474,-2.75063849795363e-07,9.37251666271543e-08,0.00707812463113998
0.000478,-2.40521291239517e-07,8.4588174604547e-08,0.00648828091187832
0.000482,-2.0910013994488e-07,7.5649131578238e-08,0.00589843719261665
0.000486,-1.80503726475496e-07,6.69328919103147e-08,0.00530859347335499
0.00049,-1.54426644117779e-07,5.84543909432888e-08,0.00471874975409332
0.000494,-1.30559991704528e-07,5.02220565200264e-08,0.00412890603483166
0.000498,-1.08595263152921e-07,4.22406834898004e-08,0.00353906231556999
0.000502,-8.82270433935988e-08,3.45138909519918e-08,0.00294921859630833
0.000506,-6.9154661195465e-08,2.70462753699803e-08,0.00235937487704666
0.00051,-5.10829549814567e-08,1.98453586739083e-08,0.001769531157785
0.000514,-3.37223126283169e-08,1.29234162575896e-08,0.00117968743852333
0.000518,-1.67881504425253e-08,6.29925538692521e-09,0.000589843719261665
0.000522,0,0,0
0.000526,0,0,-0.000580966472650704
0.00053,0,0,-0.00116193294530141
0.000534,0,0,-0.00174289941795211
0.000538,0,0,-0.00232386589060282
0.000542,0,0,-0.00290483236325352
0.000546,0,0,-0.00348579883590422
0.00055,0,0,-0.00406676530855493
0.000554,0,0,-0.00464773178120563
0.000558,0,0,-0.00522869825385634
0.000562,0,0,-0.00580966472650704
0.000566,0,0,-0.00639063119915774
0.00057,0,0,-0.00697159767180845
0.000574,0,0,-0.00755256414445915
0.000578,0,0,-0.00813353061710986
0.000582,0,0,-0.00871449708976056
0.000586,0,0,-0.00929546356241126
0.00059,0,0,-0.00987643003506197
0.000594,0,0,-0.0104573965077127
0.000598,0,0,-0.0110383629803634
0.000602,0,0,-0.0116193294530141
0.000606,0,0,-0.0122002959256648
0.00061,0,0,-0.0127812623983155
0.000614,0,0,-0.0133622288709662
0.000618,0,0,-0.0139431953436169
0.000622,0,0,-0.0145241618162676
0.000626,0,0,-0.0151051282889183
0.00063,0,0,-0.015686094761569
0.000634,0,0,-0.0162670612342197
0.000638,0,0,-0.0168480277068704
0.000642,0,0,-0.0174289941795211
0.000646,0,0,-0.0180099606521718
0.00065,0,0,-0.0185909271248225
0.000654,0,0,-0.0191718935974732
0.000658,0,0,-0.0197528600701239
0.000662,0,0,-0.0203338265427746
0.000666,0,0,-0.0209147930154253
0.00067,0,0,-0.0214957594880761
0.000674,0,0,-0.0220767259607268
0.000678,0,0,-0.0226576924333775
0.000682,0,0,-0.0226576924333775
0.000686,0,0,-0.0226576924333775
0.00069,0,0,-0.0226576924333775
0.000694,0,0,-0.0226576924333775
0.000698,0,0,-0.0226576924333775
0.000702,0,0,-0.0226576924333775
0.000706,0,0,-0.0226576924333775
0.00071,0,0,-0.0226576924333775
0.000714,0,0,-0.0226576924333775
0.000718,0,0,-0.0226576924333775
0.000722,0,0,-0.0226576924333775
0.000726,0,0,-0.0226576924333775
0.00073,0,0,-0.0226576924333775
0.000734,0,0,-0.0226576924333775
0.000738,0,0,-0.0226576924333775
0.000742,0,0,-0.0226576924333775
0.000746,0,0,-0.0226576924333775
0.00075,0,0,-0.0226576924333775
0.000754,0,0,-0.0226576924333775
0.000758,0,0,-0.0226576924333775
0.000762,0,0,-0.0226576924333775
0.000766,0,0,-0.0226576924333775
0.00077,0,0,-0.0226576924333775
0.000774,0,0,-0.0226576924333775
0.000778,0,0,-0.0226576924333775
0.000782,0,0,-0.0226576924333775
0.000786,0,0,-0.0226576924333775
0.00079,0,0,-0.0226576924333775
0.000794,0,0,-0.0226576924333775
0.000798,0,0,-0.0226576924333775
0.000802,0,0,-0.0226576924333775
0.000806,0,0,-0.0226576924333775
0.00081,0,0,-0.0226576924333775
0.000814,0,0,-0.0226576924333775
0.000818,0,0,-0.0226576924333775
0.000822,0,0,-0.0226576924333775
0.000826,0,0,-0.0226576924333775
0.00083,0,0,-0.0226576924333775
0.000834,0,0,-0.0226576924333775
0.000838,0,0,-0.0226576924333775
0.000842,0,0,-0.0226576924333775
0.000846,0,0,-0.0226576924333775
0.00085,0,0,-0.0226576924333775
0.000854,0,0,-0.0226576924333775
0.000858,0,0,-0.0226576924333775
0.000862,0,0,-0.0226576924333775
0.000866,0,0,-0.0226576924333775
0.00087,0,0,-0.0226576924333775
0.000874,0,0,-0.0226576924333775
0.000878,0,0,-0.0226576924333775
0.000882,0,0,-0.0226576924333775
0.000886,0,0,-0.0226576924333775
0.00089,0,0,-0.0226576924333775
0.000894,0,0,-0.0220767259607268
0.000898,0,0,-0.0214957594880761
0.000902,0,0,-0.0209147930154253
0.000906,0,0,-0.0203338265427746
0.00091,0,0,-0.0197528600701239
0.000914,0,0,-0.0191718935974732
0.000918,0,0,-0.0185909271248225
0.000922,0,0,-0.0180099606521718
0.000926,0,0,-0.0174289941795211
0.00093,0,0,-0.0168480277068704
0.000934,0,0,-0.0162670612342197
0.000938,0,0,-0.015686094761569
0.000942,0,0,-0.0151051282889183
0.000946,0,0,-0.0145241618162676
0.00095,0,0,-0.0139431953436169
0.000954,0,0,-0.0133622288709662
0.000958,0,0,-0.0127812623983155
0.000962,0,0,-0.0122002959256648
0.000966,0,0,-0.0116193294530141
0.00097,0,0,-0.0110383629803634
0.000974,0,0,-0.0104573965077127
0.000978,0,0,-0.00987643003506197
0.000982,0,0,-0.00929546356241126
0.000986,0,0,-0.00871449708976056
0.00099,0,0,-0.00813353061710986
0.000994,0,0,-0.00755256414445915
0.000998,0,0,-0.00697159767180845
0.001002,0,0,-0.00639063119915774
0.001006,0,0,-0.00580966472650704
0.00101,0,0,-0.00522869825385634
0.001014,0,0,-0.00464773178120563
0.001018,0,0,-0.00406676530855493
0.001022,0,0,-0.00348579883590422
0.001026,0,0,-0.00290483236325352
0.00103,0,0,-0.00232386589060282
0.001034,0,0,-0.00174289941795211
0.001038,0,0,-0.00116193294530141
0.001042,0,0,-0.000580966472650704
0.001046,0,0,-0
0.00105,1.92234401099787e-08,-2.62335040986523e-09,0.000589843719261665
0.001054,3.23763122251064e-08,-3.38709760558313e-09,0.00117968743852333
0.001058,3.42289473365041e-08,-1.32113730014769e-09,0.001769531157785
0.001062,2.13234290119859e-08,3.93882997409443e-09,0.00235937487704666
0.001066,-7.37310483589842e-09,1.21238569021761e-08,0.00294921859630833
0.00107,-5.01507567926773e-08,2.24106450141468e-08,0.00353906231556999
0.001074,-1.02694701989649e-07,3.36018481662433e-08,0.00412890603483166
0.001078,-1.58799110055846e-07,4.43928343650197e-08,0.00471874975409332
0.001082,-2.11777841355217e-07,5.36998920189868e-08,0.00530859347335499
0.001086,-2.56692251325047e-07,6.10147748108197e-08,0.00589843719261665
0.00109,-2.93515602603439e-07,6.67403772068981e-08,0.00648828091187832
0.001094,-3.31168370014869e-07,7.24290565719824e-08,0.00707812463113998
0.001098,-3.8020129383099e-07,7.94513226379485e-08,0.00766796835040165
0.001102,-4.37823939480166e-07,8.73463102559053e-08,0.00825781206966331
0.001106,-4.98697988376729e-07,9.55508002376334e-08,0.00884765578892498
0.00111,-5.64587164916203e-07,1.04323465502432e-07,0.00943749950818664
0.001114,-6.37873645596208e-07,1.13886228468951e-07,0.0100273432274483
0.001118,-7.1779732878044e-07,1.24148950010918e-07,0.01061718694671
0.001122,-8.04071430239653e-07,1.3504534095154e-07,0.0112070306659716
0.001126,-8.9692004001134e-07,1.46491599155132e-07,0.0117968743852333
0.00113,-9.95872367657948e-07,1.5830438165319e-07,0.012386718104495
0.001134,-1.10024057299301e-06,1.7022589002926e-07,0.0129765618237566
0.001138,-1.20902864741567e-06,1.81912969727954e-07,0.0135664055430183
0.001142,-1.32076753027173e-06,1.92932471517363e-07,0.01415624926228
0.001146,-1.43348660318224e-06,2.02766742333571e-07,0.0147460929815416
0.00115,-1.54460178475857e-06,2.10825561488786e-07,0.0153359367008033
0.001154,-1.65082017216246e-06,2.16468129625265e-07,0.015925780420065
0.001158,-1.74803183860781e-06,2.19035569555266e-07,0.0165156241393266
0.001162,-1.83119591534833e-06,2.17895236184107e-07,0.0171054678585883
0.001166,-1.8942214165256e-06,2.12493942258393e-07,0.01769531157785
0.00117,-1.9298421721588e-06,2.02370983698919e-07,0.0182851552971116
0.001174,-1.92949334547107e-06,1.86728207281319e-07,0.0188749990163733
0.001178,-1.88326207144208e-06,1.6428588512935e-07,0.019464842735635
0.001182,-1.77986899120967e-06,1.33380236607668e-07,0.0200546864548966
0.001186,-1.60667659015722e-06,9.18480684535679e-08,0.0206445301741583
0.00119,-1.34975820844733e-06,3.69150802072138e-08,0.0212343738934199
0.001194,-9.94043888702336e-07,-3.49246861708856e-08,0.0218242176126816
0.001198,-5.23549718716639e-07,-1.28018948316428e-07,0.0224140613319433
0.001202,6.79350720215203e-08,-2.39686092086671e-07,0.0224140613319433
0.001206,7.48637212427967e-07,-3.72058365789379e-07,0.0224140613319433
0.00121,1.51841262112742e-06,-5.27209261504037e-07,0.0224140613319433
0.001214,2.37573255680108e-06,-7.07024168474325e-07,0.0224140613319433
0.001218,3.31762653365246e-06,-9.13097360047026e-07,0.0224140613319433
0.001222,4.33975214343858e-06,-1.14642474776345e-06,0.0224140613319433
0.001226,5.43656529080648e-06,-1.4071256676417e-06,0.0224140613319433
0.00123,6.60124979346357e-06,-1.69482965071053e-06,0.0224140613319433
0.001234,7.82573601896521e-06,-2.00871468178396e-06,0.0224140613319433
0.001238,9.10077192689102e-06,-2.34750733901741e-06,0.0224140613319433
0.001242,1.04160146023023e-05,-2.70948827013271e-06,0.0224140613319433
0.001246,1.17601320186197e-05,-3.09249580138581e-06,0.0224140613319433
0.00125,1.31209373272344e-05,-3.49394997703762e-06,0.0224140613319433
0.001254,1.44855292391818e-05,-3.91086889312422e-06,0.0224140613319433
0.001258,1.58404550016011e-05,-4.3398987053608e-06,0.0224140613319433
0.001262,1.71718871192663e-05,-4.77735012880548e-06,0.0224140613319433
0.001266,1.84658086648914e-05,-5.21923107146472e-06,0.0224140613319433
0.00127,1.97081023775949e-05,-5.66129568525897e-06,0.0224140613319433
0.001274,2.08847427120731e-05,-6.09904395886448e-06,0.0224140613319433
0.001278,2.19821050160904e-05,-6.52775368054584e-06,0.0224140613319433
0.001282,2.29871898894098e-05,-6.94255056580385e-06,0.0224140613319433
0.001286,2.38878521512125e-05,-7.33848005719523e-06,0.0224140613319433
0.00129,2.46730049683932e-05,-7.71059544936266e-06,0.0224140613319433
0.001294,2.53328295396684e-05,-8.05404403801995e-06,0.0224140613319433
0.001298,2.58589583840767e-05,-8.36415958303999e-06,0.0224140613319433
0.001302,2.62446289870248e-05,-8.63655487150357e-06,0.0224140613319433
0.001306,2.64848325979012e-05,-8.8672129687975e-06,0.0224140613319433
0.00131,2.65763991676255e-05,-9.05257163179824e-06,0.0224140613319433
0.001314,2.65180811508287e-05,-9.18960675897031e-06,0.0224140613319433
0.001318,2.63106190634617e-05,-9.27591759909703e-06,0.0224140613319433
0.001322,2.59566957818939e-05,-9.30976758097823e-06,0.0224140613319433
0.001326,2.54608774106978e-05,-9.29011932297655e-06,0.0224140613319433
0.00133,2.48295087078624e-05,-9.21665088884997e-06,0.0224140613319433
0.001334,2.40705990210625e-05,-9.08976934170639e-06,0.0224140613319433
0.001338,2.31936682937242e-05,-8.91060486778504e-06,0.0224140613319433
0.001342,2.2209561366219e-05,-8.68098477868017e-06,0.0224140613319433
0.001346,2.11302581706993e-05,-8.40340940539743e-06,0.0224140613319433
0.00135,1.99686515670536e-05,-8.0809970380142e-06,0.0224140613319433
0.001354,1.87383278515619e-05,-7.71743295249238e-06,0.0224140613319433
0.001358,1.74533390248294e-05,-7.31690456270624e-06,0.0224140613319433
0.001362,1.6127972740188e-05,-6.88402355988097e-06,0.0224140613319433
0.001366,1.47765252022117e-05,-6.42375891638299e-06,0.0224140613319433
0.00137,1.34131008865795e-05,-5.94134924352488e-06,0.0224140613319433
0.001374,1.20514142389385e-05,-5.44222187739565e-06,0.0224140613319433
0.001378,1.07046045197394e-05,-4.93190751543551e-06,0.0224140613319433
0.001382,9.38507453546314e-06,-4.41595125659359e-06,0.0224140613319433
0.001386,8.10433382495839e-06,-3.89983281770441e-06,0.0224140613319433
0.00139,6.87287941446267e-06,-3.3888823414706e-06,0.0224140613319433
0.001394,5.70008417564491e-06,-2.88820462462405e-06,0.0224140613319433
0.001398,4.59410865688373e-06,-2.40260711288661e-06,0.0224140613319433
0.001402,3.56184616129672e-06,-1.93653426038158e-06,0.0224140613319433
0.001406,2.60886794670205e-06,-1.49400802107401e-06,0.0224140613319433
0.00141,1.73941469981833e-06,-1.07857728209108e-06,0.0224140613319433
0.001414,9.5639263498635e-07,-6.93274804239652e-07,0.0224140613319433
0.001418,2.61391048266102e-07,-3.40585785528898e-07,0.0224140613319433
0.001422,-3.28961101362332e-07,-2.57372204243978e-08,0.0218242176126816
0.001426,-7.95258747457162e-07,2.32517109394275e-07,0.0212343738934199
0.00143,-1.15303479285775e-06,4.39118875733024e-07,0.0206445301741583
0.001434,-1.41715565143343e-06,5.99354513832205e-07,0.0200546864548966
0.001438,-1.60157136704251e-06,7.18639899324095e-07,0.019464842735635
0.001442,-1.71914065886811e-06,8.02339437817027e-07,0.0188749990163733
0.001446,-1.78152891110734e-06,8.55624981658525e-07,0.0182851552971116
0.00145,-1.79916390016357e-06,8.83370282849312e-07,0.01769531157785
0.001454,-1.78123702710425e-06,8.900766492987e-07,0.0171054678585883
0.001458,-1.73573997961968e-06,8.79825919766667e-07,0.0165156241393266
0.001462,-1.66952767357533e-06,8.56256511748497e-07,0.015925780420065
0.001466,-1.58839938042339e-06,8.22558618648396e-07,0.0153359367008033
0.00147,-1.49719111275813e-06,7.81484344014061e-07,0.0147460929815416
0.001474,-1.39987372961729e-06,7.35368879200777e-07,0.01415624926228
0.001478,-1.29965223917299e-06,6.86159625167422e-07,0.0135664055430183
0.001482,-1.19906286835593e-06,6.35450374267634e-07,0.0129765618237566
0.001486,-1.10006549903463e-06,5.84518160357256e-07,0.012386718104495
0.00149,-1.00412983519874e-06,5.34360955215606e-07,0.0117968743852333
0.001494,-9.12314314034833e-07,4.85734807043607e-07,0.0112070306659716
0.001498,-8.25336326293834e-07,4.39189642322185e-07,0.01061718694671
0.001502,-7.4363419848414e-07,3.95102298778018e-07,0.0100273432274483
0.001506,-6.67423005548509e-07,3.53706340170395e-07,0.00943749950818664
0.00151,-5.96740290799301e-07,3.15119563095975e-07,0.00884765578892498
0.001514,-5.31485498869357e-07,2.79367559657238e-07,0.00825781206966331
0.001518,-4.71454629810852e-07,2.46404318808569e-07,0.00766796835040165
0.001522,-4.16365918567341e-07,2.16129969767464e-07,0.00707812463113998
0.001526,-3.65883571612126e-07,1.88405401971365e-07,0.00648828091187832
0.00153,-3.19633125504401e-07,1.6306458649276e-07,0.00589843719261665
0.001534,-2.77216891148887e-07,1.3992458934664e-07,0.00530859347335499
0.001538,-2.38224953767633e-07,1.18793510478672e-07,0.00471874975409332
0.001542,-2.02241660168988e-07,9.9476831352128e-08,0.00412890603483166
0.001546,-1.688503585045e-07,8.17823617968405e-08,0.00353906231556999
0.00155,-1.37636565823001e-07,6.55240335048806e-08,0.00294921859630833
0.001554,-1.0818972575357e-07,5.05247719171084e-08,0.00235937487704666
0.001558,-8.01037330374573e-08,3.66186608522524e-08,0.001769531157785
0.001562,-5.2976415122337e-08,2.36525962374462e-08,0.00117968743852333
0.001566,-2.64081736107819e-08,1.14876067391782e-08,0.000589843719261665
0.00157,0,0,0
0.001574,0,0,-0.000580966472650704
0.001578,0,0,-0.00116193294530141
0.001582,0,0,-0.00174289941795211
0.001586,0,0,-0.00232386589060282
0.00159,0,0,-0.00290483236325352
0.001594,0,0,-0.00348579883590422
0.001598,0,0,-0.00406676530855493
0.001602,0,0,-0.00464773178120563
0.001606,0,0,-0.00522869825385634
0.00161,0,0,-0.00580966472650704
0.001614,0,0,-0.00639063119915774
0.001618,0,0,-0.00697159767180845
0.001622,0,0,-0.00755256414445915
0.001626,0,0,-0.00813353061710986
0.00163,0,0,-0.00871449708976056
0.001634,0,0,-0.00929546356241126
0.001638,0,0,-0.00987643003506197
0.001642,0,0,-0.0104573965077127
0.001646,0,0,-0.0110383629803634
0.00165,0,0,-0.0116193294530141
0.001654,0,0,-0.0122002959256648
0.001658,0,0,-0.0127812623983155
0.001662,0,0,-0.0133622288709662
0.001666,0,0,-0.0139431953436169
0.00167,0,0,-0.0145241618162676
0.001674,0,0,-0.0151051282889183
0.001678,0,0,-0.015686094761569
0.001682,0,0,-0.0162670612342197
0.001686,0,0,-0.0168480277068704
0.00169,0,0,-0.0174289941795211
0.001694,0,0,-0.0180099606521718
0.001698,0,0,-0.0185909271248225
0.001702,0,0,-0.0191718935974732
0.001706,0,0,-0.0197528600701239
0.00171,0,0,-0.0203338265427746
0.001714,0,0,-0.0209147930154253
0.001718,0,0,-0.0214957594880761
0.001722,0,0,-0.0220767259607268
0.001726,0,0,-0.0226576924333775
0.00173,0,0,-0.0226576924333775
0.001734,0,0,-0.0226576924333775
0.001738,0,0,-0.0226576924333775
0.001742,0,0,-0.0226576924333775
0.001746,0,0,-0.0226576924333775
0.00175,0,0,-0.0226576924333775
0.001754,0,0,-0.0226576924333775
0.001758,0,0,-0.0226576924333775
0.001762,0,0,-0.0226576924333775
0.001766,0,0,-0.0226576924333775
0.00177,0,0,-0.0226576924333775
0.001774,0,0,-0.0226576924333775
0.001778,0,0,-0.0226576924333775
0.001782,0,0,-0.0226576924333775
0.001786,0,0,-0.0226576924333775
0.00179,0,0,-0.0226576924333775
0.001794,0,0,-0.0226576924333775
0.001798,0,0,-0.0226576924333775
0.001802,0,0,-0.0226576924333775
0.001806,0,0,-0.0226576924333775
0.00181,0,0,-0.0226576924333775
0.001814,0,0,-0.0226576924333775
0.001818,0,0,-0.0226576924333775
0.001822,0,0,-0.0226576924333775
0.001826,0,0,-0.0226576924333775
0.00183,0,0,-0.0226576924333775
0.001834,0,0,-0.0226576924333775
0.001838,0,0,-0.0226576924333775
0.001842,0,0,-0.0226576924333775
0.001846,0,0,-0.0226576924333775
0.00185,0,0,-0.0226576924333775
0.001854,0,0,-0.0226576924333775
0.001858,0,0,-0.0226576924333775
0.001862,0,0,-0.0226576924333775
0.001866,0,0,-0.0226576924333775
0.00187,0,0,-0.0226576924333775
0.001874,0,0,-0.0226576924333775
0.001878,0,0,-0.0226576924333775
0.001882,0,0,-0.0226576924333775
0.001886,0,0,-0.0226576924333775
0.00189,0,0,-0.0226576924333775
0.001894,0,0,-0.0226576924333775
0.001898,0,0,-0.0226576924333775
0.001902,0,0,-0.0226576924333775
0.001906,0,0,-0.0226576924333775
0.00191,0,0,-0.0226576924333775
0.001914,0,0,-0.0226576924333775
0.001918,0,0,-0.0226576924333775
0.001922,0,0,-0.0226576924333775
0.001926,0,0,-0.0226576924333775
0.00193,0,0,-0.0226576924333775
0.001934,0,0,-0.0226576924333775
0.001938,0,0,-0.0226576924333775
0.001942,0,0,-0.0220767259607268
0.001946,0,0,-0.0214957594880761
0.00195,0,0,-0.0209147930154253
0.001954,0,0,-0.0203338265427746
0.001958,0,0,-0.0197528600701239
0.001962,0,0,-0.0191718935974732
0.001966,0,0,-0.0185909271248225
0.00197,0,0,-0.0180099606521718
0.001974,0,0,-0.0174289941795211
0.001978,0,0,-0.0168480277068704
0.001982,0,0,-0.0162670612342197
0.001986,0,0,-0.015686094761569
0.00199,0,0,-0.0151051282889183
0.001994,0,0,-0.0145241618162676
0.001998,0,0,-0.0139431953436169
0.002002,0,0,-0.0133622288709662
0.002006,0,0,-0.0127812623983155
0.00201,0,0,-0.0122002959256648
0.002014,0,0,-0.0116193294530141
0.002018,0,0,-0.0110383629803634
0.002022,0,0,-0.0104573965077127
0.002026,0,0,-0.00987643003506197
0.00203,0,0,-0.00929546356241126
0.002034,0,0,-0.00871449708976056
0.002038,0,0,-0.00813353061710986
0.002042,0,0,-0.00755256414445915
0.002046,0,0,-0.00697159767180845
0.00205,0,0,-0.00639063119915774
0.002054,0,0,-0.00580966472650704
0.002058,0,0,-0.00522869825385634
0.002062,0,0,-0.00464773178120563
0.002066,0,0,-0.00406676530855493
0.00207,0,0,-0.00348579883590422
0.002074,0,0,-0.00290483236325352
0.002078,0,0,-0.00232386589060282
0.002082,0,0,-0.00174289941795211
0.002086,0,0,-0.00116193294530141
0.00209,0,0,-0.000580966472650704
0.002094,0,0,-0
0.002098,1.2015711736612e-08,-7.86115184072149e-09,0.000589843719261665
0.002102,2.00941583946997e-08,-1.31833532672041e-08,0.00117968743852333
0.002106,2.06855344023184e-08,-1.42106809928733e-08,0.001769531157785
0.00211,1.14052863978133e-08,-9.98342534121977e-09,0.00235937487704666
0.002114,-8.49681436100041e-09,-4.90389403696663e-10,0.00294921859630833
0.002118,-3.78899782099206e-08,1.33236535042264e-08,0.00353906231556999
0.002122,-7.3826223157696e-08,2.97159177172843e-08,0.00412890603483166
0.002126,-1.12005324668487e-07,4.64823949691147e-08,0.00471874975409332
0.00213,-1.47733615489853e-07,6.14796062969635e-08,0.00530859347335499
0.002134,-1.77471139509828e-07,7.33300430333542e-08,0.00589843719261665
0.002138,-2.01063091982519e-07,8.23025156108095e-08,0.00648828091187832
0.002142,-2.2462372552107e-07,9.12972856673018e-08,0.00707812463113998
0.002146,-2.55496207364802e-07,1.0341358524363e-07,0.00766796835040165
0.00215,-2.91721363708084e-07,1.17750202586808e-07,0.00825781206966331
0.002154,-3.29529513884771e-07,1.32831924090336e-07,0.00884765578892498
0.002158,-3.70163604339158e-07,1.49223931598377e-07,0.00943749950818664
0.002162,-4.15350861429779e-07,1.67612315334471e-07,0.0100273432274483
0.002166,-4.64632202095812e-07,1.87855789222819e-07,0.01061718694671
0.00217,-5.1792054674157e-07,2.09961232482292e-07,0.0112070306659716
0.002174,-5.75536933976812e-07,2.34067074407676e-07,0.0117968743852333
0.002178,-6.37345975174817e-07,2.6014515631448e-07,0.012386718104495
0.002182,-7.03087456163352e-07,2.8811568916995e-07,0.0129765618237566
0.002186,-7.72296570781799e-07,3.17818624148319e-07,0.0135664055430183
0.00219,-8.44161351625754e-07,3.48969119903711e-07,0.01415624926228
0.002194,-9.17470272351024e-07,3.81141093512292e-07,0.0147460929815416
0.002198,-9.9049308646691e-07,4.13731043117739e-07,0.0153359367008033
0.002202,-1.06087068037153e-06,4.45924257225914e-07,0.015925780420065
0.002206,-1.12549981189905e-06,4.76658273739239e-07,0.0165156241393266
0.00221,-1.1804283608233e-06,5.04586845577038e-07,0.0171054678585883
0.002214,-1.22078107070745e-06,5.28048011103593e-07,0.01769531157785
0.002218,-1.24079538257042e-06,5.45045536264845e-07,0.0182851552971116
0.002222,-1.23436506939933e-06,5.53265878702675e-07,0.0188749990163733
0.002226,-1.1950748495627e-06,5.50029981116458e-07,0.019464842735635
0.00223,-1.11603003128228e-06,5.32242142917723e-07,0.0200546864548966
0.002234,-9.90000984895112e-07,4.96375941766144e-07,0.0206445301741583
0.002238,-8.09582825591891e-07,4.384702250999e-07,0.0212343738934199
0.002242,-5.67387212133428e-07,3.5413972723616e-07,0.0218242176126816
0.002246,-2.56236434674233e-07,2.38598671729223e-07,0.0224140613319433
0.00225,1.21999250150416e-07,8.66660766689978e-08,0.0224140613319433
0.002254,5.46026001715159e-07,-9.12477920937851e-08,0.0224140613319433
0.002258,1.01356190569663e-06,-2.95463061349328e-07,0.0224140613319433
0.002262,1.52209144808884e-06,-5.26051443507279e-07,0.0224140613319433
0.002266,2.06905995740122e-06,-7.8286453254419e-07,0.0224140613319433
0.00227,2.65173982335283e-06,-1.06544370046069e-06,0.0224140613319433
0.002274,3.26657182157947e-06,-1.37278506841926e-06,0.0224140613319433
0.002278,3.90930856125433e-06,-1.70343634543197e-06,0.0224140613319433
0.002282,4.57506264732832e-06,-2.05550658418157e-06,0.0224140613319433
0.002286,5.25832476369599e-06,-2.4266664517687e-06,0.0224140613319433
0.00229,5.9529927080226e-06,-2.81415517875797e-06,0.0224140613319433
0.002294,6.65241026700494e-06,-3.21478847334634e-06,0.0224140613319433
0.002298,7.34942744994016e-06,-3.62498534070089e-06,0.0224140613319433
0.002302,8.03647119513586e-06,-4.04079320334852e-06,0.0224140613319433
0.002306,8.70563517451847e-06,-4.45792792788243e-06,0.0224140613319433
0.00231,9.34878574327573e-06,-4.87182379865898e-06,0.0224140613319433
0.002314,9.9577039885845e-06,-5.27769278490172e-06,0.0224140613319433
0.002318,1.05248504475889e-05,-5.67080452096022e-06,0.0224140613319433
0.002322,1.10436818638443e-05,-6.04662162868954e-06,0.0224140613319433
0.002326,1.15082951629903e-05,-6.4007242218212e-06,0.0224140613319433
0.00233,1.19134950737862e-05,-6.72887562626993e-06,0.0224140613319433
0.002334,1.22548842288646e-05,-7.02709471827226e-06,0.0224140613319433
0.002338,1.25289216822149e-05,-7.29172345880173e-06,0.0224140613319433
0.002342,1.27329779966198e-05,-7.51949088361048e-06,0.0224140613319433
0.002346,1.28653646319791e-05,-7.70756907059049e-06,0.0224140613319433
0.00235,1.29253407211049e-05,-7.85361905649636e-06,0.0224140613319433
0.002354,1.2913114156849e-05,-7.95583350303221e-06,0.0224140613319433
0.002358,1.28298070462563e-05,-8.01296050265936e-06,0.0224140613319433
0.002362,1.26773752348998e-05,-8.02430872508002e-06,0.0224140613319433
0.002366,1.24583056678627e-05,-7.98966070564411e-06,0.0224140613319433
0.00237,1.21757083849807e-05,-7.90932279816041e-06,0.0224140613319433
0.002374,1.18334127375673e-05,-7.7841804092e-06,0.0224140613319433
0.002378,1.14358917639373e-05,-7.61567700881659e-06,0.0224140613319433
0.002382,1.09881888387066e-05,-7.40579453359361e-06,0.0224140613319433
0.002386,1.04958327220438e-05,-7.15702080854484e-06,0.0224140613319433
0.00239,9.96474508031303e-06,-6.87230499848392e-06,0.0224140613319433
0.002394,9.40114704299206e-06,-6.55501492555913e-06,0.0224140613319433
0.002398,8.81146023410571e-06,-6.20887682073369e-06,0.0224140613319433
0.002402,8.20220866940175e-06,-5.8379180725412e-06,0.0224140613319433
0.002406,7.57992082992969e-06,-5.44640286812451e-06,0.0224140613319433
0.00241,6.95105261672339e-06,-5.0387695958838e-06,0.0224140613319433
0.002414,6.32191856738417e-06,-4.61957693848894e-06,0.0224140613319433
0.002418,5.69855603601968e-06,-4.19340824679406e-06,0.0224140613319433
0.002422,5.08663530428365e-06,-3.76479875309894e-06,0.0224140613319433
0.002426,4.49139138356335e-06,-3.33816880850455e-06,0.0224140613319433
0.00243,3.91757086853883e-06,-2.91776052739781e-06,0.0224140613319433
0.002434,3.36937978507849e-06,-2.50757922147293e-06,0.0224140613319433
0.002438,2.85045381300279e-06,-2.11134092401638e-06,0.0224140613319433
0.002442,2.36383153493219e-06,-1.7324252995937e-06,0.0224140613319433
0.002446,1.91194029421349e-06,-1.37383538194923e-06,0.0224140613319433
0.00245,1.49659864789677e-06,-1.03816722287032e-06,0.0224140613319433
0.002454,1.11901848715303e-06,-7.27582589903237e-07,0.0224140613319433
0.002458,7.79827370157333e-07,-4.43794850966435e-07,0.0224140613319433
0.002462,4.79094954966301e-07,-1.88060423029252e-07,0.0224140613319433
0.002466,2.16368995351923e-07,3.8820582552993e-08,0.0224140613319433
0.00247,-6.40620242467353e-09,2.27921313447841e-07,0.0218242176126816
0.002474,-1.80291194403034e-07,3.75896404454811e-07,0.0212343738934199
0.002478,-3.12324216640406e-07,4.87617798550157e-07,0.0206445301741583
0.002482,-4.08988743383438e-07,5.67880017769218e-07,0.0200546864548966
0.002486,-4.76161553924962e-07,6.21282186978839e-07,0.019464842735635
0.00249,-5.1909025613467e-07,6.52138376853977e-07,0.0188749990163733
0.002494,-5.42396383204205e-07,6.64417213945856e-07,0.0182851552971116
0.002498,-5.50097014884126e-07,6.61705597347187e-07,0.01769531157785
0.002502,-5.45639536834157e-07,6.47192089135921e-07,0.0171054678585883
0.002506,-5.31945224347288e-07,6.23666255760437e-07,0.0165156241393266
0.00251,-5.11458099212509e-07,5.9353045456091e-07,0.015925780420065
0.002514,-4.86195928267414e-07,5.58820786730546e-07,0.0153359367008033
0.002518,-4.57801082731181e-07,5.21234310971279e-07,0.0147460929815416
0.002522,-4.27589802935446e-07,4.82160232130578e-07,0.01415624926228
0.002526,-3.96598541092897e-07,4.42713037568552e-07,0.0135664055430183
0.00253,-3.6562662655054e-07,4.03765982994478e-07,0.0129765618237566
0.002534,-3.3527488075816e-07,3.65983731226752e-07,0.012386718104495
0.002538,-3.05980027988525e-07,3.29853308668731e-07,0.0117968743852333
0.002542,-2.78044946313796e-07,2.9571282098989e-07,0.0112070306659716
0.002546,-2.51664430422359e-07,2.6377748415071e-07,0.01061718694671
0.00255,-2.26947226368852e-07,2.34162700586427e-07,0.0100273432274483
0.002554,-2.03935498240779e-07,2.06904541878165e-07,0.00943749950818664
0.002558,-1.82619774590006e-07,1.81977222892889e-07,0.00884765578892498
0.002562,-1.62951720320223e-07,1.59307881461057e-07,0.00825781206966331
0.002566,-1.4485516026778e-07,1.38789334836942e-07,0.00766796835040165
0.00257,-1.28233567975106e-07,1.20290070980523e-07,0.00707812463113998
0.002574,-1.12977291086233e-07,1.03662817622069e-07,0.00648828091187832
0.002578,-9.89674981655994e-08,8.8750731914058e-08,0.00589843719261665
0.002582,-8.60806207624057e-08,7.53928780352148e-08,0.00530859347335499
0.002586,-7.41912888346392e-08,6.34282012901967e-08,0.00471874975409332
0.00259,-6.31736386223296e-08,5.26981677336938e-08,0.00412890603483166
0.002594,-5.29021795043819e-08,4.30486712252657e-08,0.00353906231556999
0.002598,-4.32522485102358e-08,3.43313221999553e-08,0.00294921859630833
0.002602,-3.41000762446925e-08,2.64042236717191e-08,0.00235937487704666
0.002606,-2.5322495556252e-08,1.91323359729666e-08,0.001769531157785
0.00261,-1.67963316249081e-08,1.23875273799047e-08,0.00117968743852333
0.002614,-8.39751925289692e-09,6.04840308862263e-09,0.000589843719261665
0.002618,0,0,0
0.002622,0,0,-0.000580966472650704
0.002626,0,0,-0.00116193294530141
0.00263,0,0,-0.00174289941795211
0.002634,0,0,-0.00232386589060282
0.002638,0,0,-0.00290483236325352
0.002642,0,0,-0.00348579883590422
0.002646,0,0,-0.00406676530855493
0.00265,0,0,-0.00464773178120563
0.002654,0,0,-0.00522869825385634
0.002658,0,0,-0.00580966472650704
0.002662,0,0,-0.00639063119915774
0.002666,0,0,-0.00697159767180845
0.00267,0,0,-0.00755256414445915
0.002674,0,0,-0.00813353061710986
0.002678,0,0,-0.00871449708976056
0.002682,0,0,-0.00929546356241126
0.002686,0,0,-0.00987643003506197
0.00269,0,0,-0.0104573965077127
0.002694,0,0,-0.0110383629803634
0.002698,0,0,-0.0116193294530141
0.002702,0,0,-0.0122002959256648
0.002706,0,0,-0.0127812623983155
0.00271,0,0,-0.0133622288709662
0.002714,0,0,-0.0139431953436169
0.002718,0,0,-0.0145241618162676
0.002722,0,0,-0.0151051282889183
0.002726,0,0,-0.015686094761569
0.00273,0,0,-0.0162670612342197
0.002734,0,0,-0.0168480277068704
0.002738,0,0,-0.0174289941795211
0.002742,0,0,-0.0180099606521718
0.002746,0,0,-0.0185909271248225
0.00275,0,0,-0.0191718935974732
0.002754,0,0,-0.0197528600701239
0.002758,0,0,-0.0203338265427746
0.002762,0,0,-0.0209147930154253
0.002766,0,0,-0.0214957594880761
0.00277,0,0,-0.0220767259607268
0.002774,0,0,-0.0226576924333775
0.002778,0,0,-0.0226576924333775
0.002782,0,0,-0.0226576924333775
0.002786,0,0,-0.0226576924333775
0.00279,0,0,-0.0226576924333775
0.002794,0,0,-0.0226576924333775
0.002798,0,0,-0.0226576924333775
0.002802,0,0,-0.0226576924333775
0.002806,0,0,-0.0226576924333775
0.00281,0,0,-0.0226576924333775
0.002814,0,0,-0.0226576924333775
0.002818,0,0,-0.0226576924333775
0.002822,0,0,-0.0226576924333775
0.002826,0,0,-0.0226576924333775
0.00283,0,0,-0.0226576924333775
0.002834,0,0,-0.0226576924333775
0.002838,0,0,-0.0226576924333775
0.002842,0,0,-0.0226576924333775
0.002846,0,0,-0.0226576924333775
0.00285,0,0,-0.0226576924333775
0.002854,0,0,-0.0226576924333775
0.002858,0,0,-0.0226576924333775
0.002862,0,0,-0.0226576924333775
0.002866,0,0,-0.0226576924333775
0.00287,0,0,-0.0226576924333775
0.002874,0,0,-0.0226576924333775
0.002878,0,0,-0.0226576924333775
0.002882,0,0,-0.0226576924333775
0.002886,0,0,-0.0226576924333775
0.00289,0,0,-0.0226576924333775
0.002894,0,0,-0.0226576924333775
0.002898,0,0,-0.0226576924333775
0.002902,0,0,-0.0226576924333775
0.002906,0,0,-0.0226576924333775
0.00291,0,0,-0.0226576924333775
0.002914,0,0,-0.0226576924333775
0.002918,0,0,-0.0226576924333775
0.002922,0,0,-0.0226576924333775
0.002926,0,0,-0.0226576924333775
0.00293,0,0,-0.0226576924333775
0.002934,0,0,-0.0226576924333775
0.002938,0,0,-0.0226576924333775
0.002942,0,0,-0.0226576924333775
0.002946,0,0,-0.0226576924333775
0.00295,0,0,-0.0226576924333775
0.002954,0,0,-0.0226576924333775
0.002958,0,0,-0.0226576924333775
0.002962,0,0,-0.0226576924333775
0.002966,0,0,-0.0226576924333775
0.00297,0,0,-0.0226576924333775
0.002974,0,0,-0.0226576924333775
0.002978,0,0,-0.0226576924333775
0.002982,0,0,-0.0226576924333775
0.002986,0,0,-0.0226576924333775
0.00299,0,0,-0.0220767259607268
0.002994,0,0,-0.0214957594880761
0.002998,0,0,-0.0209147930154253
0.003002,0,0,-0.0203338265427746
0.003006,0,0,-0.0197528600701239
0.00301,0,0,-0.0191718935974732
0.003014,0,0,-0.0185909271248225
0.003018,0,0,-0.0180099606521718
0.003022,0,0,-0.0174289941795211
0.003026,0,0,-0.0168480277068704
0.00303,0,0,-0.0162670612342197
0.003034,0,0,-0.015686094761569
0.003038,0,0,-0.0151051282889183
0.003042,0,0,-0.0145241618162676
0.003046,0,0,-0.0139431953436169
0.00305,0,0,-0.0133622288709662
0.003054,0,0,-0.0127812623983155
0.003058,0,0,-0.0122002959256648
0.003062,0,0,-0.0116193294530141
0.003066,0,0,-0.0110383629803634
0.00307,0,0,-0.0104573965077127
0.003074,0,0,-0.00987643003506197
0.003078,0,0,-0.00929546356241126
0.003082,0,0,-0.00871449708976056
0.003086,0,0,-0.00813353061710986
0.00309,0,0,-0.00755256414445915
0.003094,0,0,-0.00697159767180845
0.003098,0,0,-0.00639063119915774
0.003102,0,0,-0.00580966472650704
0.003106,0,0,-0.00522869825385634
0.00311,0,0,-0.00464773178120563
0.003114,0,0,-0.00406676530855493
0.003118,0,0,-0.00348579883590422
0.003122,0,0,-0.00290483236325352
0.003126,0,0,-0.00232386589060282
0.00313,0,0,-0.00174289941795211
0.003134,0,0,-0.00116193294530141
0.003138,0,0,-0.000580966472650704
0.003142,0,0,-0
0.003146,4.49988511613055e-10,-1.16203329702536e-09,0.000589843719261665
0.00315,8.7622774718923e-10,-2.54078992927162e-09,0.00117968743852333
0.003154,1.24584905255163e-09,-4.33031512501774e-09,0.001769531157785
0.003158,1.54532683243107e-09,-6.66182122937822e-09,0.00235937487704666
0.003162,1.78064514462183e-09,-9.58071579414143e-09,0.00294921859630833
0.003166,1.97424886529655e-09,-1.30356073215532e-08,0.00353906231556999
0.00317,2.15914010201859e-09,-1.6883506866782e-08,0.00412890603483166
0.003174,2.37083453269746e-09,-2.09154496244059e-08,0.00471874975409332
0.003178,2.63824717247292e-09,-2.49067495472739e-08,0.00530859347335499
0.003182,2.97493210932707e-09,-2.86960719340732e-08,0.00589843719261665
0.003186,3.37245539493848e-09,-3.2297463755377e-08,0.00648828091187832
0.00319,3.79857630111737e-09,-3.60427995212123e-08,0.00707812463113998
0.003194,4.2337980141211e-09,-4.03146850212961e-08,0.00766796835040165
0.003198,4.70722471271599e-09,-4.5004092533706e-08,0.00825781206966331
0.003202,5.25158161705299e-09,-4.98952080970272e-08,0.00884765578892498
0.003206,5.88506562382856e-09,-5.50077171404408e-08,0.00943749950818664
0.00321,6.63137428044335e-09,-6.03583901842355e-08,0.0100273432274483
0.003214,7.52274699813115e-09,-6.58213181558468e-08,0.01061718694671
0.003218,8.59201126849183e-09,-7.1254335664898e-08,0.0112070306659716
0.003222,9.8720657636479e-09,-7.64971360342551e-08,0.0117968743852333
0.003226,1.13938749977075e-08,-8.13281385351415e-08,0.012386718104495
0.00323,1.31823267279432e-08,-8.5484511715732e-08,0.0129765618237566
0.003234,1.52514951276058e-08,-8.86653124826714e-08,0.0135664055430183
0.003238,1.75981957878671e-08,-9.0537381947438e-08,0.01415624926228
0.003242,2.0193955950621e-08,-9.07516737703768e-08,0.0147460929815416
0.003246,2.29751120471182e-08,-8.89622083249224e-08,0.0153359367008033
0.00325,2.58310631027627e-08,-8.48505731181474e-08,0.015925780420065
0.003254,2.85907688565262e-08,-7.8152961171603e-08,0.0165156241393266
0.003258,3.10077033459387e-08,-6.868715863222e-08,0.0171054678585883
0.003262,3.27443169670818e-08,-5.63723888209978e-08,0.01769531157785
0.003266,3.33628435622089e-08,-4.12001482238198e-08,0.0182851552971116
0.00327,3.23645079742977e-08,-2.28993220069836e-08,0.0188749990163733
0.003274,2.91768725252289e-08,-8.93958583190922e-10,0.019464842735635
0.003278,2.31181134363515e-08,2.5584901544355e-08,0.0200546864548966
0.003282,1.3391502897293e-08,5.75536056294045e-08,0.0206445301741583
0.003286,-9.18709801301869e-10,9.63167165526949e-08,0.0212343738934199
0.00329,-2.0847051616893e-08,1.43501588723328e-07,0.0218242176126816
0.003294,-4.75433707868588e-08,2.01071758435883e-07,0.0224140613319433
0.003298,-7.97297747877477e-08,2.63463569227092e-07,0.0224140613319433
0.003302,-1.180480429493e-07,3.34833162410734e-07,0.0224140613319433
0.003306,-1.62824425160321e-07,4.15946109930555e-07,0.0224140613319433
0.00331,-2.14343880556701e-07,5.07295161210573e-07,0.0224140613319433
0.003314,-2.72855246092712e-07,6.09013343767725e-07,0.0224140613319433
0.003318,-3.38560989674033e-07,7.20855730382017e-07,0.0224140613319433
0.003322,-4.11565291215934e-07,8.4237356527714e-07,0.0224140613319433
0.003326,-4.91856914646758e-07,9.72982459145892e-07,0.0224140613319433
0.00333,-5.79298016594566e-07,1.11197508193524e-06,0.0224140613319433
0.003334,-6.73614073616688e-07,1.25853990383021e-06,0.0224140613319433
0.003338,-7.74386034494984e-07,1.41178075348567e-06,0.0224140613319433
0.003342,-8.8104399074385e-07,1.57073547421567e-06,0.0224140613319433
0.003346,-9.92865584087443e-07,1.73439513275887e-06,0.0224140613319433
0.00335,-1.10897612318805e-06,1.90172043076158e-06,0.0224140613319433
0.003354,-1.22835329405902e-06,2.07165645439203e-06,0.0224140613319433
0.003358,-1.3498358456509e-06,2.24314438882231e-06,0.0224140613319433
0.003362,-1.47213696756512e-06,2.41512308456763e-06,0.0224140613319433
0.003366,-1.59391747932421e-06,2.58632651470071e-06,0.0224140613319433
0.00337,-1.71382619649407e-06,2.75522388675702e-06,0.0224140613319433
0.003374,-1.83048317945185e-06,2.92018554824479e-06,0.0224140613319433
0.003378,-1.9424996369544e-06,3.07951288401587e-06,0.0224140613319433
0.003382,-2.04850159364787e-06,3.2314618243622e-06,0.0224140613319433
0.003386,-2.14715225905885e-06,3.37427060796027e-06,0.0224140613319433
0.00339,-2.23717555186159e-06,3.50618887779844e-06,0.0224140613319433
0.003394,-2.31737803890419e-06,3.62550900455377e-06,0.0224140613319433
0.003398,-2.38666892305932e-06,3.73059817306036e-06,0.0224140613319433
0.003402,-2.4440806038269e-06,3.81993124713221e-06,0.0224140613319433
0.003406,-2.48878397201157e-06,3.89212207284713e-06,0.0224140613319433
0.00341,-2.52009943550513e-06,3.94596921102826e-06,0.0224140613319433
0.003414,-2.53748172814324e-06,3.98056663148611e-06,0.0224140613319433
0.003418,-2.54054396756904e-06,3.99527170447945e-06,0.0224140613319433
0.003422,-2.52908348644276e-06,3.98967006036874e-06,0.0224140613319433
0.003426,-2.50308558638137e-06,3.96358362180385e-06,0.0224140613319433
0.00343,-2.46272700597305e-06,3.91707689882637e-06,0.0224140613319433
0.003434,-2.40837489336033e-06,3.85045834083112e-06,0.0224140613319433
0.003438,-2.34058147317436e-06,3.76427642814331e-06,0.0224140613319433
0.003442,-2.26007752419696e-06,3.65931540268496e-06,0.0224140613319433
0.003446,-2.16776011513866e-06,3.53658284940907e-06,0.0224140613319433
0.00345,-2.06467907940882e-06,3.39729700037749e-06,0.0224140613319433
0.003454,-1.95202005960078e-06,3.2428695928567e-06,0.0224140613319433
0.003458,-1.83108682461796e-06,3.07487894466229e-06,0.0224140613319433
0.003462,-1.70328322102905e-06,2.89504119563834e-06,0.0224140613319433
0.003466,-1.57008314305798e-06,2.70520163041743e-06,0.0224140613319433
0.00347,-1.4330046950567e-06,2.50731176740493e-06,0.0224140613319433
0.003474,-1.29358508877705e-06,2.30340009976775e-06,0.0224140613319433
0.003478,-1.15335619427561e-06,2.09554066737918e-06,0.0224140613319433
0.003482,-1.01381918064412e-06,1.88582235021731e-06,0.0224140613319433
0.003486,-8.76421959116853e-07,1.67631666175816e-06,0.0224140613319433
0.00349,-7.42536609465173e-07,1.46904672421812e-06,0.0224140613319433
0.003494,-6.13438813488896e-07,1.2659569707917e-06,0.0224140613319433
0.003498,-4.90290998829151e-07,1.06888486649263e-06,0.0224140613319433
0.003502,-3.74125118172523e-07,8.79533862959685e-07,0.0224140613319433
0.003506,-2.65831398720416e-07,6.99450274585602e-07,0.0224140613319433
0.00351,-1.66148225869763e-07,5.30001566553405e-07,0.0224140613319433
0.003514,-7.56552136953018e-08,3.7235852851537e-07,0.0224140613319433
0.003518,4.08567828044177e-09,2.23269669918052e-07,0.0218242176126816
0.003522,6.88754002582959e-08,9.7321645305808e-08,0.0212343738934199
0.003526,1.20298275760644e-07,-7.27262344398758e-09,0.0206445301741583
0.00353,1.59934449317326e-07,-9.24485266143678e-08,0.0200546864548966
0.003534,1.89319100252629e-07,-1.60212399937424e-07,0.019464842735635
0.003538,2.09910580221119e-07,-2.12575369347295e-07,0.0188749990163733
0.003542,2.23068060474782e-07,-2.51500432036975e-07,0.0182851552971116
0.003546,2.3003700910708e-07,-2.78861556425184e-07,0.01769531157785
0.00355,2.31941134080131e-07,-2.96413546849418e-07,0.0171054678585883
0.003554,2.29779658326292e-07,-3.05771513908672e-07,0.0165156241393266
0.003558,2.24428858215471e-07,-3.08398608359384e-07,0.015925780420065
0.003562,2.16646787118188e-07,-3.05600809537367e-07,0.0153359367008033
0.003566,2.07080267705594e-07,-2.9852738640468e-07,0.0147460929815416
0.00357,1.96273473671186e-07,-2.88175658079884e-07,0.01415624926228
0.003574,1.8467740788436e-07,-2.75399018908896e-07,0.0135664055430183
0.003578,1.72659753189902e-07,-2.60917219647691e-07,0.0129765618237566
0.003582,1.60514704690186e-07,-2.45328052031141e-07,0.012386718104495
0.003586,1.48472494948044e-07,-2.2911976088257e-07,0.0117968743852333
0.00359,1.36708411462636e-07,-2.12683645624267e-07,0.0112070306659716
0.003594,1.25351026996198e-07,-1.96326467385446e-07,0.01061718694671
0.003598,1.14489636627779e-07,-1.80282170864162e-07,0.0100273432274483
0.003602,1.04181179763145e-07,-1.64722798430722e-07,0.00943749950818664
0.003606,9.44559712750992e-08,-1.49768591972544e-07,0.00884765578892498
0.00361,8.53227602594713e-08,-1.35496908347295e-07,0.00825781206966331
0.003614,7.67733378345999e-08,-1.21950245254746e-07,0.00766796835040165
0.003618,6.87859400619172e-08,-1.09143136643974e-07,0.00707812463113998
0.003622,6.1328554242022e-08,-9.70681472898294e-08,0.00648828091187832
0.003626,5.43610214887315e-08,-8.5700825444723e-08,0.00589843719261665
0.00363,4.78373105954542e-08,-7.50040277040332e-08,0.00530859347335499
0.003634,4.17071716393379e-08,-6.49314220190304e-08,0.00471874975409332
0.003638,3.59171253905813e-08,-5.543026952458e-08,0.00412890603483166
0.003642,3.0411229143372e-08,-4.64436768117162e-08,0.00353906231556999
0.003646,2.51316309055275e-08,-3.79123922357309e-08,0.00294921859630833
0.00365,2.00189244680858e-08,-2.97762163744023e-08,0.00235937487704666
0.003654,1.50123230441981e-08,-2.19750942380761e-08,0.001769531157785
0.003658,1.00496741899269e-08,-1.44499540862688e-08,0.00117968743852333
0.003662,5.06734358986667e-09,-7.14335472989665e-09,0.000589843719261665
0.003666,0,0,0
0.00367,0,0,-0.000580966472650704
0.003674,0,0,-0.00116193294530141
0.003678,0,0,-0.00174289941795211
0.003682,0,0,-0.00232386589060282
0.003686,0,0,-0.00290483236325352
0.00369,0,0,-0.00348579883590422
0.003694,0,0,-0.00406676530855493
0.003698,0,0,-0.00464773178120563
0.003702,0,0,-0.00522869825385634
0.003706,0,0,-0.00580966472650704
0.00371,0,0,-0.00639063119915774
0.003714,0,0,-0.00697159767180845
0.003718,0,0,-0.00755256414445915
0.003722,0,0,-0.00813353061710986
0.003726,0,0,-0.00871449708976056
0.00373,0,0,-0.00929546356241126
0.003734,0,0,-0.00987643003506197
0.003738,0,0,-0.0104573965077127
0.003742,0,0,-0.0110383629803634
0.003746,0,0,-0.0116193294530141
0.00375,0,0,-0.0122002959256648
0.003754,0,0,-0.0127812623983155
0.003758,0,0,-0.0133622288709662
0.003762,0,0,-0.0139431953436169
0.003766,0,0,-0.0145241618162676
0.00377,0,0,-0.0151051282889183
0.003774,0,0,-0.015686094761569
0.003778,0,0,-0.0162670612342197
0.003782,0,0,-0.0168480277068704
0.003786,0,0,-0.0174289941795211
0.00379,0,0,-0.0180099606521718
0.003794,0,0,-0.0185909271248225
0.003798,0,0,-0.0191718935974732
0.003802,0,0,-0.0197528600701239
0.003806,0,0,-0.0203338265427746
0.00381,0,0,-0.0209147930154253
0.003814,0,0,-0.0214957594880761
0.003818,0,0,-0.0220767259607268
0.003822,0,0,-0.0226576924333775
0.003826,0,0,-0.0226576924333775
0.00383,0,0,-0.0226576924333775
0.003834,0,0,-0.0226576924333775
0.003838,0,0,-0.0226576924333775
0.003842,0,0,-0.0226576924333775
0.003846,0,0,-0.0226576924333775
0.00385,0,0,-0.0226576924333775
0.003854,0,0,-0.0226576924333775
0.003858,0,0,-0.0226576924333775
0.003862,0,0,-0.0226576924333775
0.003866,0,0,-0.0226576924333775
0.00387,0,0,-0.0226576924333775
0.003874,0,0,-0.0226576924333775
0.003878,0,0,-0.0226576924333775
0.003882,0,0,-0.0226576924333775
0.003886,0,0,-0.0226576924333775
0.00389,0,0,-0.0226576924333775
0.003894,0,0,-0.0226576924333775
0.003898,0,0,-0.0226576924333775
0.003902,0,0,-0.0226576924333775
0.003906,0,0,-0.0226576924333775
0.00391,0,0,-0.0226576924333775
0.003914,0,0,-0.0226576924333775
0.003918,0,0,-0.0226576924333775
0.003922,0,0,-0.0226576924333775
0.003926,0,0,-0.0226576924333775
0.00393,0,0,-0.0226576924333775
0.003934,0,0,-0.0226576924333775
0.003938,0,0,-0.0226576924333775
0.003942,0,0,-0.0226576924333775
0.003946,0,0,-0.0226576924333775
0.00395,0,0,-0.0226576924333775
0.003954,0,0,-0.0226576924333775
0.003958,0,0,-0.0226576924333775
0.003962,0,0,-0.0226576924333775
0.003966,0,0,-0.0226576924333775
0.00397,0,0,-0.0226576924333775
0.003974,0,0,-0.0226576924333775
0.003978,0,0,-0.0226576924333775
0.003982,0,0,-0.0226576924333775
0.003986,0,0,-0.0226576924333775
0.00399,0,0,-0.0226576924333775
0.003994,0,0,-0.0226576924333775
0.003998,0,0,-0.0226576924333775
0.004002,0,0,-0.0226576924333775
0.004006,0,0,-0.0226576924333775
0.00401,0,0,-0.0226576924333775
0.004014,0,0,-0.0226576924333775
0.004018,0,0,-0.0226576924333775
0.004022,0,0,-0.0226576924333775
0.004026,0,0,-0.0226576924333775
0.00403,0,0,-0.0226576924333775
0.004034,0,0,-0.0226576924333775
0.004038,0,0,-0.0220767259607268
0.004042,0,0,-0.0214957594880761
0.004046,0,0,-0.0209147930154253
0.00405,0,0,-0.0203338265427746
0.004054,0,0,-0.0197528600701239
0.004058,0,0,-0.0191718935974732
0.004062,0,0,-0.0185909271248225
0.004066,0,0,-0.0180099606521718
0.00407,0,0,-0.0174289941795211
0.004074,0,0,-0.0168480277068704
0.004078,0,0,-0.0162670612342197
0.004082,0,0,-0.015686094761569
0.004086,0,0,-0.0151051282889183
0.00409,0,0,-0.0145241618162676
0.004094,0,0,-0.0139431953436169
0.004098,0,0,-0.0133622288709662
0.004102,0,0,-0.0127812623983155
0.004106,0,0,-0.0122002959256648
0.00411,0,0,-0.0116193294530141
0.004114,0,0,-0.0110383629803634
0.004118,0,0,-0.0104573965077127
0.004122,0,0,-0.00987643003506197
0.004126,0,0,-0.00929546356241126
0.00413,0,0,-0.00871449708976056
0.004134,0,0,-0.00813353061710986
0.004138,0,0,-0.00755256414445915
0.004142,0,0,-0.00697159767180845
0.004146,0,0,-0.00639063119915774
0.00415,0,0,-0.00580966472650704
0.004154,0,0,-0.00522869825385634
0.004158,0,0,-0.00464773178120563
0.004162,0,0,-0.00406676530855493
0.004166,0,0,-0.00348579883590422
0.00417,0,0,-0.00290483236325352
0.004174,0,0,-0.00232386589060282
0.004178,0,0,-0.00174289941795211
0.004182,0,0,-0.00116193294530141
0.004186,0,0,-0.000580966472650704
0.00419,0,0,-0
0.004194,-1.48662803573162e-09,3.76305479446829e-09,0.000589843719261665
0.004198,-2.47292797087347e-09,6.11315273717613e-09,0.00117968743852333
0.004202,-2.41678996091669e-09,5.91216858248349e-09,0.001769531157785
0.004206,-9.17075914192138e-10,2.45385151070547e-09,0.00235937487704666
0.00421,2.19680769003075e-09,-4.4050004792821e-09,0.00294921859630833
0.004214,6.80371694694205e-09,-1.41941660284013e-08,0.00353906231556999
0.004218,1.24764530119016e-08,-2.58830390495249e-08,0.00412890603483166
0.004222,1.85348541211674e-08,-3.8058347887183e-08,0.00471874975409332
0.004226,2.41888085965205e-08,-4.92463763985749e-08,0.00530859347335499
0.00423,2.87956123711056e-08,-5.83979645510502e-08,0.00589843719261665
0.004234,3.22579379573991e-08,-6.55529267530789e-08,0.00648828091187832
0.004238,3.5568122884339e-08,-7.26596847282399e-08,0.00707812463113998
0.004242,4.00012927329583e-08,-8.19606505770638e-08,0.00766796835040165
0.004246,4.52538147487858e-08,-9.28443509546785e-08,0.00825781206966331
0.00425,5.06842772664443e-08,-1.04196070615992e-07,0.00884765578892498
0.004254,5.65430055121218e-08,-1.16409061407673e-07,0.00943749950818664
0.004258,6.31947072598649e-08,-1.30001120272346e-07,0.0100273432274483
0.004262,7.06233577565032e-08,-1.44844992547027e-07,0.01061718694671
0.004266,7.88927247535733e-08,-1.60920071160585e-07,0.0112070306659716
0.00427,8.81571864587065e-08,-1.78313642117545e-07,0.0117968743852333
0.004274,9.84948703139272e-08,-1.9697249581965e-07,0.012386718104495
0.004278,1.09962917930678e-07,-2.1679563787672e-07,0.0129765618237566
0.004282,1.22573309229054e-07,-2.37609312898424e-07,0.0135664055430183
0.004286,1.36252250674109e-07,-2.5912570718722e-07,0.01415624926228
0.00429,1.5081408711134e-07,-2.8092697050662e-07,0.0147460929815416
0.004294,1.65919790675765e-07,-3.02431748962298e-07,0.0153359367008033
0.004298,1.81036525188659e-07,-3.22865237898781e-07,0.015925780420065
0.004302,1.95398365909398e-07,-3.41229227996346e-07,0.0165156241393266
0.004306,2.07975368857424e-07,-3.56276873797835e-07,0.0171054678585883
0.00431,2.17462142281126e-07,-3.6649803556384e-07,0.01769531157785
0.004314,2.22328962977585e-07,-3.70132336577509e-07,0.0182851552971116
0.004318,2.2113813677825e-07,-3.65267948691258e-07,0.0188749990163733
0.004322,2.12555372499759e-07,-3.49822226493713e-07,0.019464842735635
0.004326,1.95248991007219e-07,-3.21498596748357e-07,0.0200546864548966
0.00433,1.67952607252585e-07,-2.77808203036447e-07,0.0206445301741583
0.004334,1.29520301321417e-07,-2.16096758684531e-07,0.0212343738934199
0.004338,7.89800971268716e-08,-1.33579742743081e-07,0.0218242176126816
0.004342,1.55695276997751e-08,-2.7379278787409e-08,0.0224140613319433
0.004346,-5.86735841825632e-08,1.00924954602425e-07,0.0224140613319433
0.00435,-1.39946095178743e-07,2.46247075825692e-07,0.0224140613319433
0.004354,-2.27505614227322e-07,4.08332341227157e-07,0.0224140613319433
0.004358,-3.2079669829257e-07,5.86851618892259e-07,0.0224140613319433
0.004362,-4.19549604158924e-07,7.81453721583204e-07,0.0224140613319433
0.004366,-5.23654673418724e-07,9.91660905647199e-07,0.0224140613319433
0.00437,-6.32731413072961e-07,1.21657791461968e-06,0.0224140613319433
0.004374,-7.4624002229679e-07,1.45501199364872e-06,0.0224140613319433
0.004378,-8.63498000833527e-07,1.70549240100545e-06,0.0224140613319433
0.004382,-9.8366702576944e-07,1.9662702982988e-06,0.0224140613319433
0.004386,-1.10574281647945e-06,2.23532290593261e-06,0.0224140613319433
0.00439,-1.22854949792596e-06,2.51036032895409e-06,0.0224140613319433
0.004394,-1.35074111105866e-06,2.78884327058152e-06,0.0224140613319433
0.004398,-1.4708088197286e-06,3.0680026414471e-06,0.0224140613319433
0.004402,-1.58709584455279e-06,3.34486841981781e-06,0.0224140613319433
0.004406,-1.69781996181245e-06,3.616305564342e-06,0.0224140613319433
0.00441,-1.80111485316274e-06,3.87906171953686e-06,0.0224140613319433
0.004414,-1.89541760437972e-06,4.13005707506571e-06,0.0224140613319433
0.004418,-1.97959267570097e-06,4.36649823082397e-06,0.0224140613319433
0.004422,-2.05268443410453e-06,4.58574298124106e-06,0.0224140613319433
0.004426,-2.11391647686923e-06,4.78533166061107e-06,0.0224140613319433
0.00443,-2.16270447344364e-06,4.96302730432299e-06,0.0224140613319433
0.004434,-2.19865994101531e-06,5.1168486994356e-06,0.0224140613319433
0.004438,-2.2215933086556e-06,5.24510191337661e-06,0.0224140613319433
0.004442,-2.23151045166652e-06,5.34640490617521e-06,0.0224140613319433
0.004446,-2.2286041702182e-06,5.41970518624941e-06,0.0224140613319433
0.00445,-2.21324466397101e-06,5.46429586972494e-06,0.0224140613319433
0.004454,-2.1859627791761e-06,5.47981950238066e-06,0.0224140613319433
0.004458,-2.14741006471953e-06,5.4662539337154e-06,0.0224140613319433
0.004462,-2.098208286964e-06,5.42380892990819e-06,0.0224140613319433
0.004466,-2.03901617857632e-06,5.35297517596043e-06,0.0224140613319433
0.00447,-1.97059829107381e-06,5.25457722128523e-06,0.0224140613319433
0.004474,-1.89381102271688e-06,5.12975705499784e-06,0.0224140613319433
0.004478,-1.80958989817767e-06,4.97995870618277e-06,0.0224140613319433
0.004482,-1.71893527782271e-06,4.80690612190438e-06,0.0224140613319433
0.004486,-1.62289736167677e-06,4.61257517599194e-06,0.0224140613319433
0.00449,-1.5225601576181e-06,4.39916570547008e-06,0.0224140613319433
0.004494,-1.41902595928458e-06,4.1690657438667e-06,0.0224140613319433
0.004498,-1.31339897179331e-06,3.92481630911064e-06,0.0224140613319433
0.004502,-1.206769273953e-06,3.66907288916185e-06,0.0224140613319433
0.004506,-1.10020710023264e-06,3.40457246440099e-06,0.0224140613319433
0.00451,-9.94760527019444e-07,3.13410613561329e-06,0.0224140613319433
0.004514,-8.91413769097974e-07,2.86045398119579e-06,0.0224140613319433
0.004518,-7.9106810683797e-07,2.58634009781828e-06,0.0224140613319433
0.004522,-6.94531452592736e-07,2.31439429807015e-06,0.0224140613319433
0.004526,-6.02511637730094e-07,2.0471171365131e-06,0.0224140613319433
0.00453,-5.15608940907738e-07,1.78684657564653e-06,0.0224140613319433
0.004534,-4.34314204977305e-07,1.53573038164274e-06,0.0224140613319433
0.004538,-3.59006826031551e-07,1.29570092546647e-06,0.0224140613319433
0.004542,-2.89955343611666e-07,1.06845458150212e-06,0.0224140613319433
0.004546,-2.27321419545117e-07,8.55437645415329e-07,0.0224140613319433
0.00455,-1.71163126116841e-07,6.57833420550606e-07,0.0224140613319433
0.004554,-1.21441829004193e-07,4.76557416330875e-07,0.0224140613319433
0.004558,-7.80303718864102e-08,3.12256023533267e-07,0.0224140613319433
0.004562,-4.07232047996721e-08,1.65310997459084e-07,0.0224140613319433
0.004566,-9.37595988160151e-09,3.64524613634734e-08,0.0218242176126816
0.00457,1.47190919175359e-08,-6.70447044696682e-08,0.0212343738934199
0.004574,3.27748376223929e-08,-1.48197765632853e-07,0.0206445301741583
0.004578,4.58629012421213e-08,-2.09928927441659e-07,0.0200546864548966
0.004582,5.49167502608867e-08,-2.55007441572778e-07,0.019464842735635
0.004586,6.07387344094838e-08,-2.86007436578945e-07,0.0188749990163733
0.00459,6.40098789448259e-08,-3.05281357558755e-07,0.0182851552971116
0.004594,6.5301224009018e-08,-3.14945976633674e-07,0.01769531157785
0.004598,6.50858742272302e-08,-3.16878456131965e-07,0.0171054678585883
0.004602,6.37511192523391e-08,-3.12720370780107e-07,0.0165156241393266
0.004606,6.16101887200042e-08,-3.03887782302153e-07,0.015925780420065
0.00461,5.89132001703169e-08,-2.91585594323809e-07,0.0153359367008033
0.004614,5.58570982665294e-08,-2.76824672451441e-07,0.0147460929815416
0.004618,5.2594605362218e-08,-2.60440594429595e-07,0.01415624926228
0.004622,4.92420768122575e-08,-2.4311300340893e-07,0.0135664055430183
0.004626,4.58862896407436e-08,-2.25384786835628e-07,0.0129765618237566
0.00463,4.25902411531434e-08,-2.07680518859574e-07,0.012386718104495
0.004634,3.9398039821973e-08,-1.90323779957626e-07,0.0117968743852333
0.004638,3.63389847808956e-08,-1.73553108190409e-07,0.0112070306659716
0.004642,3.34307894686631e-08,-1.57536323908509e-07,0.01061718694671
0.004646,3.0682219668714e-08,-1.42383211745003e-07,0.0100273432274483
0.00465,2.80954462992502e-08,-1.28156861515238e-07,0.00943749950818664
0.004654,2.56675419265397e-08,-1.1488317061979e-07,0.00884765578892498
0.004658,2.33918021276355e-08,-1.02558983985893e-07,0.00825781206966331
0.004662,2.12589129042794e-08,-9.11591896863313e-08,0.00766796835040165
0.004666,1.92574927257516e-08,-8.06421752117282e-08,0.00707812463113998
0.00467,1.73748356265918e-08,-7.09546899005163e-08,0.00648828091187832
0.004674,1.55970255650605e-08,-6.2035237819301e-08,0.00589843719261665
0.004678,1.3909365678218e-08,-5.38172653217729e-08,0.00530859347335499
0.004682,1.22965938075413e-08,-4.6231502054915e-08,0.00471874975409332
0.004686,1.07428099780736e-08,-3.92074951506214e-08,0.00412890603483166
0.00469,9.23139805583774e-09,-3.26747658271161e-08,0.00353906231556999
0.004694,7.74492852056778e-09,-2.65636378198632e-08,0.00294921859630833
0.004698,6.26502977760108e-09,-2.08057831551522e-08,0.00235937487704666
0.004702,4.77221919777594e-09,-1.53345307765759e-08,0.001769531157785
0.004706,3.24568882092832e-09,-1.00849833528218e-08,0.00117968743852333
0.00471,1.66304438074392e-09,-4.99398723556918e-09,0.000589843719261665
0.004714,0,0,0
0.004718,0,0,-0.00058706409237402
0.004722,0,0,-0.00117412818474804
0.004726,0,0,-0.00176119227712206
0.00473,0,0,-0.00234825636949608
0.004734,0,0,-0.0029353204618701
0.004738,0,0,-0.00352238455424412
0.004742,0,0,-0.00410944864661814
0.004746,0,0,-0.00469651273899216
0.00475,0,0,-0.00528357683136618
0.004754,0,0,-0.0058706409237402
0.004758,0,0,-0.00645770501611422
0.004762,0,0,-0.00704476910848824
0.004766,0,0,-0.00763183320086226
0.00477,0,0,-0.00821889729323629
0.004774,0,0,-0.00880596138561031
0.004778,0,0,-0.00939302547798433
0.004782,0,0,-0.00998008957035835
0.004786,0,0,-0.0105671536627324
0.00479,0,0,-0.0111542177551064
0.004794,0,0,-0.0117412818474804
0.004798,0,0,-0.0123283459398544
0.004802,0,0,-0.0129154100322284
0.004806,0,0,-0.0135024741246025
0.00481,0,0,-0.0140895382169765
0.004814,0,0,-0.0146766023093505
0.004818,0,0,-0.0152636664017245
0.004822,0,0,-0.0158507304940986
0.004826,0,0,-0.0164377945864726
0.00483,0,0,-0.0170248586788466
0.004834,0,0,-0.0176119227712206
0.004838,0,0,-0.0181989868635946
0.004842,0,0,-0.0187860509559687
0.004846,0,0,-0.0193731150483427
0.00485,0,0,-0.0199601791407167
0.004854,0,0,-0.0205472432330907
0.004858,0,0,-0.0211343073254647
0.004862,0,0,-0.0217213714178388
0.004866,0,0,-0.0223084355102128
0.00487,0,0,-0.0228954996025868
0.004874,0,0,-0.0228954996025868
0.004878,0,0,-0.0228954996025868
0.004882,0,0,-0.0228954996025868
0.004886,0,0,-0.0228954996025868
0.00489,0,0,-0.0228954996025868
0.004894,0,0,-0.0228954996025868
0.004898,0,0,-0.0228954996025868
0.004902,0,0,-0.0223084355102128
0.004906,0,0,-0.0217213714178388
0.00491,0,0,-0.0211343073254647
0.004914,0,0,-0.0205472432330907
0.004918,0,0,-0.0199601791407167
0.004922,0,0,-0.0193731150483427
0.004926,0,0,-0.0187860509559687
0.00493,0,0,-0.0181989868635946
0.004934,0,0,-0.0176119227712206
0.004938,0,0,-0.0170248586788466
0.004942,0,0,-0.0164377945864726
0.004946,0,0,-0.0158507304940986
0.00495,0,0,-0.0152636664017245
0.004954,0,0,-0.0146766023093505
0.004958,0,0,-0.0140895382169765
0.004962,0,0,-0.0135024741246025
0.004966,0,0,-0.0129154100322284
0.00497,0,0,-0.0123283459398544
0.004974,0,0,-0.0117412818474804
0.004978,0,0,-0.0111542177551064
0.004982,0,0,-0.0105671536627324
0.004986,0,0,-0.00998008957035835
0.00499,0,0,-0.00939302547798433
0.004994,0,0,-0.00880596138561031
0.004998,0,0,-0.00821889729323629
0.005002,0,0,-0.00763183320086226
0.005006,0,0,-0.00704476910848824
0.00501,0,0,-0.00645770501611422
0.005014,0,0,-0.0058706409237402
0.005018,0,0,-0.00528357683136618
0.005022,0,0,-0.00469651273899216
0.005026,0,0,-0.00410944864661814
0.00503,0,0,-0.00352238455424412
0.005034,0,0,-0.0029353204618701
0.005038,0,0,-0.00234825636949608
0.005042,0,0,-0.00176119227712206
0.005046,0,0,-0.00117412818474804
0.00505,0,0,-0.00058706409237402
0.005054,0,0,-0
