2e-06,5.25906165738172e-09,-1.47166946276973e-10,0.000586194517398967
6e-06,8.33878404542599e-09,-1.28923289470387e-10,0.00117238903479793
1e-05,7.46042850776805e-09,9.88970153364224e-12,0.0017585835521969
1.4e-05,1.60307750801109e-09,1.49803368722587e-10,0.00234477806959587
1.8e-05,-9.25736073845001e-09,1.40693857410151e-10,0.00293097258699483
2.2e-05,-2.4080162184062e-08,-1.42720397035815e-10,0.0035171671043938
2.6e-05,-4.0919485698454e-08,-7.48514223639514e-10,0.00410336162179277
3e-05,-5.73676993559318e-08,-1.61783236127242e-09,0.00468955613919173
3.4e-05,-7.13373031740718e-08,-2.60213699133593e-09,0.0052757506565907
3.8e-05,-8.22352140834612e-08,-3.55654134798187e-09,0.00586194517398967
4.2e-05,-9.25549034644176e-08,-4.54103546210486e-09,0.00644813969138863
4.6e-05,-1.06162854981003e-07,-5.83705229474997e-09,0.0070343342087876
5e-05,-1.22239870256669e-07,-7.42753298034373e-09,0.00762052872618657
5.4e-05,-1.39117832199809e-07,-9.16055597369594e-09,0.00820672324358553
5.8e-05,-1.57592356474568e-07,-1.10994580959006e-08,0.0087929177609845
6.2e-05,-1.78239412782185e-07,-1.33058859775932e-08,0.00937911227838346
6.6e-05,-2.00810196956736e-07,-1.57424214067858e-08,0.00996530679578243
7e-05,-2.25433138457467e-07,-1.84118849837473e-08,0.0105515013131814
7.4e-05,-2.52191197353619e-07,-2.13103806018498e-08,0.0111376958305804
7.8e-05,-2.81032929718945e-07,-2.44119283507001e-08,0.0117238903479793
8.2e-05,-3.11879992831085e-07,-2.76850972366896e-08,0.0123100848653783
8.6e-05,-3.44545752727756e-07,-3.10813268955573e-08,0.0128962793827773
9e-05,-3.78729218973485e-07,-3.45356968779095e-08,0.0134824739001762
9.4e-05,-4.13982931093828e-07,-3.79642805295274e-08,0.0140686684175752
9.8e-05,-4.496811470868e-07,-4.12626928010364e-08,0.0146548629349742
0.000102,-4.84983594555703e-07,-4.43053080268072e-08,0.0152410574523731
0.000106,-5.18795402496654e-07,-4.6945577562818e-08,0.0158272519697721
0.00011,-5.4972374952191e-07,-4.90178779691367e-08,0.0164134464871711
0.000114,-5.56101173359585e-07,-4.87225192640351e-08,0.0164134464871711
0.000118,-5.56112747796437e-07,-4.7855804770485e-08,0.0164134464871711
0.000122,-5.48991892462675e-07,-4.63858012715024e-08,0.0164134464871711
0.000126,-5.33974211510558e-07,-4.42863229474873e-08,0.0164134464871711
0.00013,-5.10305164794026e-07,-4.15375455473692e-08,0.0164134464871711
0.000134,-4.77247964741021e-07,-3.81264939649444e-08,0.0164134464871711
0.000138,-4.34091685153074e-07,-3.40475364380882e-08,0.0164134464871711
0.000142,-3.80159533626384e-07,-2.93028238267364e-08,0.0164134464871711
0.000146,-3.1481732686049e-07,-2.39027083675193e-08,0.0164134464871711
0.00015,-2.37481735259248e-07,-1.78659110051266e-08,0.0164134464871711
0.000154,-1.47628375811264e-07,-1.12196232714192e-08,0.0164134464871711
0.000158,-4.4799738439211e-08,-3.99955045846798e-09,0.0164134464871711
0.000162,7.13870818269256e-08,3.75012763758461e-09,0.0164134464871711
0.000166,2.01232942623312e-07,1.19769154909262e-08,0.0164134464871711
0.00017,3.44950107877632e-07,2.0620365268731e-08,0.0164134464871711
0.000174,5.02656135418276e-07,2.96124851680076e-08,0.0164134464871711
0.000178,6.74368383570288e-07,3.8878234469343e-08,0.0164134464871711
0.000182,8.59999036089508e-07,4.83361232700246e-08,0.0164134464871711
0.000186,1.05935107825387e-06,5.78989731782526e-08,0.0164134464871711
0.00019,1.27211547624696e-06,6.74747410827987e-08,0.0164134464871711
0.000194,1.49786905882624e-06,7.69674050974761e-08,0.0164134464871711
0.000198,1.73607332036622e-06,8.62779349811347e-08,0.0164134464871711
0.000202,1.98607397920907e-06,9.5305411319768e-08,0.0164134464871711
0.000206,2.24710208510559e-06,1.03948120991563e-07,0.0164134464871711
0.00021,2.51827620905901e-06,1.12104653103518e-07,0.0164134464871711
0.000214,2.79860553525222e-06,1.19675051964733e-07,0.0164134464871711
0.000218,3.0869939421789e-06,1.26562037645542e-07,0.0164134464871711
0.000222,3.38224506781565e-06,1.32672329266222e-07,0.0164134464871711
0.000226,3.68306892508949e-06,1.37917705885377e-07,0.0164134464871711
0.00023,3.98808931729434e-06,1.42216099479202e-07,0.0164134464871711
0.000234,4.29585215232311e-06,1.45492681759145e-07,0.0164134464871711
0.000238,4.60483465429668e-06,1.47681002687044e-07,0.0164134464871711
0.000242,4.91345555840054e-06,1.48724022028682e-07,0.0164134464871711
0.000246,5.22008615272798e-06,1.48574839099348e-07,0.0164134464871711
0.00025,5.5230618976929e-06,1.47197448667403e-07,0.0164134464871711
0.000254,5.82069464410953e-06,1.44567422788245e-07,0.0164134464871711
0.000258,6.11128541372939e-06,1.40672662351192e-07,0.0164134464871711
0.000262,6.3931376606284e-06,1.35513741419058e-07,0.0164134464871711
0.000266,6.66457072343804e-06,1.29104032605179e-07,0.0164134464871711
0.00027,6.92393340324697e-06,1.2146983437127e-07,0.0164134464871711
0.000274,7.169617624675e-06,1.1265040862724e-07,0.0164134464871711
0.000278,7.40007219978687e-06,1.02697991325779e-07,0.0164134464871711
0.000282,7.61381605673437e-06,9.16772762783341e-08,0.0164134464871711
0.000286,7.80945108311118e-06,7.96648680977716e-08,0.0164134464871711
0.00029,7.98567451091132e-06,6.67486647921248e-08,0.0164134464871711
0.000294,8.141290871932e-06,5.30271738843417e-08,0.0164134464871711
0.000298,8.27522335935563e-06,3.86085971064131e-08,0.0164134464871711
0.000302,8.38652357523238e-06,2.3609641706469e-08,0.0164134464871711
0.000306,8.47438040729795e-06,8.1544080767293e-09,0.0164134464871711
0.00031,8.53812794893436e-06,-7.62684208764431e-09,0.0164134464871711
0.000314,8.57725257255097e-06,-2.35989722442454e-08,0.0164134464871711
0.000318,8.59139828282396e-06,-3.96234411098469e-08,0.0164134464871711
0.000322,8.58037035031031e-06,-5.55598237339019e-08,0.0164134464871711
0.000326,8.54413783139899e-06,-7.12672969557805e-08,0.0164134464871711
0.00033,8.48283472290511e-06,-8.66061487108062e-08,0.0164134464871711
0.000334,8.39675998698174e-06,-1.01439356986318e-07,0.0164134464871711
0.000338,8.28637527479457e-06,-1.15634107227871e-07,0.0164134464871711
0.000342,8.15230130083161e-06,-1.29063222204295e-07,0.0164134464871711
0.000346,7.9953129920128e-06,-1.41606540484003e-07,0.0164134464871711
0.00035,7.8163334217175e-06,-1.5315228682845e-07,0.0164134464871711
0.000354,7.61642648499897e-06,-1.63598443542139e-07,0.0164134464871711
0.000358,7.39678772293583e-06,-1.72853804775309e-07,0.0164134464871711
0.000362,7.15873417043843e-06,-1.80838887200616e-07,0.0164134464871711
0.000366,6.90369328518992e-06,-1.87486749420073e-07,0.0164134464871711
0.00037,6.6331911781e-06,-1.92743860484759e-07,0.0164134464871711
0.000374,6.34883977307687e-06,-1.9657070027313e-07,0.0164134464871711
0.000378,6.05232312315724e-06,-1.9894197314202e-07,0.0164134464871711
0.000382,5.74538346313446e-06,-1.9984681106066e-07,0.0164134464871711
0.000386,5.42980690183285e-06,-1.99288854331798e-07,0.0164134464871711
0.00039,5.10740886426954e-06,-1.97286370277715e-07,0.0164134464871711
0.000394,4.78001926594899e-06,-1.93871848554733e-07,0.0164134464871711
0.000398,4.44946784345226e-06,-1.89091422227291e-07,0.0164134464871711
0.000402,4.11756973725548e-06,-1.83004268272876e-07,0.0164134464871711
0.000406,3.78611134324185e-06,-1.75681943035889e-07,0.0164134464871711
0.00041,3.45683646316619e-06,-1.67207674571522e-07,0.0164134464871711
0.000414,3.13143327096955e-06,-1.57675141076935e-07,0.0164134464871711
0.000418,2.81152197151955e-06,-1.47187303258379e-07,0.0164134464871711
0.000422,2.49864315828747e-06,-1.35855163219961e-07,0.0164134464871711
0.000426,2.1942469091786e-06,-1.23796570865898e-07,0.0164134464871711
0.00043,1.89968290738169e-06,-1.11134874262399e-07,0.0164134464871711
0.000434,1.61619202048347e-06,-9.79973249281738e-08,0.0164134464871711
0.000438,1.34489881943252e-06,-8.451362228655e-08,0.0164134464871711
0.000442,1.08680522322241e-06,-7.08144691290804e-08,0.0164134464871711
0.000446,8.42785043382493e-07,-5.70301881832339e-08,0.0164134464871711
0.00045,6.13580232195164e-07,-4.3289206934056e-08,0.0164134464871711
0.000454,3.99798564592286e-07,-2.97165956167605e-08,0.0164134464871711
0.000458,2.01912366187672e-07,-1.64327401456822e-08,0.0164134464871711
0.000462,2.02584053414765e-08,-3.55208920832247e-09,0.0164134464871711
0.000466,-1.44961204949865e-07,8.81804162912134e-09,0.0164134464871711
0.00047,-2.9367620714198e-07,2.05785868685529e-08,0.0164134464871711
0.000474,-4.25944432134428e-07,3.16396747177186e-08,0.0164134464871711
0.000478,-5.41947061484372e-07,4.19214500751244e-08,0.0164134464871711
0.000482,-6.4198300856053e-07,5.13548182697657e-08,0.0164134464871711
0.000486,-7.26462267440659e-07,5.98820647655507e-08,0.0164134464871711
0.00049,-7.95897932736547e-07,6.74572092593352e-08,0.0164134464871711
0.000494,-8.50897746347823e-07,7.40462392136395e-08,0.0164134464871711
0.000498,-8.92155026439469e-07,7.96272068696e-08,0.0164134464871711
0.000502,-9.20439164492821e-07,8.41902779819739e-08,0.0164134464871711
0.000506,-9.36585411222859e-07,8.77375324130416e-08,0.0164134464871711
0.00051,-9.07882086576377e-07,8.68484907246167e-08,0.0158272519697721
0.000514,-8.69931344151231e-07,8.45470060290436e-08,0.0152410574523731
0.000518,-8.25386847625463e-07,8.11068177975032e-08,0.0146548629349742
0.000522,-7.76469829034753e-07,7.67889508733016e-08,0.0140686684175752
0.000526,-7.25009654769604e-07,7.18337745863069e-08,0.0134824739001762
0.00053,-6.72486065780847e-07,6.64560139422891e-08,0.0128962793827773
0.000534,-6.20071366746558e-07,6.08421777401497e-08,0.0123100848653783
0.000538,-5.68671249359483e-07,5.51498705023607e-08,0.0117238903479793
0.000542,-5.18963298848062e-07,4.95085284537433e-08,0.0111376958305804
0.000546,-4.71432562549226e-07,4.4021161126326e-08,0.0105515013131814
0.00055,-4.26403825351903e-07,3.87667455863021e-08,0.00996530679578243
0.000554,-3.84070434793912e-07,3.38029962017544e-08,0.00937911227838346
0.000558,-3.44519607213084e-07,2.91693607138358e-08,0.0087929177609845
0.000562,-3.0775414324843e-07,2.48901328167068e-08,0.00820672324358553
0.000566,-2.73711282331971e-07,2.09771445385402e-08,0.00762052872618657
0.00057,-2.42278358530293e-07,1.74325492785938e-08,0.0070343342087876
0.000574,-2.13305716902487e-07,1.42513002415652e-08,0.00644813969138863
0.000578,-1.86617475515795e-07,1.14232381449291e-08,0.00586194517398967
0.000582,-1.62019494332287e-07,8.93528524845455e-09,0.0052757506565907
0.000586,-1.39306487937278e-07,6.77289134182871e-09,0.00468955613919173
0.00059,-1.18267057684432e-07,4.92148151241286e-09,0.00410336162179277
0.000594,-9.8687121201831e-08,3.36786403847011e-09,0.0035171671043938
0.000598,-8.03524023189283e-08,2.10139426830446e-09,0.00293097258699483
0.000602,-6.30501011609362e-08,1.11496785281793e-09,0.00234477806959587
0.000606,-4.65698650538298e-08,4.05907318180048e-10,0.0017585835521969
0.00061,-3.07041835960218e-08,-2.32047822900986e-11,0.00117238903479793
0.000614,-1.5248333441326e-08,-1.63703729261414e-10,0.000586194517398967
0.000618,0,0,0
0.000622,0,0,-0.000580966472650704
0.000626,0,0,-0.00116193294530141
0.00063,0,0,-0.00174289941795211
0.000634,0,0,-0.00232386589060282
0.000638,0,0,-0.00290483236325352
0.000642,0,0,-0.00348579883590422
0.000646,0,0,-0.00406676530855493
0.00065,0,0,-0.00464773178120563
0.000654,0,0,-0.00522869825385634
0.000658,0,0,-0.00580966472650704
0.000662,0,0,-0.00639063119915774
0.000666,0,0,-0.00697159767180845
0.00067,0,0,-0.00755256414445915
0.000674,0,0,-0.00813353061710985
0.000678,0,0,-0.00871449708976056
0.000682,0,0,-0.00929546356241126
0.000686,0,0,-0.00987643003506197
0.00069,0,0,-0.0104573965077127
0.000694,0,0,-0.0110383629803634
0.000698,0,0,-0.0116193294530141
0.000702,0,0,-0.0122002959256648
0.000706,0,0,-0.0127812623983155
0.00071,0,0,-0.0133622288709662
0.000714,0,0,-0.0139431953436169
0.000718,0,0,-0.0145241618162676
0.000722,0,0,-0.0151051282889183
0.000726,0,0,-0.015686094761569
0.00073,0,0,-0.0162670612342197
0.000734,0,0,-0.0168480277068704
0.000738,0,0,-0.0174289941795211
0.000742,0,0,-0.0180099606521718
0.000746,0,0,-0.0185909271248225
0.00075,0,0,-0.0191718935974732
0.000754,0,0,-0.0197528600701239
0.000758,0,0,-0.0203338265427746
0.000762,0,0,-0.0209147930154253
0.000766,0,0,-0.021495759488076
0.00077,0,0,-0.0220767259607268
0.000774,0,0,-0.0226576924333775
0.000778,0,0,-0.0226576924333775
0.000782,0,0,-0.0226576924333775
0.000786,0,0,-0.0226576924333775
0.00079,0,0,-0.0226576924333775
0.000794,0,0,-0.0226576924333775
0.000798,0,0,-0.0226576924333775
0.000802,0,0,-0.0226576924333775
0.000806,0,0,-0.0226576924333775
0.00081,0,0,-0.0226576924333775
0.000814,0,0,-0.0226576924333775
0.000818,0,0,-0.0226576924333775
0.000822,0,0,-0.0226576924333775
0.000826,0,0,-0.0226576924333775
0.00083,0,0,-0.0226576924333775
0.000834,0,0,-0.0226576924333775
0.000838,0,0,-0.0226576924333775
0.000842,0,0,-0.0226576924333775
0.000846,0,0,-0.0226576924333775
0.00085,0,0,-0.0226576924333775
0.000854,0,0,-0.0226576924333775
0.000858,0,0,-0.0226576924333775
0.000862,0,0,-0.0226576924333775
0.000866,0,0,-0.0226576924333775
0.00087,0,0,-0.0226576924333775
0.000874,0,0,-0.0226576924333775
0.000878,0,0,-0.0226576924333775
0.000882,0,0,-0.0226576924333775
0.000886,0,0,-0.0226576924333775
0.00089,0,0,-0.0226576924333775
0.000894,0,0,-0.0226576924333775
0.000898,0,0,-0.0226576924333775
0.000902,0,0,-0.0226576924333775
0.000906,0,0,-0.0226576924333775
0.00091,0,0,-0.0226576924333775
0.000914,0,0,-0.0226576924333775
0.000918,0,0,-0.0226576924333775
0.000922,0,0,-0.0226576924333775
0.000926,0,0,-0.0226576924333775
0.00093,0,0,-0.0226576924333775
0.000934,0,0,-0.0226576924333775
0.000938,0,0,-0.0226576924333775
0.000942,0,0,-0.0226576924333775
0.000946,0,0,-0.0226576924333775
0.00095,0,0,-0.0226576924333775
0.000954,0,0,-0.0226576924333775
0.000958,0,0,-0.0226576924333775
0.000962,0,0,-0.0226576924333775
0.000966,0,0,-0.0226576924333775
0.00097,0,0,-0.0226576924333775
0.000974,0,0,-0.0226576924333775
0.000978,0,0,-0.0226576924333775
0.000982,0,0,-0.0226576924333775
0.000986,0,0,-0.0226576924333775
0.00099,0,0,-0.0220767259607268
0.000994,0,0,-0.021495759488076
0.000998,0,0,-0.0209147930154253
0.001002,0,0,-0.0203338265427746
0.001006,0,0,-0.0197528600701239
0.00101,0,0,-0.0191718935974732
0.001014,0,0,-0.0185909271248225
0.001018,0,0,-0.0180099606521718
0.001022,0,0,-0.0174289941795211
0.001026,0,0,-0.0168480277068704
0.00103,0,0,-0.0162670612342197
0.001034,0,0,-0.015686094761569
0.001038,0,0,-0.0151051282889183
0.001042,0,0,-0.0145241618162676
0.001046,0,0,-0.0139431953436169
0.00105,0,0,-0.0133622288709662
0.001054,0,0,-0.0127812623983155
0.001058,0,0,-0.0122002959256648
0.001062,0,0,-0.0116193294530141
0.001066,0,0,-0.0110383629803634
0.00107,0,0,-0.0104573965077127
0.001074,0,0,-0.00987643003506197
0.001078,0,0,-0.00929546356241126
0.001082,0,0,-0.00871449708976056
0.001086,0,0,-0.00813353061710985
0.00109,0,0,-0.00755256414445915
0.001094,0,0,-0.00697159767180845
0.001098,0,0,-0.00639063119915774
0.001102,0,0,-0.00580966472650704
0.001106,0,0,-0.00522869825385634
0.00111,0,0,-0.00464773178120563
0.001114,0,0,-0.00406676530855493
0.001118,0,0,-0.00348579883590422
0.001122,0,0,-0.00290483236325352
0.001126,0,0,-0.00232386589060282
0.00113,0,0,-0.00174289941795211
0.001134,0,0,-0.00116193294530141
0.001138,0,0,-0.000580966472650704
0.001142,0,0,-0
0.001146,1.32186755924681e-08,3.55662428154487e-10,0.000586194517398967
0.00115,2.07315718171378e-08,8.60009593600119e-10,0.00117238903479793
0.001154,1.79077519870408e-08,1.1742465982822e-09,0.0017585835521969
0.001158,2.10569469989205e-09,8.59319063199847e-10,0.00234477806959587
0.001162,-2.67074661758777e-08,-4.79354516465316e-10,0.00293097258699483
0.001166,-6.57847159969767e-08,-3.03816016360602e-09,0.0035171671043938
0.00117,-1.10022130387052e-07,-6.69786041985225e-09,0.00410336162179277
0.001174,-1.53119704485698e-07,-1.10003189201201e-08,0.00468955613919173
0.001178,-1.89620573488993e-07,-1.5289706619376e-08,0.0052757506565907
0.001182,-2.17965424171035e-07,-1.91008660871872e-08,0.00586194517398967
0.001186,-2.44624725557014e-07,-2.28810507192998e-08,0.00644813969138863
0.00119,-2.796212298526e-07,-2.78220894910197e-08,0.0070343342087876
0.001194,-3.20771632779904e-07,-3.37560638069338e-08,0.00762052872618657
0.001198,-3.63685249306486e-07,-4.00562294908287e-08,0.00820672324358553
0.001202,-4.10371391375505e-07,-4.69607573962118e-08,0.0087929177609845
0.001206,-4.62258556236694e-07,-5.46765305695848e-08,0.00937911227838346
0.00121,-5.1862643072825e-07,-6.305180235423e-08,0.00996530679578243
0.001214,-5.79728776677064e-07,-7.20900346493254e-08,0.0105515013131814
0.001218,-6.45696996684811e-07,-8.17772215074818e-08,0.0111376958305804
0.001222,-7.16312524422047e-07,-9.20330634337407e-08,0.0117238903479793
0.001226,-7.91289652861989e-07,-1.02769946679891e-07,0.0123100848653783
0.00123,-8.70070224638386e-07,-1.13854537310863e-07,0.0128962793827773
0.001234,-9.51815550446038e-07,-1.2511077728008e-07,0.0134824739001762
0.001238,-1.03533319672777e-06,-1.36310068285799e-07,0.0140686684175752
0.001242,-1.11900733450927e-06,-1.47163583943841e-07,0.0146548629349742
0.001246,-1.20072077445854e-06,-1.5731438833203e-07,0.0152410574523731
0.00125,-1.27777066669587e-06,-1.66330184334122e-07,0.0158272519697721
0.001254,-1.34677955910273e-06,-1.73697647250295e-07,0.0164134464871711
0.001258,-1.35515702381132e-06,-1.72943397943423e-07,0.0164134464871711
0.001262,-1.34804157005618e-06,-1.70259377178564e-07,0.0164134464871711
0.001266,-1.32380536112117e-06,-1.65500689083802e-07,0.0164134464871711
0.00127,-1.28085284792227e-06,-1.58562364577429e-07,0.0164134464871711
0.001274,-1.21763757741872e-06,-1.49367267133038e-07,0.0164134464871711
0.001278,-1.13267919786877e-06,-1.37867961058029e-07,0.0164134464871711
0.001282,-1.024580548205e-06,-1.24048233428765e-07,0.0164134464871711
0.001286,-8.92044686597006e-07,-1.07924114606477e-07,0.0164134464871711
0.00129,-7.33891970568488e-07,-8.95445121448014e-08,0.0164134464871711
0.001294,-5.49076092058377e-07,-6.899089802565e-08,0.0164134464871711
0.001298,-3.36699393721406e-07,-4.63765219863553e-08,0.0164134464871711
0.001302,-9.60274668923745e-08,-2.1845182407583e-08,0.0164134464871711
0.001306,1.73497014032531e-07,4.43048401333601e-09,0.0164134464871711
0.00131,4.72241420097868e-07,3.22512346273229e-08,0.0164134464871711
0.001314,8.00372564344833e-07,6.13942091628645e-08,0.0164134464871711
0.001318,1.15784725968162e-06,9.16157416167736e-08,0.0164134464871711
0.001322,1.54440314046455e-06,1.22662802672791e-07,0.0164134464871711
0.001326,1.95954898601159e-06,1.54288721226217e-07,0.0164134464871711
0.00133,2.40256109712256e-06,1.86238400821535e-07,0.0164134464871711
0.001334,2.87248126456377e-06,2.18246394206139e-07,0.0164134464871711
0.001338,3.36811569984998e-06,2.5003903593874e-07,0.0164134464871711
0.001342,3.88803580684827e-06,2.81336829047249e-07,0.0164134464871711
0.001346,4.43058045600372e-06,3.11857090849144e-07,0.0164134464871711
0.00135,4.99386131460338e-06,3.4131649640319e-07,0.0164134464871711
0.001354,5.57577022455159e-06,3.69433613053026e-07,0.0164134464871711
0.001358,6.17398825545899e-06,3.95931575233189e-07,0.0164134464871711
0.001362,6.78599661142642e-06,4.20540920353057e-07,0.0164134464871711
0.001366,7.40908939125119e-06,4.43002667220852e-07,0.0164134464871711
0.00137,8.04038923916692e-06,4.63070821547015e-07,0.0164134464871711
0.001374,8.67686447545454e-06,4.80514990003867e-07,0.0164134464871711
0.001378,9.31534787249193e-06,4.95123042740946e-07,0.0164134464871711
0.001382,9.95255884908769e-06,5.0670345193839e-07,0.0164134464871711
0.001386,1.05851270240938e-05,5.15089244545621e-07,0.0164134464871711
0.00139,1.12096143121954e-05,5.20141928158528e-07,0.0164134464871711
0.001394,1.18225397970387e-05,5.21753611963522e-07,0.0164134464871711
0.001398,1.24204058219059e-05,5.19848823642444e-07,0.0164134464871711
0.001402,1.29997252342944e-05,5.14386365663414e-07,0.0164134464871711
0.001406,1.35570494003756e-05,5.05360195470082e-07,0.0164134464871711
0.00141,1.4088996464596e-05,4.92799739870738e-07,0.0164134464871711
0.001414,1.45922797979405e-05,4.7677011365374e-07,0.0164134464871711
0.001418,1.50637364945545e-05,4.57372033640593e-07,0.0164134464871711
0.001422,1.5500355963417e-05,4.3474154681163e-07,0.0164134464871711
0.001426,1.58993070159514e-05,4.09048539663643e-07,0.0164134464871711
0.00143,1.62579639345015e-05,3.80495080894666e-07,0.0164134464871711
0.001434,1.65739312874614e-05,3.49313501589356e-07,0.0164134464871711
0.001438,1.68450674175089e-05,3.15764159091554e-07,0.0164134464871711
0.001442,1.70695049746422e-05,2.80131880960446e-07,0.0164134464871711
0.001446,1.72456691921528e-05,2.42722709037838e-07,0.0164134464871711
0.00145,1.73722947878342e-05,2.03861341030638e-07,0.0164134464871711
0.001454,1.74484392466233e-05,1.63887707759121e-07,0.0164134464871711
0.001458,1.74734938670225e-05,1.23153389480845e-07,0.0164134464871711
0.001462,1.74471906051045e-05,8.2017666450526e-08,0.0164134464871711
0.001466,1.73696048345394e-05,4.08435115351352e-08,0.0164134464871711
0.00147,1.72411553827332e-05,-6.35333412679157e-12,0.0164134464871711
0.001474,1.70626013392333e-05,-4.01734266618245e-08,0.0164134464871711
0.001478,1.68350361679289e-05,-7.93075377609638e-08,0.0164134464871711
0.001482,1.6559876860927e-05,-1.17070662473041e-07,0.0164134464871711
0.001486,1.62388502540013e-05,-1.53140490241474e-07,0.0164134464871711
0.00149,1.58739768521901e-05,-1.87213824643521e-07,0.0164134464871711
0.001494,1.54675522729095e-05,-2.19009897064732e-07,0.0164134464871711
0.001498,1.50221263323103e-05,-2.48273517651604e-07,0.0164134464871711
0.001502,1.45404789076417e-05,-2.74777264675601e-07,0.0164134464871711
0.001506,1.40255943503905e-05,-2.983238104871e-07,0.0164134464871711
0.00151,1.34806346502731e-05,-3.18747837958048e-07,0.0164134464871711
0.001514,1.29089117951351e-05,-3.3591781752954e-07,0.0164134464871711
0.001518,1.23138588481858e-05,-3.49737107904679e-07,0.0164134464871711
0.001522,1.16990003373629e-05,-3.6014415061967e-07,0.0164134464871711
0.001526,1.10679229079751e-05,-3.67112602736318e-07,0.0164134464871711
0.00153,1.04242461226975e-05,-3.70651154320546e-07,0.0164134464871711
0.001534,9.77159352896812e-06,-3.70803359192401e-07,0.0164134464871711
0.001538,9.11356427528676e-06,-3.67646334998146e-07,0.0164134464871711
0.001542,8.45370584829405e-06,-3.61289093256841e-07,0.0164134464871711
0.001546,7.79548796912535e-06,-3.5187081216291e-07,0.0164134464871711
0.00155,7.14227764753705e-06,-3.39558953544857e-07,0.0164134464871711
0.001554,6.49731537953128e-06,-3.24547265242625e-07,0.0164134464871711
0.001558,5.86369357300926e-06,-3.07052711785885e-07,0.0164134464871711
0.001562,5.24433667413537e-06,-2.87312511091793e-07,0.0164134464871711
0.001566,4.64198318209649e-06,-2.65581254841298e-07,0.0164134464871711
0.00157,4.05916911732028e-06,-2.42128024224508e-07,0.0164134464871711
0.001574,3.49821362973323e-06,-2.17233188224131e-07,0.0164134464871711
0.001578,2.96120756275929e-06,-1.91184798482223e-07,0.0164134464871711
0.001582,2.45000374540699e-06,-1.642752658063e-07,0.0164134464871711
0.001586,1.96620937680959e-06,-1.36798084653573e-07,0.0164134464871711
0.00159,1.51118002041611e-06,-1.09044676044063e-07,0.0164134464871711
0.001594,1.08601673860959e-06,-8.13010639483351e-08,0.0164134464871711
0.001598,6.91565736750997e-07,-5.38447137337352e-08,0.0164134464871711
0.001602,3.2841974072997e-07,-2.69416491116269e-08,0.0164134464871711
0.001606,-3.07866589757072e-09,-8.43745849383642e-10,0.0164134464871711
0.00161,-3.02832037100543e-07,2.42138425730672e-08,0.0164134464871711
0.001614,-5.70979799977176e-07,4.80149871905187e-08,0.0164134464871711
0.001618,-8.07888487812786e-07,7.03645319832534e-08,0.0164134464871711
0.001622,-1.01414045670338e-06,9.1089966378255e-08,0.0164134464871711
0.001626,-1.19052123276588e-06,1.10042907993471e-07,0.0164134464871711
0.00163,-1.33800523584809e-06,1.27100303089576e-07,0.0164134464871711
0.001634,-1.45773941724657e-06,1.42165028378323e-07,0.0164134464871711
0.001638,-1.5510263096843e-06,1.55166249143773e-07,0.0164134464871711
0.001642,-1.61930623648637e-06,1.66059480145377e-07,0.0164134464871711
0.001646,-1.66413898372938e-06,1.74826526429458e-07,0.0164134464871711
0.00165,-1.68718451422586e-06,1.81474890884018e-07,0.0164134464871711
0.001654,-1.62996185442708e-06,1.79018608339802e-07,0.0158272519697721
0.001658,-1.55696903206699e-06,1.73796766348467e-07,0.0152410574523731
0.001662,-1.47297129897139e-06,1.66367430105726e-07,0.0146548629349742
0.001666,-1.38192301508511e-06,1.57256884902234e-07,0.0140686684175752
0.00167,-1.28705175265819e-06,1.46945330109363e-07,0.0134824739001762
0.001674,-1.19094314641739e-06,1.35858288890284e-07,0.0128962793827773
0.001678,-1.09562363594266e-06,1.24362625944325e-07,0.0123100848653783
0.001682,-1.0026390310223e-06,1.12766104618261e-07,0.0117238903479793
0.001686,-9.13127550906292e-07,1.01319599433023e-07,0.0111376958305804
0.00169,-8.27886342505471e-07,9.02211027754096e-08,0.0105515013131814
0.001694,-7.47431123635498e-07,7.96208657413581e-08,0.00996530679578243
0.001698,-6.72048891017558e-07,6.96271541293594e-08,0.00937911227838346
0.001702,-6.01843725266517e-07,6.03123355747183e-08,0.0087929177609845
0.001706,-5.36775703347578e-07,5.17190816487849e-08,0.00820672324358553
0.00171,-4.76694479418463e-07,4.38657350248498e-08,0.00762052872618657
0.001714,-4.2136683839829e-07,3.67517573229732e-08,0.0070343342087876
0.001718,-3.70499243505198e-07,3.03625421733767e-08,0.00644813969138863
0.001722,-3.23756494331887e-07,2.46734678731357e-08,0.00586194517398967
0.001726,-2.80775264707954e-07,1.96540478719984e-08,0.0052757506565907
0.00173,-2.41176247583222e-07,1.52707299952146e-08,0.00468955613919173
0.001734,-2.04572545461344e-07,1.14896262243195e-08,0.00410336162179277
0.001738,-1.70575197744307e-07,8.27912076795762e-09,0.0035171671043938
0.001742,-1.38797099021731e-07,5.61201652893391e-09,0.00293097258699483
0.001746,-1.08855512065353e-07,3.46735426832933e-09,0.00234477806959587
0.00175,-8.03733810346437e-08,1.83202269223943e-09,0.0017585835521969
0.001754,-5.29796557702013e-08,7.02259234809194e-10,0.00117238903479793
0.001758,-2.63088425194948e-08,8.51226813560851e-11,0.000586194517398967
0.001762,0,0,0
0.001766,0,0,-0.000580966472650704
0.00177,0,0,-0.00116193294530141
0.001774,0,0,-0.00174289941795211
0.001778,0,0,-0.00232386589060282
0.001782,0,0,-0.00290483236325352
0.001786,0,0,-0.00348579883590422
0.00179,0,0,-0.00406676530855493
0.001794,0,0,-0.00464773178120563
0.001798,0,0,-0.00522869825385634
0.001802,0,0,-0.00580966472650704
0.001806,0,0,-0.00639063119915774
0.00181,0,0,-0.00697159767180845
0.001814,0,0,-0.00755256414445915
0.001818,0,0,-0.00813353061710985
0.001822,0,0,-0.00871449708976056
0.001826,0,0,-0.00929546356241126
0.00183,0,0,-0.00987643003506197
0.001834,0,0,-0.0104573965077127
0.001838,0,0,-0.0110383629803634
0.001842,0,0,-0.0116193294530141
0.001846,0,0,-0.0122002959256648
0.00185,0,0,-0.0127812623983155
0.001854,0,0,-0.0133622288709662
0.001858,0,0,-0.0139431953436169
0.001862,0,0,-0.0145241618162676
0.001866,0,0,-0.0151051282889183
0.00187,0,0,-0.015686094761569
0.001874,0,0,-0.0162670612342197
0.001878,0,0,-0.0168480277068704
0.001882,0,0,-0.0174289941795211
0.001886,0,0,-0.0180099606521718
0.00189,0,0,-0.0185909271248225
0.001894,0,0,-0.0191718935974732
0.001898,0,0,-0.0197528600701239
0.001902,0,0,-0.0203338265427746
0.001906,0,0,-0.0209147930154253
0.00191,0,0,-0.021495759488076
0.001914,0,0,-0.0220767259607268
0.001918,0,0,-0.0226576924333775
0.001922,0,0,-0.0226576924333775
0.001926,0,0,-0.0226576924333775
0.00193,0,0,-0.0226576924333775
0.001934,0,0,-0.0226576924333775
0.001938,0,0,-0.0226576924333775
0.001942,0,0,-0.0226576924333775
0.001946,0,0,-0.0226576924333775
0.00195,0,0,-0.0226576924333775
0.001954,0,0,-0.0226576924333775
0.001958,0,0,-0.0226576924333775
0.001962,0,0,-0.0226576924333775
0.001966,0,0,-0.0226576924333775
0.00197,0,0,-0.0226576924333775
0.001974,0,0,-0.0226576924333775
0.001978,0,0,-0.0226576924333775
0.001982,0,0,-0.0226576924333775
0.001986,0,0,-0.0226576924333775
0.00199,0,0,-0.0226576924333775
0.001994,0,0,-0.0226576924333775
0.001998,0,0,-0.0226576924333775
0.002002,0,0,-0.0226576924333775
0.002006,0,0,-0.0226576924333775
0.00201,0,0,-0.0226576924333775
0.002014,0,0,-0.0226576924333775
0.002018,0,0,-0.0226576924333775
0.002022,0,0,-0.0226576924333775
0.002026,0,0,-0.0226576924333775
0.00203,0,0,-0.0226576924333775
0.002034,0,0,-0.0226576924333775
0.002038,0,0,-0.0226576924333775
0.002042,0,0,-0.0226576924333775
0.002046,0,0,-0.0226576924333775
0.00205,0,0,-0.0226576924333775
0.002054,0,0,-0.0226576924333775
0.002058,0,0,-0.0226576924333775
0.002062,0,0,-0.0226576924333775
0.002066,0,0,-0.0226576924333775
0.00207,0,0,-0.0226576924333775
0.002074,0,0,-0.0226576924333775
0.002078,0,0,-0.0226576924333775
0.002082,0,0,-0.0226576924333775
0.002086,0,0,-0.0226576924333775
0.00209,0,0,-0.0226576924333775
0.002094,0,0,-0.0226576924333775
0.002098,0,0,-0.0226576924333775
0.002102,0,0,-0.0226576924333775
0.002106,0,0,-0.0226576924333775
0.00211,0,0,-0.0226576924333775
0.002114,0,0,-0.0226576924333775
0.002118,0,0,-0.0226576924333775
0.002122,0,0,-0.0226576924333775
0.002126,0,0,-0.0226576924333775
0.00213,0,0,-0.0226576924333775
0.002134,0,0,-0.0220767259607268
0.002138,0,0,-0.021495759488076
0.002142,0,0,-0.0209147930154253
0.002146,0,0,-0.0203338265427746
0.00215,0,0,-0.0197528600701239
0.002154,0,0,-0.0191718935974732
0.002158,0,0,-0.0185909271248225
0.002162,0,0,-0.0180099606521718
0.002166,0,0,-0.0174289941795211
0.00217,0,0,-0.0168480277068704
0.002174,0,0,-0.0162670612342197
0.002178,0,0,-0.015686094761569
0.002182,0,0,-0.0151051282889183
0.002186,0,0,-0.0145241618162676
0.00219,0,0,-0.0139431953436169
0.002194,0,0,-0.0133622288709662
0.002198,0,0,-0.0127812623983155
0.002202,0,0,-0.0122002959256648
0.002206,0,0,-0.0116193294530141
0.00221,0,0,-0.0110383629803634
0.002214,0,0,-0.0104573965077127
0.002218,0,0,-0.00987643003506197
0.002222,0,0,-0.00929546356241126
0.002226,0,0,-0.00871449708976056
0.00223,0,0,-0.00813353061710985
0.002234,0,0,-0.00755256414445915
0.002238,0,0,-0.00697159767180845
0.002242,0,0,-0.00639063119915774
0.002246,0,0,-0.00580966472650704
0.00225,0,0,-0.00522869825385634
0.002254,0,0,-0.00464773178120563
0.002258,0,0,-0.00406676530855493
0.002262,0,0,-0.00348579883590422
0.002266,0,0,-0.00290483236325352
0.00227,0,0,-0.00232386589060282
0.002274,0,0,-0.00174289941795211
0.002278,0,0,-0.00116193294530141
0.002282,0,0,-0.000580966472650704
0.002286,0,0,-0
0.00229,1.54333045112857e-08,6.00994974845644e-10,0.000586194517398967
0.002294,2.45363619615315e-08,1.30893687825539e-09,0.00117238903479793
0.002298,2.21842123734587e-08,1.68692521013768e-09,0.0017585835521969
0.002302,5.47138996093596e-09,1.21220241173112e-09,0.00234477806959587
0.002306,-2.55993494788366e-08,-5.54994817807915e-10,0.00293097258699483
0.00231,-6.79277967977321e-08,-3.79822259552915e-09,0.0035171671043938
0.002314,-1.15788929927083e-07,-8.31958679159554e-09,0.00410336162179277
0.002318,-1.62126834216798e-07,-1.35287846759821e-08,0.00468955613919173
0.002322,-2.00825664888884e-07,-1.86266080974984e-08,0.0052757506565907
0.002326,-2.30109095680836e-07,-2.30768013535766e-08,0.00586194517398967
0.00233,-2.57137017563229e-07,-2.74631647401285e-08,0.00644813969138863
0.002334,-2.93022441874986e-07,-3.3244745016969e-08,0.0070343342087876
0.002338,-3.35306297408617e-07,-4.02084038158037e-08,0.00762052872618657
0.002342,-3.79090029200518e-07,-4.760069660837e-08,0.00820672324358553
0.002346,-4.26613402875039e-07,-5.57125407986482e-08,0.0087929177609845
0.00235,-4.79494304918617e-07,-6.47904630386696e-08,0.00937911227838346
0.002354,-5.36991922469541e-07,-7.46510506244752e-08,0.00996530679578243
0.002358,-5.99483746838147e-07,-8.52927464225099e-08,0.0105515013131814
0.002362,-6.672495430453e-07,-9.6688806168541e-08,0.0111376958305804
0.002366,-7.40219000957779e-07,-1.0872951157895e-07,0.0117238903479793
0.00237,-8.18282605577422e-07,-1.21291449158213e-07,0.0123100848653783
0.002374,-9.01054805587658e-07,-1.34192704252108e-07,0.0128962793827773
0.002378,-9.87850155914831e-07,-1.47197727641761e-07,0.0134824739001762
0.002382,-1.0775800606304e-06,-1.60008531712221e-07,0.0140686684175752
0.002386,-1.16864639773539e-06,-1.72260269994634e-07,0.0146548629349742
0.00239,-1.25882012222029e-06,-1.83519027196045e-07,0.0152410574523731
0.002394,-1.34511024886919e-06,-1.93283303904555e-07,0.0158272519697721
0.002398,-1.4236321228295e-06,-2.00990520736676e-07,0.0164134464871711
0.002402,-1.43797775647292e-06,-1.99251440595766e-07,0.0164134464871711
0.002406,-1.43506466959826e-06,-1.95372195607337e-07,0.0164134464871711
0.00241,-1.41314199267896e-06,-1.89271592122442e-07,0.0164134464871711
0.002414,-1.37074923381532e-06,-1.80889187035847e-07,0.0164134464871711
0.002418,-1.30657330537865e-06,-1.70187524040405e-07,0.0164134464871711
0.002422,-1.21946257691394e-06,-1.57152794879133e-07,0.0164134464871711
0.002426,-1.10843680497315e-06,-1.4179549510505e-07,0.0164134464871711
0.00243,-9.72692986408377e-07,-1.24150954625669e-07,0.0164134464871711
0.002434,-8.11607849900132e-07,-1.04279841645381e-07,0.0164134464871711
0.002438,-6.24735439675732e-07,-8.2268336665084e-08,0.0164134464871711
0.002442,-4.11800892023004e-07,-5.8228341383391e-08,0.0164134464871711
0.002446,-1.72690684204106e-07,-3.22977330876312e-08,0.0164134464871711
0.00245,9.25604597883985e-08,-4.64063486323042e-09,0.0164134464871711
0.002454,3.83785897467996e-07,2.45523108871963e-08,0.0164134464871711
0.002458,7.00706637565357e-07,5.50637638503709e-08,0.0164134464871711
0.002462,1.04295349383914e-06,8.66492301762735e-08,0.0164134464871711
0.002466,1.41006139353317e-06,1.19041179117165e-07,0.0164134464871711
0.00247,1.80137402396999e-06,1.51961401447143e-07,0.0164134464871711
0.002474,2.21602119055436e-06,1.85119930537939e-07,0.0164134464871711
0.002478,2.65291944415982e-06,2.18216657473587e-07,0.0164134464871711
0.002482,3.11076838524558e-06,2.50944755753907e-07,0.0164134464871711
0.002486,3.58804850929693e-06,2.82994375328678e-07,0.0164134464871711
0.00249,4.08302050370849e-06,3.14056710250945e-07,0.0164134464871711
0.002494,4.59372755355095e-06,3.43827949733473e-07,0.0164134464871711
0.002498,5.11799987830647e-06,3.72013202406735e-07,0.0164134464871711
0.002502,5.6534612637434e-06,3.98330520897186e-07,0.0164134464871711
0.002506,6.1975378794922e-06,4.22515012668326e-07,0.0164134464871711
0.00251,6.74746955619771e-06,4.44323084840454e-07,0.0164134464871711
0.002514,7.30032429393731e-06,4.63535931031794e-07,0.0164134464871711
0.002518,7.853016467898e-06,4.79962780827699e-07,0.0164134464871711
0.002522,8.40232597234866e-06,4.93444173938435e-07,0.0164134464871711
0.002526,8.94503028973178e-06,5.03843806847459e-07,0.0164134464871711
0.00253,9.47801219000628e-06,5.11042003483949e-07,0.0164134464871711
0.002534,9.9981746148314e-06,5.1494767200485e-07,0.0164134464871711
0.002538,1.05024592184521e-05,5.15500151948765e-07,0.0164134464871711
0.002542,1.09878708228747e-05,5.12670103246554e-07,0.0164134464871711
0.002546,1.14515036134488e-05,5.06460260777367e-07,0.0164134464871711
0.00255,1.18905660256228e-05,4.96905333642915e-07,0.0164134464871711
0.002554,1.23024045197046e-05,4.84071435708028e-07,0.0164134464871711
0.002558,1.26845263037357e-05,4.68055452645121e-07,0.0164134464871711
0.002562,1.30346207800036e-05,4.48984161716784e-07,0.0164134464871711
0.002566,1.33505798135081e-05,4.2701318265742e-07,0.0164134464871711
0.00257,1.36305149777913e-05,4.02325050180103e-07,0.0164134464871711
0.002574,1.38727730476274e-05,3.75127182977754e-07,0.0164134464871711
0.002578,1.40759487572469e-05,3.45649808058587e-07,0.0164134464871711
0.002582,1.42388906340889e-05,3.1414431439193e-07,0.0164134464871711
0.002586,1.4360645115044e-05,2.80889051366473e-07,0.0164134464871711
0.00259,1.44404757489082e-05,2.46185166287473e-07,0.0164134464871711
0.002594,1.44779205637416e-05,2.10347122156621e-07,0.0164134464871711
0.002598,1.44727951838866e-05,1.73699350458008e-07,0.0164134464871711
0.002602,1.44251958562566e-05,1.36572556038988e-07,0.0164134464871711
0.002606,1.43354981476713e-05,9.92999516743755e-08,0.0164134464871711
0.00261,1.42043526103602e-05,6.22135522844055e-08,0.0164134464871711
0.002614,1.40326784657541e-05,2.56405424883796e-08,0.0164134464871711
0.002618,1.38216549495541e-05,-1.01003155509704e-08,0.0164134464871711
0.002622,1.35727107701315e-05,-4.47023619265884e-08,0.0164134464871711
0.002626,1.32875100695997e-05,-7.78742679417457e-08,0.0164134464871711
0.00263,1.29679366209228e-05,-1.09343006475743e-07,0.0164134464871711
0.002634,1.26160764763731e-05,-1.38856630961237e-07,0.0164134464871711
0.002638,1.22341991385084e-05,-1.66186921578463e-07,0.0164134464871711
0.002642,1.18247413816246e-05,-1.91132515026831e-07,0.0164134464871711
0.002646,1.13902978731324e-05,-2.13522616289788e-07,0.0164134464871711
0.00265,1.09335852452754e-05,-2.33216434289311e-07,0.0164134464871711
0.002654,1.04574104594632e-05,-2.50102924544091e-07,0.0164134464871711
0.002658,9.96464750600084e-06,-2.64101794473556e-07,0.0164134464871711
0.002662,9.45821325926429e-06,-2.75163808310933e-07,0.0164134464871711
0.002666,8.94104366356204e-06,-2.83270344788782e-07,0.0164134464871711
0.00267,8.4160705875533e-06,-2.88432926261635e-07,0.0164134464871711
0.002674,7.88619931671678e-06,-2.90692491411186e-07,0.0164134464871711
0.002678,7.35428666241326e-06,-2.90118667970131e-07,0.0164134464871711
0.002682,6.82312020750043e-06,-2.86808144211469e-07,0.0164134464871711
0.002686,6.29539888162437e-06,-2.80882780686196e-07,0.0164134464871711
0.00269,5.77371478344927e-06,-2.72487702906208e-07,0.0164134464871711
0.002694,5.26053625918328e-06,-2.61789286625005e-07,0.0164134464871711
0.002698,4.75819222040653e-06,-2.48973064097828e-07,0.0164134464871711
0.002702,4.26885798652352e-06,-2.34240723070901e-07,0.0164134464871711
0.002706,3.79454301101772e-06,-2.17807310158244e-07,0.0164134464871711
0.00271,3.33708253380913e-06,-1.99898985901089e-07,0.0164134464871711
0.002714,2.89812899019714e-06,-1.80750481173539e-07,0.0164134464871711
0.002718,2.4791448788204e-06,-1.60602275960939e-07,0.0164134464871711
0.002722,2.08139815517735e-06,-1.39697583205839e-07,0.0164134464871711
0.002726,1.70595898997002e-06,-1.18279575440149e-07,0.0164134464871711
0.00273,1.3536982020846e-06,-9.65886980965427e-08,0.0164134464871711
0.002734,1.02528696268833e-06,-7.48600903474084e-08,0.0164134464871711
0.002738,7.21198937257558e-07,-5.33210021224662e-08,0.0164134464871711
0.002742,4.41714263718123e-07,-3.21884158517718e-08,0.0164134464871711
0.002746,1.86924727299994e-07,-1.16669086159365e-08,0.0164134464871711
0.00275,-4.32597113611144e-08,8.05330606734456e-09,0.0164134464871711
0.002754,-2.49103271674256e-07,2.67982077455977e-08,0.0164134464871711
0.002758,-4.31034525322183e-07,4.44114558559626e-08,0.0164134464871711
0.002762,-5.89635786183689e-07,6.07556198816946e-08,0.0164134464871711
0.002766,-7.25631640377114e-07,7.57131565863895e-08,0.0164134464871711
0.00277,-8.39876643056428e-07,8.91871791714039e-08,0.0164134464871711
0.002774,-9.33342184025733e-07,1.01101996257975e-07,0.0164134464871711
0.002778,-1.00710229991821e-06,1.11403134816517e-07,0.0164134464871711
0.002782,-1.06231941881274e-06,1.20057199915394e-07,0.0164134464871711
0.002786,-1.10022988757199e-06,1.27051509203255e-07,0.0164134464871711
0.00279,-1.1221294599976e-06,1.32393643678103e-07,0.0164134464871711
0.002794,-1.12935857667367e-06,1.36110581721462e-07,0.0164134464871711
0.002798,-1.08340521931222e-06,1.33078444850314e-07,0.0158272519697721
0.002802,-1.02798442894345e-06,1.28162713174615e-07,0.0152410574523731
0.002806,-9.66310106252536e-07,1.21787382578569e-07,0.0146548629349742
0.00281,-9.01001879859054e-07,1.14343165424272e-07,0.0140686684175752
0.002814,-8.34157036720396e-07,1.06179186126694e-07,0.0134824739001762
0.002818,-7.67420011994383e-07,9.759870765375e-08,0.0128962793827773
0.002822,-7.02047822667748e-07,8.88580015471918e-08,0.0123100848653783
0.002826,-6.38970392616735e-07,8.01675400445224e-08,0.0117238903479793
0.00283,-5.78845154507214e-07,7.16948474489712e-08,0.0111376958305804
0.002834,-5.22105670461338e-07,6.35683948815081e-08,0.0105515013131814
0.002838,-4.69004320820394e-07,5.58820803602291e-08,0.00996530679578243
0.002842,-4.19649285333333e-07,4.8699945403189e-08,0.00937911227838346
0.002846,-3.74036046283876e-07,4.20609434939794e-08,0.0087929177609845
0.00285,-3.32073609452457e-07,3.59836150314126e-08,0.00820672324358553
0.002854,-2.93606843703839e-07,3.04700875872346e-08,0.00762052872618657
0.002858,-2.58434343713993e-07,2.55100039349785e-08,0.0070343342087876
0.002862,-2.26322780765808e-07,2.10839202834681e-08,0.00644813969138863
0.002866,-1.97018587657988e-07,1.71661372547648e-08,0.00586194517398967
0.00287,-1.70256033096064e-07,1.37274863683058e-08,0.0052757506565907
0.002874,-1.45764547715552e-07,1.07372390774252e-08,0.00468955613919173
0.002878,-1.2327348549158e-07,8.16489563007084e-09,0.00410336162179277
0.002882,-1.02514969089855e-07,5.98185105030019e-09,0.0035171671043938
0.002886,-8.32257547122167e-08,4.16275031858993e-09,0.00293097258699483
0.00289,-6.51482395062741e-08,2.68662282725181e-09,0.00234477806959587
0.002894,-4.80307356241246e-08,1.53787637525009e-09,0.0017585835521969
0.002898,-3.16271389830473e-08,7.07219712142889e-10,0.00117238903479793
0.002902,-1.56961241962447e-08,1.9257124450699e-10,0.000586194517398967
0.002906,0,0,0
0.00291,0,0,-0.000580966472650704
0.002914,0,0,-0.00116193294530141
0.002918,0,0,-0.00174289941795211
0.002922,0,0,-0.00232386589060282
0.002926,0,0,-0.00290483236325352
0.00293,0,0,-0.00348579883590422
0.002934,0,0,-0.00406676530855493
0.002938,0,0,-0.00464773178120563
0.002942,0,0,-0.00522869825385634
0.002946,0,0,-0.00580966472650704
0.00295,0,0,-0.00639063119915774
0.002954,0,0,-0.00697159767180845
0.002958,0,0,-0.00755256414445915
0.002962,0,0,-0.00813353061710985
0.002966,0,0,-0.00871449708976056
0.00297,0,0,-0.00929546356241126
0.002974,0,0,-0.00987643003506197
0.002978,0,0,-0.0104573965077127
0.002982,0,0,-0.0110383629803634
0.002986,0,0,-0.0116193294530141
0.00299,0,0,-0.0122002959256648
0.002994,0,0,-0.0127812623983155
0.002998,0,0,-0.0133622288709662
0.003002,0,0,-0.0139431953436169
0.003006,0,0,-0.0145241618162676
0.00301,0,0,-0.0151051282889183
0.003014,0,0,-0.015686094761569
0.003018,0,0,-0.0162670612342197
0.003022,0,0,-0.0168480277068704
0.003026,0,0,-0.0174289941795211
0.00303,0,0,-0.0180099606521718
0.003034,0,0,-0.0185909271248225
0.003038,0,0,-0.0191718935974732
0.003042,0,0,-0.0197528600701239
0.003046,0,0,-0.0203338265427746
0.00305,0,0,-0.0209147930154253
0.003054,0,0,-0.021495759488076
0.003058,0,0,-0.0220767259607268
0.003062,0,0,-0.0226576924333775
0.003066,0,0,-0.0226576924333775
0.00307,0,0,-0.0226576924333775
0.003074,0,0,-0.0226576924333775
0.003078,0,0,-0.0226576924333775
0.003082,0,0,-0.0226576924333775
0.003086,0,0,-0.0226576924333775
0.00309,0,0,-0.0226576924333775
0.003094,0,0,-0.0226576924333775
0.003098,0,0,-0.0226576924333775
0.003102,0,0,-0.0226576924333775
0.003106,0,0,-0.0226576924333775
0.00311,0,0,-0.0226576924333775
0.003114,0,0,-0.0226576924333775
0.003118,0,0,-0.0226576924333775
0.003122,0,0,-0.0226576924333775
0.003126,0,0,-0.0226576924333775
0.00313,0,0,-0.0226576924333775
0.003134,0,0,-0.0226576924333775
0.003138,0,0,-0.0226576924333775
0.003142,0,0,-0.0226576924333775
0.003146,0,0,-0.0226576924333775
0.00315,0,0,-0.0226576924333775
0.003154,0,0,-0.0226576924333775
0.003158,0,0,-0.0226576924333775
0.003162,0,0,-0.0226576924333775
0.003166,0,0,-0.0226576924333775
0.00317,0,0,-0.0226576924333775
0.003174,0,0,-0.0226576924333775
0.003178,0,0,-0.0226576924333775
0.003182,0,0,-0.0226576924333775
0.003186,0,0,-0.0226576924333775
0.00319,0,0,-0.0226576924333775
0.003194,0,0,-0.0226576924333775
0.003198,0,0,-0.0226576924333775
0.003202,0,0,-0.0226576924333775
0.003206,0,0,-0.0226576924333775
0.00321,0,0,-0.0226576924333775
0.003214,0,0,-0.0226576924333775
0.003218,0,0,-0.0226576924333775
0.003222,0,0,-0.0226576924333775
0.003226,0,0,-0.0226576924333775
0.00323,0,0,-0.0226576924333775
0.003234,0,0,-0.0226576924333775
0.003238,0,0,-0.0226576924333775
0.003242,0,0,-0.0226576924333775
0.003246,0,0,-0.0226576924333775
0.00325,0,0,-0.0226576924333775
0.003254,0,0,-0.0226576924333775
0.003258,0,0,-0.0226576924333775
0.003262,0,0,-0.0226576924333775
0.003266,0,0,-0.0226576924333775
0.00327,0,0,-0.0226576924333775
0.003274,0,0,-0.0226576924333775
0.003278,0,0,-0.0220767259607268
0.003282,0,0,-0.021495759488076
0.003286,0,0,-0.0209147930154253
0.00329,0,0,-0.0203338265427746
0.003294,0,0,-0.0197528600701239
0.003298,0,0,-0.0191718935974732
0.003302,0,0,-0.0185909271248225
0.003306,0,0,-0.0180099606521718
0.00331,0,0,-0.0174289941795211
0.003314,0,0,-0.0168480277068704
0.003318,0,0,-0.0162670612342197
0.003322,0,0,-0.015686094761569
0.003326,0,0,-0.0151051282889183
0.00333,0,0,-0.0145241618162676
0.003334,0,0,-0.0139431953436169
0.003338,0,0,-0.0133622288709662
0.003342,0,0,-0.0127812623983155
0.003346,0,0,-0.0122002959256648
0.00335,0,0,-0.0116193294530141
0.003354,0,0,-0.0110383629803634
0.003358,0,0,-0.0104573965077127
0.003362,0,0,-0.00987643003506197
0.003366,0,0,-0.00929546356241126
0.00337,0,0,-0.00871449708976056
0.003374,0,0,-0.00813353061710985
0.003378,0,0,-0.00755256414445915
0.003382,0,0,-0.00697159767180845
0.003386,0,0,-0.00639063119915774
0.00339,0,0,-0.00580966472650704
0.003394,0,0,-0.00522869825385634
0.003398,0,0,-0.00464773178120563
0.003402,0,0,-0.00406676530855493
0.003406,0,0,-0.00348579883590422
0.00341,0,0,-0.00290483236325352
0.003414,0,0,-0.00232386589060282
0.003418,0,0,-0.00174289941795211
0.003422,0,0,-0.00116193294530141
0.003426,0,0,-0.000580966472650704
0.00343,0,0,-0
0.003434,8.29210220364897e-09,-1.49715130481763e-10,0.000586194517398967
0.003438,1.38359340105675e-08,-7.60430831103952e-11,0.00117238903479793
0.003442,1.43896713972972e-08,1.46960768293145e-10,0.0017585835521969
0.003446,8.66790532497432e-09,3.57384400127701e-10,0.00234477806959587
0.00345,-3.35702224092664e-09,3.62820047007326e-10,0.00293097258699483
0.003454,-2.03690861851671e-08,1.08228826801896e-11,0.0035171671043938
0.003458,-3.99092804784621e-08,-7.46472559073629e-10,0.00410336162179277
0.003462,-5.8933217697766e-08,-1.81861790370835e-09,0.00468955613919173
0.003466,-7.47946264743174e-08,-3.00510050562355e-09,0.0052757506565907
0.00347,-8.67221917857377e-08,-4.12269384326305e-09,0.00586194517398967
0.003474,-9.782156199112e-08,-5.27216798363848e-09,0.00644813969138863
0.003478,-1.12917224465771e-07,-6.84368133859065e-09,0.0070343342087876
0.003482,-1.30928648908397e-07,-8.80885615444147e-09,0.00762052872618657
0.003486,-1.49699362881585e-07,-1.09593977662505e-08,0.00820672324358553
0.00349,-1.70165273420258e-07,-1.33759582101727e-08,0.0087929177609845
0.003494,-1.92979198135495e-07,-1.61310019349493e-08,0.00937911227838346
0.003498,-2.17751726754174e-07,-1.91603913455773e-08,0.00996530679578243
0.003502,-2.44566736042371e-07,-2.24490199423055e-08,0.0105515013131814
0.003506,-2.73454061826297e-07,-2.59682053024323e-08,0.0111376958305804
0.00351,-3.04283951674496e-07,-2.96563981495343e-08,0.0117238903479793
0.003514,-3.36910742779853e-07,-3.34427628753643e-08,0.0123100848653783
0.003518,-3.71081417054484e-07,-3.72345541737847e-08,0.0128962793827773
0.003522,-4.06441708247261e-07,-4.09221199908026e-08,0.0134824739001762
0.003526,-4.42512579488656e-07,-4.43808591080459e-08,0.0140686684175752
0.00353,-4.78670427913938e-07,-4.74762618722994e-08,0.0146548629349742
0.003534,-5.14125082546688e-07,-5.00712742158599e-08,0.0152410574523731
0.003538,-5.47896133525559e-07,-5.20362563402959e-08,0.0158272519697721
0.003542,-5.78787592286164e-07,-5.32613784636624e-08,0.0164134464871711
0.003546,-5.84425920761312e-07,-5.19600267732864e-08,0.0164134464871711
0.00355,-5.84373769207685e-07,-5.02641636356515e-08,0.0164134464871711
0.003554,-5.78160427126322e-07,-4.82180283961352e-08,0.0164134464871711
0.003558,-5.65348705988065e-07,-4.58450078358003e-08,0.0164134464871711
0.003562,-5.45544937711904e-07,-4.31671223094527e-08,0.0164134464871711
0.003566,-5.18405252987382e-07,-4.02048331721912e-08,0.0164134464871711
0.00357,-4.83641765502256e-07,-3.697720098079e-08,0.0164134464871711
0.003574,-4.41028523272795e-07,-3.3502327469987e-08,0.0164134464871711
0.003578,-3.90407271327221e-07,-2.97980092008269e-08,0.0164134464871711
0.003582,-3.31692478129458e-07,-2.5882578614866e-08,0.0164134464871711
0.003586,-2.64875866465559e-07,-2.17759604910198e-08,0.0164134464871711
0.00359,-1.90030445988898e-07,-1.75009099317878e-08,0.0164134464871711
0.003594,-1.07314008537912e-07,-1.30843819879136e-08,0.0164134464871711
0.003598,-1.69720113081067e-08,-8.55897494742318e-09,0.0164134464871711
0.003602,8.06609012618052e-08,-3.96448890384211e-09,0.0164134464871711
0.003606,1.85159343284942e-07,6.50691166075332e-10,0.0164134464871711
0.00361,2.96022349322406e-07,5.22579885606867e-09,0.0164134464871711
0.003614,4.12709082881915e-07,9.68758425121759e-09,0.0164134464871711
0.003618,5.34622859752481e-07,1.39615834499068e-08,0.0164134464871711
0.003622,6.61109948730168e-07,1.79752819280201e-08,0.0164134464871711
0.003626,7.91465046135556e-07,2.16596033359669e-08,0.0164134464871711
0.00363,9.24937491029607e-07,2.49503446769891e-08,0.0164134464871711
0.003634,1.06073788835811e-06,2.77896738897017e-08,0.0164134464871711
0.003638,1.19804541494195e-06,3.01273829386337e-08,0.0164134464871711
0.003642,1.3360154630269e-06,3.19219989614951e-08,0.0164134464871711
0.003646,1.47378751481421e-06,3.31418050978733e-08,0.0164134464871711
0.00365,1.61049323197056e-06,3.3765739211645e-08,0.0164134464871711
0.003654,1.74526471029763e-06,3.37841656047091e-08,0.0164134464871711
0.003658,1.8772428020584e-06,3.3199228903091e-08,0.0164134464871711
0.003662,2.00558505067599e-06,3.20249964512984e-08,0.0164134464871711
0.003666,2.12947372874018e-06,3.0287478092165e-08,0.0164134464871711
0.00367,2.24810526737409e-06,2.80185491172415e-08,0.0164134464871711
0.003674,2.36068620193754e-06,2.52504137090599e-08,0.0164134464871711
0.003678,2.46646076805871e-06,2.2020432486353e-08,0.0164134464871711
0.003682,2.56471906677247e-06,1.8370920684078e-08,0.0164134464871711
0.003686,2.6548037759084e-06,1.43486210958092e-08,0.0164134464871711
0.00369,2.73611623359602e-06,1.00040908522418e-08,0.0164134464871711
0.003694,2.80812185002006e-06,5.39096999334017e-09,0.0164134464871711
0.003698,2.87035478826625e-06,5.65218693944734e-10,0.0164134464871711
0.003702,2.92242208239007e-06,-4.41559940879664e-09,0.0164134464871711
0.003706,2.96400710997587e-06,-9.49302741067036e-09,0.0164134464871711
0.00371,2.99487248209095e-06,-1.46084202281074e-08,0.0164134464871711
0.003714,3.01486176694743e-06,-1.97036862798508e-08,0.0164134464871711
0.003718,3.02390048204344e-06,-2.47219748104995e-08,0.0164134464871711
0.003722,3.02199645418775e-06,-2.96082821501253e-08,0.0164134464871711
0.003726,3.00924020021129e-06,-3.43097439530965e-08,0.0164134464871711
0.00373,2.98581286563613e-06,-3.87724875669343e-08,0.0164134464871711
0.003734,2.95198180783256e-06,-4.29430131941883e-08,0.0164134464871711
0.003738,2.90809010248042e-06,-4.67718674820709e-08,0.0164134464871711
0.003742,2.85455278567757e-06,-5.02142327850973e-08,0.0164134464871711
0.003746,2.79185229256004e-06,-5.32306286637558e-08,0.0164134464871711
0.00375,2.72053318600411e-06,-5.57874341056881e-08,0.0164134464871711
0.003754,2.64119622346443e-06,-5.78572685682147e-08,0.0164134464871711
0.003758,2.55449209705845e-06,-5.9419324167709e-08,0.0164134464871711
0.003762,2.46111479014449e-06,-6.04596242268794e-08,0.0164134464871711
0.003766,2.36179464233314e-06,-6.09712678289757e-08,0.0164134464871711
0.00377,2.25729097971443e-06,-6.09544110287124e-08,0.0164134464871711
0.003774,2.14838465683501e-06,-6.04161619383651e-08,0.0164134464871711
0.003778,2.0358705786071e-06,-5.93704181510995e-08,0.0164134464871711
0.003782,1.92055022446399e-06,-5.78376533100982e-08,0.0164134464871711
0.003786,1.80322358720561e-06,-5.58448470963881e-08,0.0164134464871711
0.00379,1.68467990494816e-06,-5.34255759889592e-08,0.0164134464871711
0.003794,1.56569255462738e-06,-5.06187110022306e-08,0.0164134464871711
0.003798,1.44701362978096e-06,-4.74673681380212e-08,0.0164134464871711
0.003802,1.32936754580904e-06,-4.40183284138491e-08,0.0164134464871711
0.003806,1.21344517589348e-06,-4.03213153749277e-08,0.0164134464871711
0.00381,1.09989857325535e-06,-3.64281747695225e-08,0.0164134464871711
0.003814,9.89336176491328e-07,-3.23921149845945e-08,0.0164134464871711
0.003818,8.82318560771617e-07,-2.82669537605922e-08,0.0164134464871711
0.003822,7.79354656593257e-07,-2.41064049922885e-08,0.0164134464871711
0.003826,6.80898809157675e-07,-1.99632862000998e-08,0.0164134464871711
0.00383,5.87348516827252e-07,-1.58887717992949e-08,0.0164134464871711
0.003834,4.99042751852959e-07,-1.19317201138619e-08,0.0164134464871711
0.003838,4.16260881488047e-07,-8.13805211405353e-09,0.0164134464871711
0.003842,3.39222158887968e-07,-4.55017592195755e-09,0.0164134464871711
0.003846,2.68086349002567e-07,-1.20644284067578e-09,0.0164134464871711
0.00385,2.02954820272649e-07,1.85926692784146e-09,0.0164134464871711
0.003854,1.43871609871872e-07,4.61786847005635e-09,0.0164134464871711
0.003858,9.08252963389909e-08,7.04537568859365e-09,0.0164134464871711
0.003862,4.37515732782829e-08,9.12313872743282e-09,0.0164134464871711
0.003866,2.53646909601247e-09,1.08379660309424e-08,0.0164134464871711
0.00387,-3.29801434976085e-08,1.21821664813899e-08,0.0164134464871711
0.003874,-6.30006882063569e-08,1.31535140255035e-08,0.0164134464871711
0.003878,-8.7765778676363e-08,1.37551699095182e-08,0.0164134464871711
0.003882,-1.07549706713748e-07,1.39954819883488e-08,0.0164134464871711
0.003886,-1.22655734859959e-07,1.38876874811159e-08,0.0164134464871711
0.00389,-1.33411334749588e-07,1.3449571810927e-08,0.0164134464871711
0.003894,-1.40163366334702e-07,1.27030802764298e-08,0.0164134464871711
0.003898,-1.43273246094665e-07,1.16739085839573e-08,0.0164134464871711
0.003902,-1.43112094210239e-07,1.03909604983429e-08,0.0164134464871711
0.003906,-1.40056056929016e-07,8.88580710305651e-09,0.0164134464871711
0.00391,-1.34481771481276e-07,7.19211936510697e-09,0.0164134464871711
0.003914,-1.26762021228718e-07,5.34508585701731e-09,0.0164134464871711
0.003918,-1.17261660656676e-07,3.38083212819818e-09,0.0164134464871711
0.003922,-1.06333884964527e-07,1.33578109422632e-09,0.0164134464871711
0.003926,-9.43168373990627e-08,-7.53935010749937e-10,0.0164134464871711
0.00393,-8.1530573230113e-08,-2.85303492003796e-09,0.0164134464871711
0.003934,-6.82743550481674e-08,-4.92760097510148e-09,0.0164134464871711
0.003938,-5.48243991471975e-08,-6.94559061562397e-09,0.0164134464871711
0.003942,-4.01795647088428e-08,-8.53559706809119e-09,0.0158272519697721
0.003946,-2.71487558485182e-08,-9.83604280516494e-09,0.0152410574523731
0.00395,-1.57702994446423e-08,-1.08461767015984e-08,0.0146548629349742
0.003954,-6.01848376121426e-09,-1.15753672074708e-08,0.0140686684175752
0.003958,2.17840617916546e-09,-1.20407409882873e-08,0.0134824739001762
0.003962,8.9232258913795e-09,-1.22649590458983e-08,0.0128962793827773
0.003966,1.4337996917956e-08,-1.22742223580641e-08,0.0123100848653783
0.00397,1.85544913307203e-08,-1.20965633226807e-08,0.0117238903479793
0.003974,2.170710539984e-08,-1.17604643011031e-08,0.0111376958305804
0.003978,2.39275637644996e-08,-1.12937674276997e-08,0.0105515013131814
0.003982,2.53411614686647e-08,-1.07228622400911e-08,0.00996530679578243
0.003986,2.60642638460187e-08,-1.00721223001294e-08,0.00937911227838346
0.00399,2.62028396531844e-08,-9.36355822625381e-09,0.0087929177609845
0.003994,2.58518227111155e-08,-8.61666293023989e-09,0.00820672324358553
0.003998,2.50948971473462e-08,-7.84837175637673e-09,0.00762052872618657
0.004002,2.40048533093746e-08,-7.07314323695841e-09,0.0070343342087876
0.004006,2.26441953791934e-08,-6.30312030042804e-09,0.00644813969138863
0.00401,2.10658781616902e-08,-5.54832223062391e-09,0.00586194517398967
0.004014,1.93143159186319e-08,-4.8169115203363e-09,0.0052757506565907
0.004018,1.74262183088923e-08,-4.11540291326656e-09,0.00468955613919173
0.004022,1.54315344664022e-08,-3.44890828383973e-09,0.00410336162179277
0.004026,1.33544360535152e-08,-2.82138615577324e-09,0.0035171671043938
0.00403,1.1214218113513e-08,-2.23585994215857e-09,0.00293097258699483
0.004034,9.02612804287445e-09,-1.69460696909847e-09,0.00234477806959587
0.004038,6.80213347882939e-09,-1.19931953995801e-09,0.0017585835521969
0.004042,4.55163975873729e-09,-7.51238340399756e-10,0.00117238903479793
0.004046,2.28216742269921e-09,-3.51257538397157e-10,0.000586194517398967
0.00405,0,0,0
0.004054,0,0,-0.000580966472650704
0.004058,0,0,-0.00116193294530141
0.004062,0,0,-0.00174289941795211
0.004066,0,0,-0.00232386589060282
0.00407,0,0,-0.00290483236325352
0.004074,0,0,-0.00348579883590422
0.004078,0,0,-0.00406676530855493
0.004082,0,0,-0.00464773178120563
0.004086,0,0,-0.00522869825385634
0.00409,0,0,-0.00580966472650704
0.004094,0,0,-0.00639063119915774
0.004098,0,0,-0.00697159767180845
0.004102,0,0,-0.00755256414445915
0.004106,0,0,-0.00813353061710985
0.00411,0,0,-0.00871449708976056
0.004114,0,0,-0.00929546356241126
0.004118,0,0,-0.00987643003506197
0.004122,0,0,-0.0104573965077127
0.004126,0,0,-0.0110383629803634
0.00413,0,0,-0.0116193294530141
0.004134,0,0,-0.0122002959256648
0.004138,0,0,-0.0127812623983155
0.004142,0,0,-0.0133622288709662
0.004146,0,0,-0.0139431953436169
0.00415,0,0,-0.0145241618162676
0.004154,0,0,-0.0151051282889183
0.004158,0,0,-0.015686094761569
0.004162,0,0,-0.0162670612342197
0.004166,0,0,-0.0168480277068704
0.00417,0,0,-0.0174289941795211
0.004174,0,0,-0.0180099606521718
0.004178,0,0,-0.0185909271248225
0.004182,0,0,-0.0191718935974732
0.004186,0,0,-0.0197528600701239
0.00419,0,0,-0.0203338265427746
0.004194,0,0,-0.0209147930154253
0.004198,0,0,-0.021495759488076
0.004202,0,0,-0.0220767259607268
0.004206,0,0,-0.0226576924333775
0.00421,0,0,-0.0226576924333775
0.004214,0,0,-0.0226576924333775
0.004218,0,0,-0.0226576924333775
0.004222,0,0,-0.0226576924333775
0.004226,0,0,-0.0226576924333775
0.00423,0,0,-0.0226576924333775
0.004234,0,0,-0.0226576924333775
0.004238,0,0,-0.0226576924333775
0.004242,0,0,-0.0226576924333775
0.004246,0,0,-0.0226576924333775
0.00425,0,0,-0.0226576924333775
0.004254,0,0,-0.0226576924333775
0.004258,0,0,-0.0226576924333775
0.004262,0,0,-0.0226576924333775
0.004266,0,0,-0.0226576924333775
0.00427,0,0,-0.0226576924333775
0.004274,0,0,-0.0226576924333775
0.004278,0,0,-0.0226576924333775
0.004282,0,0,-0.0226576924333775
0.004286,0,0,-0.0226576924333775
0.00429,0,0,-0.0226576924333775
0.004294,0,0,-0.0226576924333775
0.004298,0,0,-0.0226576924333775
0.004302,0,0,-0.0226576924333775
0.004306,0,0,-0.0226576924333775
0.00431,0,0,-0.0226576924333775
0.004314,0,0,-0.0226576924333775
0.004318,0,0,-0.0226576924333775
0.004322,0,0,-0.0226576924333775
0.004326,0,0,-0.0226576924333775
0.00433,0,0,-0.0226576924333775
0.004334,0,0,-0.0226576924333775
0.004338,0,0,-0.0226576924333775
0.004342,0,0,-0.0226576924333775
0.004346,0,0,-0.0226576924333775
0.00435,0,0,-0.0226576924333775
0.004354,0,0,-0.0226576924333775
0.004358,0,0,-0.0226576924333775
0.004362,0,0,-0.0226576924333775
0.004366,0,0,-0.0226576924333775
0.00437,0,0,-0.0226576924333775
0.004374,0,0,-0.0226576924333775
0.004378,0,0,-0.0226576924333775
0.004382,0,0,-0.0226576924333775
0.004386,0,0,-0.0226576924333775
0.00439,0,0,-0.0226576924333775
0.004394,0,0,-0.0226576924333775
0.004398,0,0,-0.0226576924333775
0.004402,0,0,-0.0226576924333775
0.004406,0,0,-0.0226576924333775
0.00441,0,0,-0.0226576924333775
0.004414,0,0,-0.0226576924333775
0.004418,0,0,-0.0226576924333775
0.004422,0,0,-0.0220767259607268
0.004426,0,0,-0.021495759488076
0.00443,0,0,-0.0209147930154253
0.004434,0,0,-0.0203338265427746
0.004438,0,0,-0.0197528600701239
0.004442,0,0,-0.0191718935974732
0.004446,0,0,-0.0185909271248225
0.00445,0,0,-0.0180099606521718
0.004454,0,0,-0.0174289941795211
0.004458,0,0,-0.0168480277068704
0.004462,0,0,-0.0162670612342197
0.004466,0,0,-0.015686094761569
0.00447,0,0,-0.0151051282889183
0.004474,0,0,-0.0145241618162676
0.004478,0,0,-0.0139431953436169
0.004482,0,0,-0.0133622288709662
0.004486,0,0,-0.0127812623983155
0.00449,0,0,-0.0122002959256648
0.004494,0,0,-0.0116193294530141
0.004498,0,0,-0.0110383629803634
0.004502,0,0,-0.0104573965077127
0.004506,0,0,-0.00987643003506197
0.00451,0,0,-0.00929546356241126
0.004514,0,0,-0.00871449708976056
0.004518,0,0,-0.00813353061710985
0.004522,0,0,-0.00755256414445915
0.004526,0,0,-0.00697159767180845
0.00453,0,0,-0.00639063119915774
0.004534,0,0,-0.00580966472650704
0.004538,0,0,-0.00522869825385634
0.004542,0,0,-0.00464773178120563
0.004546,0,0,-0.00406676530855493
0.00455,0,0,-0.00348579883590422
0.004554,0,0,-0.00290483236325352
0.004558,0,0,-0.00232386589060282
0.004562,0,0,-0.00174289941795211
0.004566,0,0,-0.00116193294530141
0.00457,0,0,-0.000580966472650704
0.004574,0,0,-0
0.004578,-1.14193731703614e-09,-2.69476614240634e-10,0.000586194517398967
0.004582,-1.27097711667054e-09,-4.70880454551965e-10,0.00117238903479793
0.004586,4.21742033605336e-10,-4.87642310850555e-10,0.0017585835521969
0.00459,4.3793977235898e-09,-2.08345993216716e-10,0.00234477806959587
0.004594,1.05677689395125e-08,4.39945988458951e-10,0.00293097258699483
0.004598,1.8445774761592e-08,1.46172689137636e-09,0.0035171671043938
0.004602,2.70445691599739e-08,2.77637470920871e-09,0.00410336162179277
0.004606,3.51808921354813e-08,4.22698764189565e-09,0.00468955613919173
0.00461,4.18296646636896e-08,5.62919022080389e-09,0.0052757506565907
0.004614,4.66799925768927e-08,6.87659695877621e-09,0.00586194517398967
0.004618,5.08851330013028e-08,8.11943643526891e-09,0.00644813969138863
0.004622,5.62477269706404e-08,9.68321909002369e-09,0.0070343342087876
0.004626,6.23634326414888e-08,1.15057623021473e-08,0.00762052872618657
0.00463,6.84433983465558e-08,1.34147153307383e-08,0.00820672324358553
0.004634,7.4877324481621e-08,1.5466550781956e-08,0.0087929177609845
0.004638,8.19694315088071e-08,1.77036951278604e-08,0.00937911227838346
0.004642,8.96579351312587e-08,2.00767321476608e-08,0.00996530679578243
0.004646,9.80811446159914e-08,2.25734438247822e-08,0.0105515013131814
0.00465,1.07377808028744e-07,2.51748029541261e-08,0.0111376958305804
0.004654,1.17641861532321e-07,2.78435283843159e-08,0.0117238903479793
0.004658,1.28965078614516e-07,3.0538406433602e-08,0.0123100848653783
0.004662,1.41386468936408e-07,3.32057207152658e-08,0.0128962793827773
0.004666,1.54871466735603e-07,3.57810825055831e-08,0.0134824739001762
0.00467,1.69273118507814e-07,3.8188993975511e-08,0.0140686684175752
0.004674,1.8428800407233e-07,4.0343885385864e-08,0.0146548629349742
0.004678,1.99406360332976e-07,4.21522562863626e-08,0.0152410574523731
0.004682,2.13860131648647e-07,4.35161641196563e-08,0.0158272519697721
0.004686,2.26575884399001e-07,4.43379549673948e-08,0.0164134464871711
0.00469,2.27999300799231e-07,4.30610139889715e-08,0.0164134464871711
0.004694,2.25148650141038e-07,4.13700711071901e-08,0.0164134464871711
0.004698,2.1758769518548e-07,3.92584940597563e-08,0.0164134464871711
0.004702,2.05064279993318e-07,3.67081451080276e-08,0.0164134464871711
0.004706,1.87391376423122e-07,3.37002297893488e-08,0.0164134464871711
0.00471,1.64446597092006e-07,3.02155693786306e-08,0.0164134464871711
0.004714,1.36168639929068e-07,2.62352162936169e-08,0.0164134464871711
0.004718,1.02550898124807e-07,2.17413898372411e-08,0.0164134464871711
0.004722,6.36327435033157e-08,1.67187447552078e-08,0.0164134464871711
0.004726,1.94881441425601e-08,1.11559911122918e-08,0.0164134464871711
0.00473,-2.97877990227676e-08,5.04787392395811e-09,0.0164134464871711
0.004734,-8.4094150542304e-08,-1.60250351560188e-09,0.0164134464871711
0.004738,-1.43341054667836e-07,-8.78101964192841e-09,0.0164134464871711
0.004742,-2.07468034571476e-07,-1.64595340467652e-08,0.0164134464871711
0.004746,-2.76462552355942e-07,-2.45927417105806e-08,0.0164134464871711
0.00475,-3.50380194641925e-07,-3.31146028407745e-08,0.0164134464871711
0.004754,-4.29323508256737e-07,-4.19412674461049e-08,0.0164134464871711
0.004758,-5.13332151700176e-07,-5.09876002287938e-08,0.0164134464871711
0.004762,-6.02391512499928e-07,-6.01649107305089e-08,0.0164134464871711
0.004766,-6.96438340174572e-07,-6.93804221086341e-08,0.0164134464871711
0.00477,-7.95354732813293e-07,-7.85388854415126e-08,0.0164134464871711
0.004774,-8.98962228668284e-07,-8.75443593381029e-08,0.0164134464871711
0.004778,-1.00701641659198e-06,-9.63021204150944e-08,0.0164134464871711
0.004782,-1.11920248561733e-06,-1.04720621259864e-07,0.0164134464871711
0.004786,-1.23513167942819e-06,-1.1271344708616e-07,0.0164134464871711
0.00479,-1.35433864984922e-06,-1.20201273474752e-07,0.0164134464871711
0.004794,-1.47627986254789e-06,-1.27113810392772e-07,0.0164134464871711
0.004798,-1.60033319615567e-06,-1.33391723487083e-07,0.0164134464871711
0.004802,-1.725798975748e-06,-1.38988312266358e-07,0.0164134464871711
0.004806,-1.85190356315421e-06,-1.43870794508343e-07,0.0164134464871711
0.00481,-1.97780292666963e-06,-1.48021703140485e-07,0.0164134464871711
0.004814,-2.10268457871392e-06,-1.51422831357715e-07,0.0164134464871711
0.004818,-2.22584282366556e-06,-1.54042868716244e-07,0.0164134464871711
0.004822,-2.34658409714554e-06,-1.55854652522157e-07,0.0164134464871711
0.004826,-2.46422641545058e-06,-1.56836508773439e-07,0.0164134464871711
0.00483,-2.5781039594647e-06,-1.56972550757064e-07,0.0164134464871711
0.004834,-2.68757303720318e-06,-1.56252784530854e-07,0.0164134464871711
0.004838,-2.79201725472703e-06,-1.54673120382749e-07,0.0164134464871711
0.004842,-2.89085231605301e-06,-1.52235318673821e-07,0.0164134464871711
0.004846,-2.98353042767036e-06,-1.4894696697621e-07,0.0164134464871711
0.00485,-3.06954427465639e-06,-1.44821449477774e-07,0.0164134464871711
0.004854,-3.14843061163559e-06,-1.39877925712436e-07,0.0164134464871711
0.004858,-3.21977306633569e-06,-1.34141173313864e-07,0.0164134464871711
0.004862,-3.28320464414644e-06,-1.27641408521893e-07,0.0164134464871711
0.004866,-3.33840923748106e-06,-1.20414231286516e-07,0.0164134464871711
0.00487,-3.3851186582538e-06,-1.12501381912128e-07,0.0164134464871711
0.004874,-3.42306068181669e-06,-1.03961792618302e-07,0.0164134464871711
0.004878,-3.45197134894773e-06,-9.48693703888886e-08,0.0164134464871711
0.004882,-3.47163945364949e-06,-8.53037192538924e-08,0.0164134464871711
0.004886,-3.48190788675641e-06,-7.53494489215703e-08,0.0164134464871711
0.00489,-3.48267623576643e-06,-6.50951471080097e-08,0.0164134464871711
0.004894,-3.4739020578312e-06,-5.46323883598419e-08,0.0164134464871711
0.004898,-3.45560167550879e-06,-4.40546857984953e-08,0.0164134464871711
0.004902,-3.42785059233584e-06,-3.34564404334808e-08,0.0164134464871711
0.004906,-3.39078343863915e-06,-2.29318713741848e-08,0.0164134464871711
0.00491,-3.34459353471454e-06,-1.25739086353144e-08,0.0164134464871711
0.004914,-3.28953163744355e-06,-2.47313156479606e-09,0.0164134464871711
0.004918,-3.22590423830925e-06,7.28325053888968e-09,0.0164134464871711
0.004922,-3.15407140357573e-06,1.66123723905981e-08,0.0164134464871711
0.004926,-3.07444414842455e-06,2.54366547325409e-08,0.0164134464871711
0.00493,-2.98748477184464e-06,3.36855491247147e-08,0.0164134464871711
0.004934,-2.89371395445021e-06,4.12989685797587e-08,0.0164134464871711
0.004938,-2.79369581443963e-06,4.82254094360382e-08,0.0164134464871711
0.004942,-2.68802647136584e-06,5.44207982305798e-08,0.0164134464871711
0.004946,-2.57732950738618e-06,5.98490098445653e-08,0.0164134464871711
0.00495,-2.46225069417699e-06,6.44821320327054e-08,0.0164134464871711
0.004954,-2.34345264856923e-06,6.83005610851919e-08,0.0164134464871711
0.004958,-2.22160948568719e-06,7.12930706319285e-08,0.0164134464871711
0.004962,-2.09740145279075e-06,7.34568041347123e-08,0.0164134464871711
0.004966,-1.97150956783084e-06,7.47972555350068e-08,0.0164134464871711
0.00497,-1.84461031545882e-06,7.53280107990371e-08,0.0164134464871711
0.004974,-1.71737051474738e-06,7.50704005749744e-08,0.0164134464871711
0.004978,-1.59044237183908e-06,7.40531254269133e-08,0.0164134464871711
0.004982,-1.46445872513305e-06,7.23118346013633e-08,0.0164134464871711
0.004986,-1.34002850918745e-06,6.98886732559363e-08,0.0164134464871711
0.00499,-1.21773189640629e-06,6.68313927529659e-08,0.0164134464871711
0.004994,-1.09811604242096e-06,6.31925469006114e-08,0.0164134464871711
0.004998,-9.81693391775993e-07,5.90293153178076e-08,0.0164134464871711
0.005002,-8.68938827927394e-07,5.44029186151526e-08,0.0164134464871711
0.005006,-7.60286817200718e-07,4.93778394915524e-08,0.0164134464871711
0.00501,-6.56129151612365e-07,4.40209602527174e-08,0.0164134464871711
0.005014,-5.56813034925056e-07,3.84007469601119e-08,0.0164134464871711
0.005018,-4.62639585946376e-07,3.25864373135989e-08,0.0164134464871711
0.005022,-3.73862669580859e-07,2.66472483691117e-08,0.0164134464871711
0.005026,-2.90688346870652e-07,2.06515517535712e-08,0.0164134464871711
0.00503,-2.132748231213e-07,1.46660842914238e-08,0.0164134464871711
0.005034,-1.41732743926916e-07,8.75521858664142e-09,0.0164134464871711
0.005038,-7.61258788666371e-08,2.98027561425582e-09,0.0164134464871711
0.005042,-1.64721340641403e-08,-2.60112821418997e-09,0.0164134464871711
0.005046,3.7254809177689e-08,-7.9356663718745e-09,0.0164134464871711
0.00505,8.51235930092605e-08,-1.29748171677408e-08,0.0164134464871711
0.005054,1.27243018224281e-07,-1.76753148007162e-08,0.0164134464871711
0.005058,1.63759569728768e-07,-2.19995257156984e-08,0.0164134464871711
0.005062,1.9485462358683e-07,-2.59157504358732e-08,0.0164134464871711
0.005066,2.20741277144813e-07,-2.93983900843078e-08,0.0164134464871711
0.00507,2.41661085017745e-07,-3.24280502152799e-08,0.0164134464871711
0.005074,2.57880655612226e-07,-3.49915706304655e-08,0.0164134464871711
0.005078,2.69688165616244e-07,-3.70820164868413e-08,0.0164134464871711
0.005082,2.7738971790541e-07,-3.86985484935966e-08,0.0164134464871711
0.005086,2.71229126631032e-07,-3.83552176916431e-08,0.0158272519697721
0.00509,2.61738601438929e-07,-3.74073638479553e-08,0.0152410574523731
0.005094,2.49825234490946e-07,-3.59720237050778e-08,0.0146548629349742
0.005098,2.36244971744608e-07,-3.41599464117259e-08,0.0140686684175752
0.005102,2.21618375946956e-07,-3.20725791217696e-08,0.0134824739001762
0.005106,2.06446465970139e-07,-2.9800236642273e-08,0.0128962793827773
0.00511,1.91126111203306e-07,-2.74212244262171e-08,0.0123100848653783
0.005114,1.7596460704322e-07,-2.50016949122046e-08,0.0117238903479793
0.005118,1.61193187861591e-07,-2.25960585945814e-08,0.0111376958305804
0.005122,1.46979310685204e-07,-2.02477660541768e-08,0.0105515013131814
0.005126,1.33437651714325e-07,-1.7990328123067e-08,0.00996530679578243
0.00513,1.20639812091938e-07,-1.58484683389683e-08,0.00937911227838346
0.005134,1.08622745177668e-07,-1.38393467981148e-08,0.0087929177609845
0.005138,9.73959135189456e-08,-1.19738074603279e-08,0.00820672324358553
0.005142,8.69474704743762e-08,-1.02574694291543e-08,0.00762052872618657
0.005146,7.72493357797152e-08,-8.69182880605589e-09,0.0070343342087876
0.00515,6.82613598938114e-08,-7.27523416362161e-09,0.00644813969138863
0.005154,5.99347823579219e-08,-6.00371375827398e-09,0.00586194517398967
0.005158,5.22147575264356e-08,-4.8718072468052e-09,0.0052757506565907
0.005162,4.50426335698376e-08,-3.87314289324724e-09,0.00468955613919173
0.005166,3.83575501358752e-08,-3.00098862940369e-09,0.00410336162179277
0.00517,3.20975172906031e-08,-2.24876889833181e-09,0.0035171671043938
0.005174,2.62002053969113e-08,-1.61048728223663e-09,0.00293097258699483
0.005178,2.06034821349726e-08,-1.08107980421435e-09,0.00234477806959587
0.005182,1.52457332246828e-08,-6.56720909898251e-10,0.0017585835521969
0.005186,1.00660044376635e-08,-3.35100822842555e-10,0.00117238903479793
0.00519,5.00400335143668e-09,-1.15689620323757e-10,0.000586194517398967
0.005194,0,0,0
0.005198,0,0,-0.000580966472650704
0.005202,0,0,-0.00116193294530141
0.005206,0,0,-0.00174289941795211
0.00521,0,0,-0.00232386589060282
0.005214,0,0,-0.00290483236325352
0.005218,0,0,-0.00348579883590422
0.005222,0,0,-0.00406676530855493
0.005226,0,0,-0.00464773178120563
0.00523,0,0,-0.00522869825385634
0.005234,0,0,-0.00580966472650704
0.005238,0,0,-0.00639063119915774
0.005242,0,0,-0.00697159767180845
0.005246,0,0,-0.00755256414445915
0.00525,0,0,-0.00813353061710985
0.005254,0,0,-0.00871449708976056
0.005258,0,0,-0.00929546356241126
0.005262,0,0,-0.00987643003506197
0.005266,0,0,-0.0104573965077127
0.00527,0,0,-0.0110383629803634
0.005274,0,0,-0.0116193294530141
0.005278,0,0,-0.0122002959256648
0.005282,0,0,-0.0127812623983155
0.005286,0,0,-0.0133622288709662
0.00529,0,0,-0.0139431953436169
0.005294,0,0,-0.0145241618162676
0.005298,0,0,-0.0151051282889183
0.005302,0,0,-0.015686094761569
0.005306,0,0,-0.0162670612342197
0.00531,0,0,-0.0168480277068704
0.005314,0,0,-0.0174289941795211
0.005318,0,0,-0.0180099606521718
0.005322,0,0,-0.0185909271248225
0.005326,0,0,-0.0191718935974732
0.00533,0,0,-0.0197528600701239
0.005334,0,0,-0.0203338265427746
0.005338,0,0,-0.0209147930154253
0.005342,0,0,-0.021495759488076
0.005346,0,0,-0.0220767259607268
0.00535,0,0,-0.0226576924333775
0.005354,0,0,-0.0226576924333775
0.005358,0,0,-0.0226576924333775
0.005362,0,0,-0.0226576924333775
0.005366,0,0,-0.0226576924333775
0.00537,0,0,-0.0226576924333775
0.005374,0,0,-0.0226576924333775
0.005378,0,0,-0.0226576924333775
0.005382,0,0,-0.0226576924333775
0.005386,0,0,-0.0226576924333775
0.00539,0,0,-0.0226576924333775
0.005394,0,0,-0.0226576924333775
0.005398,0,0,-0.0226576924333775
0.005402,0,0,-0.0226576924333775
0.005406,0,0,-0.0226576924333775
0.00541,0,0,-0.0226576924333775
0.005414,0,0,-0.0226576924333775
0.005418,0,0,-0.0226576924333775
0.005422,0,0,-0.0226576924333775
0.005426,0,0,-0.0226576924333775
0.00543,0,0,-0.0226576924333775
0.005434,0,0,-0.0226576924333775
0.005438,0,0,-0.0226576924333775
0.005442,0,0,-0.0226576924333775
0.005446,0,0,-0.0226576924333775
0.00545,0,0,-0.0226576924333775
0.005454,0,0,-0.0226576924333775
0.005458,0,0,-0.0226576924333775
0.005462,0,0,-0.0226576924333775
0.005466,0,0,-0.0226576924333775
0.00547,0,0,-0.0226576924333775
0.005474,0,0,-0.0226576924333775
0.005478,0,0,-0.0226576924333775
0.005482,0,0,-0.0226576924333775
0.005486,0,0,-0.0226576924333775
0.00549,0,0,-0.0226576924333775
0.005494,0,0,-0.0226576924333775
0.005498,0,0,-0.0226576924333775
0.005502,0,0,-0.0226576924333775
0.005506,0,0,-0.0226576924333775
0.00551,0,0,-0.0226576924333775
0.005514,0,0,-0.0226576924333775
0.005518,0,0,-0.0226576924333775
0.005522,0,0,-0.0226576924333775
0.005526,0,0,-0.0226576924333775
0.00553,0,0,-0.0226576924333775
0.005534,0,0,-0.0226576924333775
0.005538,0,0,-0.0226576924333775
0.005542,0,0,-0.0226576924333775
0.005546,0,0,-0.0226576924333775
0.00555,0,0,-0.0226576924333775
0.005554,0,0,-0.0226576924333775
0.005558,0,0,-0.0226576924333775
0.005562,0,0,-0.0226576924333775
0.005566,0,0,-0.0220767259607268
0.00557,0,0,-0.021495759488076
0.005574,0,0,-0.0209147930154253
0.005578,0,0,-0.0203338265427746
0.005582,0,0,-0.0197528600701239
0.005586,0,0,-0.0191718935974732
0.00559,0,0,-0.0185909271248225
0.005594,0,0,-0.0180099606521718
0.005598,0,0,-0.0174289941795211
0.005602,0,0,-0.0168480277068704
0.005606,0,0,-0.0162670612342197
0.00561,0,0,-0.015686094761569
0.005614,0,0,-0.0151051282889183
0.005618,0,0,-0.0145241618162676
0.005622,0,0,-0.0139431953436169
0.005626,0,0,-0.0133622288709662
0.00563,0,0,-0.0127812623983155
0.005634,0,0,-0.0122002959256648
0.005638,0,0,-0.0116193294530141
0.005642,0,0,-0.0110383629803634
0.005646,0,0,-0.0104573965077127
0.00565,0,0,-0.00987643003506197
0.005654,0,0,-0.00929546356241126
0.005658,0,0,-0.00871449708976056
0.005662,0,0,-0.00813353061710985
0.005666,0,0,-0.00755256414445915
0.00567,0,0,-0.00697159767180845
0.005674,0,0,-0.00639063119915774
0.005678,0,0,-0.00580966472650704
0.005682,0,0,-0.00522869825385634
0.005686,0,0,-0.00464773178120563
0.00569,0,0,-0.00406676530855493
0.005694,0,0,-0.00348579883590422
0.005698,0,0,-0.00290483236325352
0.005702,0,0,-0.00232386589060282
0.005706,0,0,-0.00174289941795211
0.00571,0,0,-0.00116193294530141
0.005714,0,0,-0.000580966472650704
0.005718,0,0,-0
0.005722,-2.84888535007124e-09,1.6687898838512e-10,0.000586194517398967
0.005726,-4.50617378172329e-09,2.18233348330179e-10,0.00117238903479793
0.00573,-3.9969505531923e-09,1.57835086218706e-10,0.0017585835521969
0.005734,-7.6102996197473e-10,3.93599965937693e-11,0.00234477806959587
0.005738,5.21529935981694e-09,-5.48566063868354e-11,0.00293097258699483
0.005742,1.33609984814297e-08,-4.34024907304299e-11,0.0035171671043938
0.005746,2.26066657164315e-08,1.23649825678733e-10,0.00410336162179277
0.00575,3.16264360520184e-08,4.43224813392465e-10,0.00468955613919173
0.005754,3.92657665126859e-08,8.59442188201583e-10,0.0052757506565907
0.005758,4.51848790278912e-08,1.30083827557754e-09,0.00586194517398967
0.005762,5.0732185865926e-08,1.77172014065305e-09,0.00644813969138863
0.005766,5.8005993342555e-08,2.38098597496428e-09,0.0070343342087876
0.00577,6.65313635321246e-08,3.1279465356798e-09,0.00762052872618657
0.005774,7.5362049200961e-08,3.94676287971571e-09,0.00820672324358553
0.005778,8.48979537472215e-08,4.85909326077444e-09,0.0087929177609845
0.005782,9.54137450335817e-08,5.88634001808087e-09,0.00937911227838346
0.005786,1.06726844162287e-07,7.0031273544445e-09,0.00996530679578243
0.00579,1.18858049873828e-07,8.19939003237294e-09,0.0105515013131814
0.005794,1.31801015246509e-07,9.4596180578129e-09,0.0111376958305804
0.005798,1.45475564e-07,1.07557602353658e-08,0.0117238903479793
0.005802,1.59789833031213e-07,1.20557092777654e-08,0.0123100848653783
0.005806,1.74599709179138e-07,1.33189338416149e-08,0.0128962793827773
0.00581,1.89710820178518e-07,1.44985701335733e-08,0.0134824739001762
0.005814,2.04867498456668e-07,1.55425394205758e-08,0.0140686684175752
0.005818,2.19743221032586e-07,1.63959329170687e-08,0.0146548629349742
0.005822,2.33929814071255e-07,1.70043875621707e-08,0.0152410574523731
0.005826,2.46925469660372e-07,1.73185397233314e-08,0.0158272519697721
0.00583,2.58121260786528e-07,1.72994586427633e-08,0.0164134464871711
0.005834,2.57617455470357e-07,1.64081093203479e-08,0.0164134464871711
0.005838,2.54252984794167e-07,1.53844128611815e-08,0.0164134464871711
0.005842,2.47771143082542e-07,1.42473566898701e-08,0.0164134464871711
0.005846,2.37919398390975e-07,1.30061701598997e-08,0.0164134464871711
0.00585,2.24459700399236e-07,1.16690097976524e-08,0.0164134464871711
0.005854,2.07172017392161e-07,1.02429476707933e-08,0.0164134464871711
0.005858,1.8585802432565e-07,8.73412691020675e-09,0.0164134464871711
0.005862,1.60344868890207e-07,7.14804969849989e-09,0.0164134464871711
0.005866,1.30489012706217e-07,5.48996629891938e-09,0.0164134464871711
0.00587,9.617989570491e-08,3.76533257086857e-09,0.0164134464871711
0.005874,5.73434951097204e-08,1.98035916050258e-09,0.0164134464871711
0.005878,1.39457621588773e-08,1.42637096715678e-10,0.0164134464871711
0.005882,-3.40040940920057e-08,-1.73818535739699e-09,0.0164134464871711
0.005886,-8.64505285545947e-08,-3.6497053941275e-09,0.0164134464871711
0.00589,-1.43289224001127e-07,-5.57604715672356e-09,0.0164134464871711
0.005894,-2.04364591184584e-07,-7.49721582385816e-09,0.0164134464871711
0.005898,-2.69476545746985e-07,-9.38770625553679e-09,0.0164134464871711
0.005902,-3.38400267859678e-07,-1.12170180837685e-08,0.0164134464871711
0.005906,-4.10877848491296e-07,-1.29541169057256e-08,0.0164134464871711
0.00591,-4.86616786424385e-07,-1.45686646192184e-08,0.0164134464871711
0.005914,-5.65292034978454e-07,-1.60316392000784e-08,0.0164134464871711
0.005918,-6.46548466563248e-07,-1.73159373751072e-08,0.0164134464871711
0.005922,-7.30003574312739e-07,-1.83970099821723e-08,0.0164134464871711
0.005926,-8.15250608845874e-07,-1.925339048362e-08,0.0164134464871711
0.00593,-9.01861956924034e-07,-1.98671619837864e-08,0.0164134464871711
0.005934,-9.89392698120004e-07,-2.02243898694197e-08,0.0164134464871711
0.005938,-1.0773843379922e-06,-2.03155085497665e-08,0.0164134464871711
0.005942,-1.16536869129052e-06,-2.01356640045084e-08,0.0164134464871711
0.005946,-1.25287194263672e-06,-1.96848630372595e-08,0.0164134464871711
0.00595,-1.33941854558564e-06,-1.89680377866464e-08,0.0164134464871711
0.005954,-1.42453530281576e-06,-1.79950640276354e-08,0.0164134464871711
0.005958,-1.50774313311769e-06,-1.67780148140604e-08,0.0164134464871711
0.005962,-1.58855303914416e-06,-1.5328774280715e-08,0.0164134464871711
0.005966,-1.66648349883168e-06,-1.3661384977792e-08,0.0164134464871711
0.00597,-1.74106531456342e-06,-1.17920270982839e-08,0.0164134464871711
0.005974,-1.81184570473308e-06,-9.73885613924741e-09,0.0164134464871711
0.005978,-1.87839215474139e-06,-7.52181655007093e-09,0.0164134464871711
0.005982,-1.94029611112407e-06,-5.16238130589733e-09,0.0164134464871711
0.005986,-1.99717643256054e-06,-2.68326728189684e-09,0.0164134464871711
0.00599,-2.04868265466481e-06,-1.08179923271728e-10,0.0164134464871711
0.005994,-2.09449803072143e-06,2.53843768725343e-09,0.0164134464871711
0.005998,-2.13434237224407e-06,5.23164532229518e-09,0.0164134464871711
0.006002,-2.16797439440614e-06,7.94630560306842e-09,0.0164134464871711
0.006006,-2.19519373124371e-06,1.06573567211403e-08,0.0164134464871711
0.00601,-2.21584268583801e-06,1.33400513162544e-08,0.0164134464871711
0.006014,-2.22980815489698e-06,1.5970059398669e-08,0.0164134464871711
0.006018,-2.23702896525216e-06,1.85221328749523e-08,0.0164134464871711
0.006022,-2.23749481939825e-06,2.09707448480543e-08,0.0164134464871711
0.006026,-2.23124107718699e-06,2.32916787485811e-08,0.0164134464871711
0.00603,-2.21834827849764e-06,2.54622980852974e-08,0.0164134464871711
0.006034,-2.19894116879378e-06,2.7461866505362e-08,0.0164134464871711
0.006038,-2.17318728071544e-06,2.92718105533031e-08,0.0164134464871711
0.006042,-2.14129504776745e-06,3.08759304588746e-08,0.0164134464871711
0.006046,-2.10351165833852e-06,3.22605859853486e-08,0.0164134464871711
0.00605,-2.06012059918384e-06,3.3414855138787e-08,0.0164134464871711
0.006054,-2.01143895191847e-06,3.43306946390853e-08,0.0164134464871711
0.006058,-1.95781425223668e-06,3.50029934789497e-08,0.0164134464871711
0.006062,-1.8996211563815e-06,3.54295864038534e-08,0.0164134464871711
0.006066,-1.83725795861687e-06,3.56112431872072e-08,0.0164134464871711
0.00607,-1.77114297011128e-06,3.55516417768445e-08,0.0164134464871711
0.006074,-1.70171035250888e-06,3.52574074636983e-08,0.0164134464871711
0.006078,-1.62940489001776e-06,3.47381951992689e-08,0.0164134464871711
0.006082,-1.55467935316895e-06,3.40061903309187e-08,0.0164134464871711
0.006086,-1.4779914468458e-06,3.30757183538037e-08,0.0164134464871711
0.00609,-1.39979994163878e-06,3.19630633053886e-08,0.0164134464871711
0.006094,-1.32056090560468e-06,3.06862124493887e-08,0.0164134464871711
0.006098,-1.24072405545512e-06,2.92645336367735e-08,0.0164134464871711
0.006102,-1.16072926094773e-06,2.77184856124861e-08,0.0164134464871711
0.006106,-1.08100321529287e-06,2.60693289085606e-08,0.0164134464871711
0.00611,-1.00195625509876e-06,2.43388674420963e-08,0.0164134464871711
0.006114,-9.2397947096438e-07,2.25491156139249e-08,0.0164134464871711
0.006118,-8.47442097331847e-07,2.07219753275575e-08,0.0164134464871711
0.006122,-7.72689156897458e-07,1.88789496551758e-08,0.0164134464871711
0.006126,-7.00039369456431e-07,1.70408797409582e-08,0.0164134464871711
0.00613,-6.29783316940446e-07,1.52277046822284e-08,0.0164134464871711
0.006134,-5.62182185680244e-07,1.34581874806582e-08,0.0164134464871711
0.006138,-4.97466759410634e-07,1.17497050790353e-08,0.0164134464871711
0.006142,-4.35836363014733e-07,1.01180726687121e-08,0.0164134464871711
0.006146,-3.77458291047382e-07,8.57738667597921e-09,0.0164134464871711
0.00615,-3.22467657064829e-07,7.1398818384328e-09,0.0164134464871711
0.006154,-2.70967666975347e-07,5.81580961989381e-09,0.0164134464871711
0.006158,-2.23030121987274e-07,4.61336572640357e-09,0.0164134464871711
0.006162,-1.78696195006207e-07,3.53865071580107e-09,0.0164134464871711
0.006166,-1.37977414996713e-07,2.59565551963298e-09,0.0164134464871711
0.00617,-1.00857010567792e-07,1.7862782795036e-09,0.0164134464871711
0.006174,-6.72915001083993e-08,1.11038149405132e-09,0.0164134464871711
0.006178,-3.72124289175966e-08,5.65878341652876e-10,0.0164134464871711
0.006182,-1.05282672878389e-08,1.48841544186102e-10,0.0164134464871711
0.006186,1.28735677181401e-08,-1.46377208140639e-10,0.0164134464871711
0.00619,3.31244651076503e-08,-3.26977916863851e-10,0.0164134464871711
0.006194,5.0372333903414e-08,-4.01534585649993e-10,0.0164134464871711
0.006198,6.47792631121523e-08,-3.79800990690213e-10,0.0164134464871711
0.006202,7.65191491130366e-08,-2.72505172599335e-10,0.0164134464871711
0.006206,8.5775313940161e-08,-9.1142202263145e-11,0.0164134464871711
0.00621,9.27381130511417e-08,1.52269948544244e-10,0.0164134464871711
0.006214,9.76026263300898e-08,4.45418602257349e-10,0.0164134464871711
0.006218,1.00566424807701e-07,7.759177617973e-10,0.0164134464871711
0.006222,1.018274251142e-07,1.13150687539445e-09,0.0164134464871711
0.006226,1.01581848278803e-07,1.50026188101311e-09,0.0164134464871711
0.00623,9.64866635678841e-08,1.81616883265817e-09,0.0158272519697721
0.006234,9.05912290352394e-08,2.11903154426367e-09,0.0152410574523731
0.006238,8.42318181574602e-08,2.39726613293524e-09,0.0146548629349742
0.006242,7.76712777055129e-08,2.64209645722229e-09,0.0140686684175752
0.006246,7.1110397359643e-08,2.84753690926467e-09,0.0134824739001762
0.00625,6.46982520292634e-08,3.01017144691856e-09,0.0128962793827773
0.006254,5.85414309429291e-08,3.12880862910098e-09,0.0123100848653783
0.006258,5.27121364430513e-08,3.20407717043456e-09,0.0117238903479793
0.006262,4.72551728312342e-08,3.23800786342616e-09,0.0111376958305804
0.006266,4.21939012564707e-08,3.23363434100205e-09,0.0105515013131814
0.00627,3.75352445098233e-08,3.19463320656725e-09,0.00996530679578243
0.006274,3.32738362769405e-08,3.12501414513524e-09,0.00937911227838346
0.006278,2.93953946342968e-08,3.02885887446649e-09,0.0087929177609845
0.006282,2.58793926031139e-08,2.9101071647043e-09,0.00820672324358553
0.006286,2.27012559056376e-08,2.77241373319746e-09,0.00762052872618657
0.00629,1.98339999554219e-08,2.61902594853477e-09,0.0070343342087876
0.006294,1.72494767607442e-08,2.45270557275258e-09,0.00644813969138863
0.006298,1.49193393159856e-08,2.27568653956901e-09,0.00586194517398967
0.006302,1.28156076996195e-08,2.08963285932117e-09,0.0052757506565907
0.006306,1.09112018290851e-08,1.89564015786085e-09,0.00468955613919173
0.00631,9.18021384740003e-09,1.69423620330416e-09,0.00410336162179277
0.006314,7.59799605695972e-09,1.48537547369971e-09,0.0035171671043938
0.006318,6.14117827073232e-09,1.26843824381682e-09,0.00293097258699483
0.006322,4.78762397130808e-09,1.04222911976066e-09,0.00234477806959587
0.006326,3.51633442886578e-09,8.04970652469241e-10,0.0017585835521969
0.00633,2.30731010143413e-09,5.54288444905749e-10,0.00117238903479793
0.006334,1.14137877530662e-09,2.87184956423856e-10,0.000586194517398967
0.006338,0,0,0
0.006342,0,0,-0.000584467690751206
0.006346,0,0,-0.00116893538150241
0.00635,0,0,-0.00175340307225362
0.006354,0,0,-0.00233787076300483
0.006358,0,0,-0.00292233845375603
0.006362,0,0,-0.00350680614450724
0.006366,0,0,-0.00409127383525845
0.00637,0,0,-0.00467574152600965
0.006374,0,0,-0.00526020921676086
0.006378,0,0,-0.00584467690751206
0.006382,0,0,-0.00642914459826327
0.006386,0,0,-0.00701361228901448
0.00639,0,0,-0.00759807997976568
0.006394,0,0,-0.00818254767051689
0.006398,0,0,-0.0087670153612681
0.006402,0,0,-0.0093514830520193
0.006406,0,0,-0.00993595074277051
0.00641,0,0,-0.0105204184335217
0.006414,0,0,-0.0111048861242729
0.006418,0,0,-0.0116893538150241
0.006422,0,0,-0.0122738215057753
0.006426,0,0,-0.0128582891965265
0.00643,0,0,-0.0134427568872777
0.006434,0,0,-0.014027224578029
0.006438,0,0,-0.0146116922687802
0.006442,0,0,-0.0151961599595314
0.006446,0,0,-0.0157806276502826
0.00645,0,0,-0.0163650953410338
0.006454,0,0,-0.016949563031785
0.006458,0,0,-0.0175340307225362
0.006462,0,0,-0.0181184984132874
0.006466,0,0,-0.0187029661040386
0.00647,0,0,-0.0192874337947898
0.006474,0,0,-0.019871901485541
0.006478,0,0,-0.0204563691762922
0.006482,0,0,-0.0210408368670434
0.006486,0,0,-0.0216253045577946
0.00649,0,0,-0.0222097722485458
0.006494,0,0,-0.0227942399392971
0.006498,0,0,-0.0227942399392971
0.006502,0,0,-0.0227942399392971
0.006506,0,0,-0.0227942399392971
0.00651,0,0,-0.0227942399392971
0.006514,0,0,-0.0227942399392971
0.006518,0,0,-0.0227942399392971
0.006522,0,0,-0.0222097722485458
0.006526,0,0,-0.0216253045577946
0.00653,0,0,-0.0210408368670434
0.006534,0,0,-0.0204563691762922
0.006538,0,0,-0.019871901485541
0.006542,0,0,-0.0192874337947898
0.006546,0,0,-0.0187029661040386
0.00655,0,0,-0.0181184984132874
0.006554,0,0,-0.0175340307225362
0.006558,0,0,-0.016949563031785
0.006562,0,0,-0.0163650953410338
0.006566,0,0,-0.0157806276502826
0.00657,0,0,-0.0151961599595314
0.006574,0,0,-0.0146116922687802
0.006578,0,0,-0.014027224578029
0.006582,0,0,-0.0134427568872777
0.006586,0,0,-0.0128582891965265
0.00659,0,0,-0.0122738215057753
0.006594,0,0,-0.0116893538150241
0.006598,0,0,-0.0111048861242729
0.006602,0,0,-0.0105204184335217
0.006606,0,0,-0.00993595074277051
0.00661,0,0,-0.0093514830520193
0.006614,0,0,-0.0087670153612681
0.006618,0,0,-0.00818254767051689
0.006622,0,0,-0.00759807997976568
0.006626,0,0,-0.00701361228901448
0.00663,0,0,-0.00642914459826327
0.006634,0,0,-0.00584467690751206
0.006638,0,0,-0.00526020921676086
0.006642,0,0,-0.00467574152600965
0.006646,0,0,-0.00409127383525845
0.00665,0,0,-0.00350680614450724
0.006654,0,0,-0.00292233845375603
0.006658,0,0,-0.00233787076300483
0.006662,0,0,-0.00175340307225362
0.006666,0,0,-0.00116893538150241
0.00667,0,0,-0.000584467690751206
0.006674,0,0,-0
