5e-06,-3.91928959662776e-08,-1.57126238506849e-21,0.00434272438306401
1.5e-05,-5.38852306494262e-08,-1.58596888669472e-21,0.00434272438306401
2.5e-05,-6.90914905668473e-08,-1.60396583140042e-21,0.00434272438306401
3.5e-05,-8.48002545995977e-08,-1.59205757158806e-21,0.00434272438306401
4.5e-05,-1.00998481673404e-07,-1.6270524314447e-21,0.00434272438306401
5.5e-05,-1.17671491169657e-07,-1.63436595117278e-21,0.00434272438306401
6.5e-05,-1.34802946192645e-07,-1.63285046866626e-21,0.00434272438306401
7.5e-05,-1.52374839774946e-07,-1.64269245241556e-21,0.00434272438306401
8.5e-05,-1.70367484098765e-07,-1.6853472610976e-21,0.00434272438306401
9.5e-05,-1.88759502806025e-07,-1.69963677770443e-21,0.00434272438306401
0.000105,-2.0752782646493e-07,-1.6843096220692e-21,0.00434272438306401
0.000115,-2.26647691256311e-07,-1.73883592039322e-21,0.00434272438306401
0.000125,-2.46092640936779e-07,-1.66944295812495e-21,0.00434272438306401
0.000135,-2.65834532131031e-07,-1.68531372826033e-21,0.00434272438306401
0.000145,-2.85843542999969e-07,-1.68522501286647e-21,0.00434272438306401
0.000155,-3.06088185324719e-07,-1.66864927804139e-21,0.00434272438306401
0.000165,-3.26535320042321e-07,-1.78011746995591e-21,0.00434272438306401
0.000175,-3.47150176261001e-07,-1.73833435338361e-21,0.00434272438306401
0.000185,-3.67896373777982e-07,-1.67884092306535e-21,0.00434272438306401
0.000195,-3.88735949115982e-07,-1.77393925615696e-21,0.00434272438306401
0.000205,-4.09629385087808e-07,-1.68737138436419e-21,0.00434272438306401
0.000215,-4.30535643892504e-07,-1.77348977368237e-21,0.00434272438306401
0.000225,-4.51412203738645e-07,-1.65901853628889e-21,0.00434272438306401
0.000235,-4.72215098984875e-07,-1.73547280255847e-21,0.00434272438306401
0.000245,-4.92898963779276e-07,-1.81148961116888e-21,0.00434272438306401
0.000255,-5.13417079172713e-07,-1.65889427682494e-21,0.00434272438306401
0.000265,-5.3372142367422e-07,-1.724499341897e-21,0.00434272438306401
0.000275,-5.53762727208548e-07,-1.78925449921818e-21,0.00434272438306401
0.000285,-5.73490528428452e-07,-1.59831574825476e-21,0.00434272438306401
0.000295,-5.92853235327451e-07,-1.65227953288834e-21,0.00434272438306401
0.000305,-6.11798189089817e-07,-1.70507904124522e-21,0.00434272438306401
0.000315,-6.30271731107688e-07,-1.75656472700558e-21,0.00434272438306401
0.000325,-6.48219273087599e-07,-1.51871726802459e-21,0.00434272438306401
0.000335,-6.65585370159621e-07,-1.55940441294061e-21,0.00434272438306401
0.000345,-6.82313796895513e-07,-1.59859755576351e-21,0.00434272438306401
0.000355,-6.98347626134176e-07,-1.63616332146703e-21,0.00434272438306401
0.000365,-7.13629310504228e-07,-1.67196688193007e-21,0.00434272438306401
0.000375,-7.28100766526933e-07,-1.38253045888386e-21,0.00434272438306401
0.000385,-7.41703461173562e-07,-1.40835949318301e-21,0.00434272438306401
0.000395,-7.54378500745045e-07,-1.43242707981491e-21,0.00434272438306401
0.000405,-7.66066721933445e-07,-1.45462087845656e-21,0.00434272438306401
0.000415,-7.76708784918182e-07,-1.47482821361972e-21,0.00434272438306401
0.000425,-7.86245268342671e-07,-1.49293625499411e-21,0.00434272438306401
0.000435,-7.9461676601064e-07,-1.50883220105615e-21,0.00434272438306401
0.000445,-8.01763985135218e-07,-1.522403465626e-21,0.00434272438306401
0.000455,-8.07627845966933e-07,-1.17487905507459e-21,0.00434272438306401
0.000465,-8.12149582623798e-07,-1.18145695319591e-21,0.00434272438306401
0.000475,-8.15270844938116e-07,-1.18599754170682e-21,0.00434272438306401
0.000485,-8.16933801134051e-07,-1.18841669108839e-21,0.00434272438306401
0.000495,-8.17081241142754e-07,-1.18863117623643e-21,0.00434272438306401
0.000505,-8.15656680361436e-07,-1.18655882740273e-21,0.00434272438306401
0.000515,-8.12604463657892e-07,-1.18211868149339e-21,0.00434272438306401
0.000525,-8.07869869421923e-07,-1.17523113343534e-21,0.00434272438306401
0.000535,-8.01399213463587e-07,-1.1658180873201e-21,0.00434272438306401
0.000545,-7.93139952556602e-07,-1.15380310703125e-21,0.00434272438306401
0.000555,-7.83040787427843e-07,-7.91371601497025e-22,0.00434272438306401
0.000565,-7.71051764994495e-07,-7.79255027193625e-22,0.00434272438306401
0.000575,-7.57124379650698e-07,-7.65179467630001e-22,0.00434272438306401
0.000585,-7.41211673412778e-07,-7.49097465233907e-22,0.00434272438306401
0.000595,-7.23268334731699e-07,-7.30963226384238e-22,0.00434272438306401
0.000605,-7.03250795788883e-07,-7.10732719741997e-22,0.00434272438306401
0.000615,-6.81117328096862e-07,-6.88363772868037e-22,0.00434272438306401
0.000625,-6.56828136231605e-07,-6.63816166952619e-22,0.00434272438306401
0.000635,-6.30345449532126e-07,-6.37051729490615e-22,0.00434272438306401
0.000645,-6.01633611609579e-07,-6.08034424742894e-22,0.00434272438306401
0.000655,-5.70659167518525e-07,-3.23306863038014e-22,0.00434272438306401
0.000665,-5.37390948450063e-07,-3.04458758673622e-22,0.00434272438306401
0.000675,-5.01800153819246e-07,-2.84294799483838e-22,0.00434272438306401
0.000685,-4.6386043062727e-07,-2.62800055181268e-22,0.00434272438306401
0.000695,-4.23547949991411e-07,-2.39961025516092e-22,0.00434272438306401
0.000705,-3.80841480745587e-07,-2.15765681974453e-22,0.00434272438306401
0.000715,-3.35722460027288e-07,-4.11127857670296e-23,0.00434272438306401
0.000725,-2.88175060776488e-07,-3.52901010440037e-23,0.00434272438306401
0.000735,-2.38186256085241e-07,2.9168440259515e-23,0.00434272438306401
0.000745,-1.85745880346069e-07,1.05234299762603e-22,0.00434272438306401
0.000755,-1.30846687160803e-07,1.32238772272851e-22,0.00434272438306401
0.000765,-7.34844039802302e-08,2.04800732201403e-22,0.00434272438306401
0.000775,-1.36577834554819e-08,2.74609882677042e-22,0.00434272438306401
0.000785,4.86313485071861e-08,3.35249297733495e-22,0.00434272438306401
0.000795,1.13378047989038e-07,3.97991266334412e-22,0.00434272438306401
0.000805,1.80574211591449e-07,4.60993868380579e-22,0.00434272438306401
0.000815,2.50208538243721e-07,5.24223874252547e-22,0.00434272438306401
0.000825,3.22266494265942e-07,5.87637639430863e-22,0.00434272438306401
0.000835,3.96730281662257e-07,6.51180177261431e-22,0.00434272438306401
0.000845,4.73578809616441e-07,7.14793065793268e-22,0.00434272438306401
0.000855,5.52787669159298e-07,7.78439220388095e-22,0.00434272438306401
0.000865,6.34329110979253e-07,8.42070747761968e-22,0.00434272438306401
0.000875,7.18172026345394e-07,9.0563005768976e-22,0.00434272438306401
0.000885,8.04281931118764e-07,9.69071607492981e-22,0.00434272438306401
0.000895,8.92620952829157e-07,1.032334429821e-21,0.00434272438306401
0.000905,9.83147820802732e-07,1.09536897377544e-21,0.00434272438306401
0.000915,1.07581785933323e-06,1.15811950711649e-21,0.00434272438306401
0.000925,1.17058298389886e-06,1.22052260620267e-21,0.00434272438306401
0.000935,1.26739170043843e-06,1.28254430999087e-21,0.00434272438306401
0.000945,1.36618910771259e-06,1.34413303059502e-21,0.00434272438306401
0.000955,1.46691690279166e-06,1.40523693134268e-21,0.00434272438306401
0.000965,1.56951338972481e-06,1.4657887183549e-21,0.00434272438306401
0.000975,1.67391349146514e-06,1.52576733129511e-21,0.00434272438306401
0.000985,1.78004876514109e-06,1.58509605789159e-21,0.00434272438306401
0.000995,1.88784742078449e-06,1.64372803669627e-21,0.00434272438306401
0.001005,1.99723434364648e-06,1.70159879940274e-21,0.00434272438306401
0.001015,2.10813112025045e-06,1.75866858435944e-21,0.00434272438306401
0.001025,2.22045606835464e-06,1.8148865808862e-21,0.00434272438306401
0.001035,2.33412427101667e-06,1.87020400929906e-21,0.00434272438306401
0.001045,2.4490476149721e-06,1.92456533531071e-21,0.00434272438306401
0.001055,2.56513483356174e-06,1.97792892457997e-21,0.00434272438306401
0.001065,2.68229155445961e-06,2.03023863976398e-21,0.00434272438306401
0.001075,2.80042035247304e-06,2.0814465477807e-21,0.00434272438306401
0.001085,2.9194208077027e-06,2.13149334237817e-21,0.00434272438306401
0.001095,3.03918956936654e-06,2.18034599143623e-21,0.00434272438306401
0.001105,3.15962042560282e-06,2.22795968040681e-21,0.00434272438306401
0.001115,3.28060437957967e-06,2.2742918641281e-21,0.00434272438306401
0.001125,3.40202973224519e-06,2.31927745959468e-21,0.00434272438306401
0.001135,3.52378217205613e-06,2.36289685055135e-21,0.00434272438306401
0.001145,3.64574487202546e-06,2.40510305958623e-21,0.00434272438306401
0.001155,3.76779859442385e-06,2.44586012577472e-21,0.00434272438306401
0.001165,3.88982180346366e-06,2.48511219315965e-21,0.00434272438306401
0.001175,4.01169078628267e-06,2.52282846829479e-21,0.00434272438306401
0.001185,4.13327978252595e-06,2.55898254785407e-21,0.00434272438306401
0.001195,4.25446112280367e-06,2.59353211471781e-21,0.00434272438306401
0.001205,4.37510537627466e-06,2.62644130987341e-21,0.00434272438306401
0.001215,4.49508150757309e-06,2.65769206579447e-21,0.00434272438306401
0.001225,4.61425704325578e-06,2.68722647127619e-21,0.00434272438306401
0.001235,4.73249824790614e-06,2.7150293091117e-21,0.00434272438306401
0.001245,4.84967030997808e-06,2.74104982522278e-21,0.00434272438306401
0.001255,4.96563753741039e-06,2.76527603572317e-21,0.00434272438306401
0.001265,5.08026356297995e-06,2.78769217905442e-21,0.00434272438306401
0.001275,5.19341155929713e-06,2.80827121162711e-21,0.00434272438306401
0.001285,5.30494446327651e-06,2.82697659859193e-21,0.00434272438306401
0.001295,5.4147252098399e-06,2.84382490796508e-21,0.00434272438306401
0.001305,5.52261697453167e-06,2.85877446784724e-21,0.00434272438306401
0.001315,5.6284834246429e-06,2.87181281361484e-21,0.00434272438306401
0.001325,5.73218897835666e-06,2.88291258940782e-21,0.00434272438306401
0.001335,5.83359907134076e-06,2.89207251870836e-21,0.00434272438306401
0.001345,5.93258043012538e-06,2.89929634535724e-21,0.00434272438306401
0.001355,6.02900135151725e-06,2.9045717795585e-21,0.00434272438306401
0.001365,6.1227319872132e-06,2.90788779445149e-21,0.00434272438306401
0.001375,6.21364463269207e-06,2.90925570817829e-21,0.00434272438306401
0.001385,6.3016140193821e-06,2.90866857695732e-21,0.00434272438306401
0.001395,6.38651760902186e-06,2.90613640781293e-21,0.00434272438306401
0.001405,6.46823588906118e-06,2.90164404603223e-21,0.00434272438306401
0.001415,6.54665266788013e-06,2.89521313882974e-21,0.00434272438306401
0.001425,6.62165536854761e-06,2.88686550156497e-21,0.00434272438306401
0.001435,6.69313531978608e-06,2.87661921956739e-21,0.00434272438306401
0.001445,6.76098804277174e-06,2.86447003923218e-21,0.00434272438306401
0.001455,6.82511353236478e-06,2.8504562127334e-21,0.00434272438306401
0.001465,6.88541653134475e-06,2.83460775066252e-21,0.00434272438306401
0.001475,6.94180679621981e-06,2.81695021129385e-21,0.00434272438306401
0.001485,6.99419935317871e-06,2.79749843668785e-21,0.00434272438306401
0.001495,7.04251474277371e-06,2.77628338828923e-21,0.00434272438306401
0.001505,7.0866792519524e-06,2.75336074015671e-21,0.00434272438306401
0.001515,7.12662513209643e-06,2.72875727341804e-21,0.00434272438306401
0.001525,7.16229080178493e-06,2.70250496366868e-21,0.00434272438306401
0.001535,7.19362103306606e-06,2.67465358709555e-21,0.00434272438306401
0.001545,7.22056712010292e-06,2.64523708686347e-21,0.00434272438306401
0.001555,7.24308702915276e-06,2.61429888400303e-21,0.00434272438306401
0.001565,7.26114552894158e-06,2.58187282166183e-21,0.00434272438306401
0.001575,7.27471430061148e-06,2.54800067076692e-21,0.00434272438306401
0.001585,7.28377202654029e-06,2.51276215619866e-21,0.00434272438306401
0.001595,7.28830445746309e-06,2.4762072880312e-21,0.00434272438306401
0.001605,7.2883044574631e-06,2.43837931243451e-21,0.00434272438306401
0.001615,7.28377202654029e-06,2.39933008903615e-21,0.00434272438306401
0.001625,7.27471430061148e-06,2.35912207141266e-21,0.00434272438306401
0.001635,7.26114552894156e-06,2.31782187390828e-21,0.00434272438306401
0.001645,7.24308702915278e-06,2.27546151181162e-21,0.00434272438306401
0.001655,7.22056712010293e-06,2.2320984993483e-21,0.00434272438306401
0.001665,7.19362103306605e-06,2.1878222245302e-21,0.00434272438306401
0.001675,7.16229080178491e-06,2.14269855571227e-21,0.00434272438306401
0.001685,7.12662513209642e-06,2.09677253600417e-21,0.00434272438306401
0.001695,7.08667925195239e-06,2.05011277908748e-21,0.00434272438306401
0.001705,7.04251474277371e-06,2.00278897554481e-21,0.00434272438306401
0.001715,6.99419935317868e-06,1.95486209983101e-21,0.00434272438306401
0.001725,6.94180679621983e-06,1.90637943222522e-21,0.00434272438306401
0.001735,6.88541653134474e-06,1.85739638369113e-21,0.00434272438306401
0.001745,6.82511353236477e-06,1.80801554406831e-21,0.00434272438306401
0.001755,6.76098804277174e-06,1.75829465345538e-21,0.00434272438306401
0.001765,6.69313531978607e-06,1.7082705690713e-21,0.00434272438306401
0.001775,6.62165536854761e-06,1.65799721154937e-21,0.00434272438306401
0.001785,6.54665266788013e-06,1.60759457992173e-21,0.00434272438306401
0.001795,6.46823588906116e-06,1.55710674641947e-21,0.00434272438306401
0.001805,6.38651760902186e-06,1.50657776122849e-21,0.00434272438306401
0.001815,6.3016140193821e-06,1.4560473513439e-21,0.00434272438306401
0.001825,6.21364463269207e-06,1.40561986949955e-21,0.00434272438306401
0.001835,6.12273198721319e-06,1.35533694069794e-21,0.00434272438306401
0.001845,6.02900135151725e-06,1.30525950322852e-21,0.00434272438306401
0.001855,5.93258043012539e-06,1.25542033351241e-21,0.00434272438306401
0.001865,5.83359907134076e-06,1.20589067884659e-21,0.00434272438306401
0.001875,5.73218897835666e-06,1.15670382476095e-21,0.00434272438306401
0.001885,5.6284834246429e-06,1.10790214752224e-21,0.00434272438306401
0.001895,5.52261697453167e-06,1.05949807402593e-21,0.00434272438306401
0.001905,5.4147252098399e-06,1.01159622429491e-21,0.00434272438306401
0.001915,5.30494446327651e-06,9.64229965279654e-22,0.00434272438306401
0.001925,5.19341155929713e-06,9.17454613403873e-22,0.00434272438306401
0.001935,5.08026356297994e-06,8.71195265636066e-22,0.00434272438306401
0.001945,4.96563753741039e-06,8.2562057481206e-22,0.00434272438306401
0.001955,4.84967030997808e-06,7.80748878881045e-22,0.00434272438306401
0.001965,4.73249824790614e-06,7.36611780994718e-22,0.00434272438306401
0.001975,4.61425704325578e-06,6.93190250358274e-22,0.00434272438306401
0.001985,4.49508150757308e-06,6.5059254360272e-22,0.00434272438306401
0.001995,4.37510537627465e-06,6.08834177276855e-22,0.00434272438306401
0.002005,4.25446112280366e-06,5.6793529509224e-22,0.00434272438306401
0.002015,4.13327978252595e-06,5.27887683210956e-22,0.00434272438306401
0.002025,4.01169078628267e-06,4.88749508827814e-22,0.00434272438306401
0.002035,3.88982180346365e-06,4.50521194181287e-22,0.00434272438306401
0.002045,3.76779859442384e-06,4.13217378928788e-22,0.00434272438306401
0.002055,3.64574487202546e-06,3.76795978100635e-22,0.00434272438306401
0.002065,3.52378217205612e-06,3.41363201470565e-22,0.00434272438306401
0.002075,3.40202973224519e-06,3.06901095542902e-22,0.00434272438306401
0.002085,3.28060437957967e-06,2.73428752936227e-22,0.00434272438306401
0.002095,3.15962042560282e-06,2.40874390433715e-22,0.00434272438306401
0.002105,3.03918956936654e-06,2.09368214814088e-22,0.00434272438306401
0.002115,2.9194208077027e-06,1.78878779041144e-22,0.00434272438306401
0.002125,2.80042035247304e-06,1.49417200663194e-22,0.00434272438306401
0.002135,2.6822915544596e-06,1.20927468893587e-22,0.00434272438306401
0.002145,2.56513483356174e-06,9.35035458684629e-23,0.00434272438306401
0.002155,2.4490476149721e-06,6.71069254700762e-23,0.00434272438306401
0.002165,2.33412427101667e-06,4.1753742066743e-23,0.00434272438306401
0.002175,2.22045606835464e-06,1.73941190694143e-23,0.00434272438306401
0.002185,2.10813112025045e-06,-5.92207921917081e-24,0.00434272438306401
0.002195,1.99723434364648e-06,-2.82357642344984e-23,0.00434272438306401
0.002205,1.88784742078448e-06,-4.95525018086e-23,0.00434272438306401
0.002215,1.78004876514109e-06,-6.99379849027078e-23,0.00434272438306401
0.002225,1.67391349146514e-06,-8.92887935453257e-23,0.00434272438306401
0.002235,1.5695133897248e-06,-1.07665730822197e-22,0.00434272438306401
0.002245,1.46691690279166e-06,-1.25035919111888e-22,0.00434272438306401
0.002255,1.36618910771259e-06,-1.41461375538756e-22,0.00434272438306401
0.002265,1.26739170043843e-06,-1.56927500351365e-22,0.00434272438306401
0.002275,1.17058298389886e-06,-1.7148323139467e-22,0.00434272438306401
0.002285,1.07581785933323e-06,-1.85141102303217e-22,0.00434272438306401
0.002295,9.83147820802732e-07,-1.97971893143065e-22,0.00434272438306401
0.002305,8.92620952829154e-07,-2.09898187983301e-22,0.00434272438306401
0.002315,8.04281931118762e-07,-2.20973132997179e-22,0.00434272438306401
0.002325,7.18172026345393e-07,-2.31185660445623e-22,0.00434272438306401
0.002335,6.3432911097925e-07,-2.40597669888393e-22,0.00434272438306401
0.002345,5.52787669159296e-07,-2.49187200797062e-22,0.00434272438306401
0.002355,4.73578809616438e-07,-2.57007564755688e-22,0.00434272438306401
0.002365,3.96730281662255e-07,-2.64069386400259e-22,0.00434272438306401
0.002375,3.22266494265939e-07,-2.70432318786798e-22,0.00434272438306401
0.002385,2.50208538243719e-07,-2.76031132589237e-22,0.00434272438306401
0.002395,1.80574211591447e-07,-2.80926273154168e-22,0.00434272438306401
0.002405,1.13378047989036e-07,-2.85116919834495e-22,0.00434272438306401
0.002415,4.86313485071835e-08,-2.88679999617869e-22,0.00434272438306401
0.002425,-1.36577834554844e-08,-2.9280570546624e-22,0.00434272438306401
0.002435,-7.3484403980233e-08,-3.02701624901065e-22,0.00434272438306401
0.002445,-1.30846687160806e-07,-3.06561578011075e-22,0.00434272438306401
0.002455,-1.85745880346072e-07,-2.70209782234187e-22,0.00434272438306401
0.002465,-2.38186256085244e-07,-3.46496279045637e-22,0.00434272438306401
0.002475,-2.88175060776491e-07,-2.91240971121455e-22,0.00434272438306401
0.002485,-3.35722460027291e-07,-3.39294229771907e-22,0.00434272438306401
0.002495,-3.8084148074559e-07,-2.15765681974454e-22,0.00434272438306401
0.002505,-4.23547949991414e-07,-2.39961025516094e-22,0.00434272438306401
0.002515,-4.63860430627274e-07,-2.6280005518127e-22,0.00434272438306401
0.002525,-5.01800153819249e-07,-2.8429479948384e-22,0.00434272438306401
0.002535,-5.37390948450066e-07,-3.04458758673624e-22,0.00434272438306401
0.002545,-5.70659167518528e-07,-3.23306863038015e-22,0.00434272438306401
0.002555,-6.01633611609582e-07,-3.40855429543959e-22,0.00434272438306401
0.002565,-6.3034544953213e-07,-3.57122116875313e-22,0.00434272438306401
0.002575,-6.56828136231608e-07,-3.72125878926238e-22,0.00434272438306401
0.002585,-6.81117328096865e-07,-3.85886916818317e-22,0.00434272438306401
0.002595,-7.03250795788886e-07,-3.98426629513686e-22,0.00434272438306401
0.002605,-7.23268334731702e-07,-4.09767563103669e-22,0.00434272438306401
0.002615,-7.41211673412782e-07,-9.0769252478861e-23,0.00434272438306401
0.002625,-7.571243796507e-07,-9.27179325954073e-23,0.00434272438306401
0.002635,-7.71051764994499e-07,-9.44234890538222e-23,0.00434272438306401
0.002645,-7.83040787427845e-07,-9.58916723586217e-23,0.00434272438306401
0.002655,-7.93139952556605e-07,-9.71284225371197e-23,0.00434272438306401
0.002665,-8.01399213463591e-07,-9.8139856875577e-23,0.00434272438306401
0.002675,-8.07869869421926e-07,-9.89322575155745e-23,0.00434272438306401
0.002685,-8.12604463657895e-07,-9.95120589339883e-23,0.00434272438306401
0.002695,-8.15656680361438e-07,-9.98858353308284e-23,0.00434272438306401
0.002705,-8.17081241142759e-07,-1.0006028794925e-22,0.00434272438306401
0.002715,-8.16933801134055e-07,-1.00042232352103e-22,0.00434272438306401
0.002725,-8.1527084493812e-07,-9.9838585679736e-23,0.00434272438306401
0.002735,-8.12149582623801e-07,-9.94563539135299e-23,0.00434272438306401
0.002745,-8.07627845966937e-07,-9.89026191694991e-23,0.00434272438306401
0.002755,-8.01763985135221e-07,-9.81845270462542e-23,0.00434272438306401
0.002765,-7.94616766010644e-07,-9.73092740510423e-23,0.00434272438306401
0.002775,-7.86245268342674e-07,-9.62840951275219e-23,0.00434272438306401
0.002785,-7.76708784918185e-07,-9.51162513080468e-23,0.00434272438306401
0.002795,-7.66066721933447e-07,-9.3813017513158e-23,0.00434272438306401
0.002805,-7.54378500745049e-07,-9.23816705199386e-23,0.00434272438306401
0.002815,-7.41703461173565e-07,-9.08294771205196e-23,0.00434272438306401
0.002825,-7.28100766526937e-07,-8.9163682491183e-23,0.00434272438306401
0.002835,-7.13629310504231e-07,-8.73914987917364e-23,0.00434272438306401
0.002845,-6.98347626134179e-07,-8.5520094014069e-23,0.00434272438306401
0.002855,-6.82313796895515e-07,-8.35565810978919e-23,0.00434272438306401
0.002865,-6.65585370159623e-07,-8.15080073308693e-23,0.00434272438306401
0.002875,-6.48219273087602e-07,-7.938134404932e-23,0.00434272438306401
0.002885,-6.30271731107691e-07,-7.71834766549107e-23,0.00434272438306401
0.002895,-6.11798189089819e-07,-7.49211949616417e-23,0.00434272438306401
0.002905,-5.92853235327454e-07,-7.26011838866153e-23,0.00434272438306401
0.002915,-5.73490528428455e-07,-7.02300144970438e-23,0.00434272438306401
0.002925,-5.53762727208551e-07,-6.78141354249599e-23,0.00434272438306401
0.002935,-5.33721423674222e-07,-6.53598646602577e-23,0.00434272438306401
0.002945,-5.13417079172716e-07,-6.28733817315834e-23,0.00434272438306401
0.002955,-4.92898963779279e-07,-6.03607202836571e-23,0.00434272438306401
0.002965,-4.72215098984877e-07,-5.78277610587744e-23,0.00434272438306401
0.002975,-4.51412203738648e-07,-5.5280225289131e-23,0.00434272438306401
0.002985,-4.30535643892507e-07,-5.27236685057772e-23,0.00434272438306401
0.002995,-4.09629385087811e-07,-5.01634747690886e-23,0.00434272438306401
0.003005,-3.88735949115983e-07,-4.76048513246605e-23,0.00434272438306401
0.003015,-3.67896373777984e-07,-4.50528236876732e-23,0.00434272438306401
0.003025,-3.47150176261003e-07,-4.25122311579783e-23,0.00434272438306401
0.003035,-3.26535320042324e-07,-3.99877227671254e-23,0.00434272438306401
0.003045,-3.06088185324722e-07,-3.74837536578616e-23,0.00434272438306401
0.003055,-2.85843542999971e-07,-3.50045818956865e-23,0.00434272438306401
0.003065,-2.65834532131033e-07,-3.25542657113062e-23,0.00434272438306401
0.003075,-2.46092640936781e-07,-3.01366611720111e-23,0.00434272438306401
0.003085,-2.26647691256312e-07,-2.77554202791653e-23,0.00434272438306401
0.003095,-2.07527826464932e-07,-2.54139894883904e-23,0.00434272438306401
0.003105,-1.88759502806028e-07,-2.31156086480614e-23,0.00434272438306401
0.003115,-1.70367484098767e-07,-2.08633103512083e-23,0.00434272438306401
0.003125,-1.52374839774948e-07,-1.86599196951068e-23,0.00434272438306401
0.003135,-1.34802946192647e-07,-1.65080544421491e-23,0.00434272438306401
0.003145,-1.1767149116966e-07,-1.44101255750119e-23,0.00434272438306401
0.003155,-1.00998481673407e-07,-1.23683382383667e-23,0.00434272438306401
0.003165,-8.48002545995998e-08,-1.03846930588425e-23,0.00434272438306401
0.003175,-6.90914905668493e-08,-8.46098783432226e-24,0.00434272438306401
0.003185,-5.38852306494281e-08,-6.5988195830474e-24,0.00434272438306401
0.003195,-3.91928959662795e-08,-4.79958694250053e-24,0.00434272438306401
