5e-06,-1.47673745641711e-08,4.39344366047903e-18,0.00144757479435467
1.5e-05,-3.30257334551098e-08,4.43634687452884e-18,0.00144757479435467
2.5e-05,-5.26126557057714e-08,4.47841438513286e-18,0.00144757479435467
3.5e-05,-7.3552101745248e-08,4.5195211308862e-18,0.00144757479435467
4.5e-05,-9.58658084300616e-08,4.55953437348418e-18,0.00144757479435467
5.5e-05,-1.19573161854494e-07,4.59825570986221e-18,0.00144757479435467
6.5e-05,-1.44691071349815e-07,4.63555557000744e-18,0.00144757479435467
7.5e-05,-1.71233844932339e-07,4.67119669407578e-18,0.00144757479435467
8.5e-05,-1.99213066455515e-07,4.7051263599651e-18,0.00144757479435467
9.5e-05,-2.28637474726331e-07,4.73696067116076e-18,0.00144757479435467
0.000105,-2.59512844841292e-07,4.76664167029597e-18,0.00144757479435467
0.000115,-2.91841871996892e-07,4.7939516714931e-18,0.00144757479435467
0.000125,-3.25624058032191e-07,4.81860536130469e-18,0.00144757479435467
0.000135,-3.60855600952998e-07,4.84045822765469e-18,0.00144757479435467
0.000145,-3.97529287691928e-07,4.85909345464606e-18,0.00144757479435467
0.000155,-4.35634390353871e-07,4.87448491726871e-18,0.00144757479435467
0.000165,-4.75156566191859e-07,4.88624983781437e-18,0.00144757479435467
0.000175,-5.16077761564513e-07,4.89407040778788e-18,0.00144757479435467
0.000185,-5.58376120114732e-07,4.89770034502711e-18,0.00144757479435467
0.000195,-6.02025895415921e-07,4.8969150126839e-18,0.00144757479435467
0.000205,-6.46997368322654e-07,4.89149237215969e-18,0.00144757479435467
0.000215,-6.9325676927026e-07,4.88102180464973e-18,0.00144757479435467
0.000225,-7.40766205756039e-07,4.86517301479911e-18,0.00144757479435467
0.000235,-7.89483595242091e-07,4.84400211380764e-18,0.00144757479435467
0.000245,-8.39362603714032e-07,4.81642977171007e-18,0.00144757479435467
0.000255,-8.90352590128839e-07,4.78281878591405e-18,0.00144757479435467
0.000265,-9.42398556986942e-07,4.74224123173142e-18,0.00144757479435467
0.000275,-9.95441107258641e-07,4.69529060071322e-18,0.00144757479435467
0.000285,-1.04941640789675e-06,4.64043406242005e-18,0.00144757479435467
0.000295,-1.10425616016493e-06,4.57839988920329e-18,0.00144757479435467
0.000305,-1.15988757701011e-06,4.50824085659142e-18,0.00144757479435467
0.000315,-1.21623336770477e-06,4.42910108582078e-18,0.00144757479435467
0.000325,-1.27321172998342e-06,4.34201295868277e-18,0.00144757479435467
0.000335,-1.33073634989426e-06,4.2456602221844e-18,0.00144757479435467
0.000345,-1.3887164095833e-06,4.13955425012269e-18,0.00144757479435467
0.000355,-1.44705660322409e-06,4.02363494901807e-18,0.00144757479435467
0.000365,-1.50565716129757e-06,3.89772249518675e-18,0.00144757479435467
0.000375,-1.56441388342519e-06,3.76081554733926e-18,0.00144757479435467
0.000385,-1.62321817994287e-06,3.61383827288139e-18,0.00144757479435467
0.000395,-1.68195712239776e-06,3.45479889241669e-18,0.00144757479435467
0.000405,-1.7405135031341e-06,3.28444908306894e-18,0.00144757479435467
0.000415,-1.79876590412398e-06,3.10200932838522e-18,0.00144757479435467
0.000425,-1.85658877517487e-06,2.90655828273932e-18,0.00144757479435467
0.000435,-1.91385252163533e-06,2.69873435337152e-18,0.00144757479435467
0.000445,-1.97042360168717e-06,2.47836551181809e-18,0.00144757479435467
0.000455,-2.02616463329888e-06,2.24434396587182e-18,0.00144757479435467
0.000465,-2.08093451087614e-06,1.99635524796136e-18,0.00144757479435467
0.000475,-2.13458853162081e-06,1.73405780921686e-18,0.00144757479435467
0.000485,-2.18697853157334e-06,1.45805938441677e-18,0.00144757479435467
0.000495,-2.23795303127327e-06,1.16705489253097e-18,0.00144757479435467
0.000505,-2.28735739093899e-06,8.60654864959057e-19,0.00144757479435467
0.000515,-2.33503397501328e-06,5.39506914071303e-19,0.00144757479435467
0.000525,-2.38082232588508e-06,2.03292678069933e-19,0.00144757479435467
0.000535,-2.42455934654286e-06,-1.49961082655371e-19,0.00144757479435467
0.000545,-2.46607949186553e-06,-5.18312343236291e-19,0.00144757479435467
0.000555,-2.50521496820137e-06,-9.02575867096315e-19,0.00144757479435467
0.000565,-2.54179594083285e-06,-1.30405696430999e-18,0.00144757479435467
0.000575,-2.57565074887021e-06,-1.72176256823004e-18,0.00144757479435467
0.000585,-2.60660612705558e-06,-2.15570645691248e-18,0.00144757479435467
0.000595,-2.63448743390644e-06,-2.60696552374934e-18,0.00144757479435467
0.000605,-2.65911888557602e-06,-3.07535279386883e-18,0.00144757479435467
0.000615,-2.68032379474551e-06,-3.56052413672214e-18,0.00144757479435467
0.000625,-2.69792481382295e-06,-4.0619548125376e-18,0.00144757479435467
0.000635,-2.71174418166786e-06,-4.58132316485834e-18,0.00144757479435467
0.000645,-2.721603973024e-06,-5.11769370112165e-18,0.00144757479435467
0.000655,-2.72732634980475e-06,-5.67106097578514e-18,0.00144757479435467
0.000665,-2.72873381334105e-06,-6.24232236546716e-18,0.00144757479435467
0.000675,-2.72564945668765e-06,-6.82958838420589e-18,0.00144757479435467
0.000685,-2.71789721606032e-06,-7.43297003291063e-18,0.00144757479435467
0.000695,-2.70530212047905e-06,-8.05448659823884e-18,0.00144757479435467
0.000705,-2.68769053869606e-06,-8.69193768152581e-18,0.00144757479435467
0.000715,-2.66489042250532e-06,-9.34484029617847e-18,0.00144757479435467
0.000725,-2.63673154556432e-06,-1.00154071729185e-17,0.00144757479435467
0.000735,-2.60304573689819e-06,-1.07001115294318e-17,0.00144757479435467
0.000745,-2.56366710832019e-06,-1.14012219094344e-17,0.00144757479435467
0.000755,-2.51843227507165e-06,-1.21171471714385e-17,0.00144757479435467
0.000765,-2.46718056907745e-06,-1.28478737404112e-17,0.00144757479435467
0.000775,-2.40975424431411e-06,-1.35922176461808e-17,0.00144757479435467
0.000785,-2.34599867391316e-06,-1.43504908665776e-17,0.00144757479435467
0.000795,-2.27576253875668e-06,-1.51225087672261e-17,0.00144757479435467
0.000805,-2.19889800747625e-06,-1.59075663321607e-17,0.00144757479435467
0.000815,-2.1152609079427e-06,-1.67040393795636e-17,0.00144757479435467
0.000825,-2.02471089051118e-06,-1.75121373542207e-17,0.00144757479435467
0.000835,-1.92711158349972e-06,-1.83316746372761e-17,0.00144757479435467
0.000845,-1.82233074158676e-06,-1.91606753387885e-17,0.00144757479435467
0.000855,-1.71024038805773e-06,-1.9999345072825e-17,0.00144757479435467
0.000865,-1.59071695206418e-06,-2.08466559155018e-17,0.00144757479435467
0.000875,-1.46364140232938e-06,-2.17013070219233e-17,0.00144757479435467
0.000885,-1.32889937899933e-06,-2.25633629160036e-17,0.00144757479435467
0.000895,-1.18638132562033e-06,-2.34316789208929e-17,0.00144757479435467
0.000905,-1.03598262351776e-06,-2.43041763300869e-17,0.00144757479435467
0.000915,-8.77603731143723e-07,-2.51812333998537e-17,0.00144757479435467
0.000925,-7.1115033126976e-07,-2.60613897534854e-17,0.00144757479435467
0.000935,-5.36533489204369e-07,-2.69432557946728e-17,0.00144757479435467
0.000945,-3.53669825525965e-07,-2.78257471136543e-17,0.00144757479435467
0.000955,-1.62481707126797e-07,-2.87078658072561e-17,0.00144757479435467
0.000965,3.71025393297966e-08,-2.95882988940273e-17,0.00144757479435467
0.000975,2.45148387143417e-07,-3.04657801879138e-17,0.00144757479435467
0.000985,4.6171483781834e-07,-3.13389600055762e-17,0.00144757479435467
0.000995,6.86854112860191e-07,-3.22064531348398e-17,0.00144757479435467
0.001005,9.20611303922307e-07,-3.30668226429782e-17,0.00144757479435467
0.001015,1.16302397587174e-06,-3.39185785616798e-17,0.00144757479435467
0.001025,1.41412171714833e-06,-3.47601766759055e-17,0.00144757479435467
0.001035,1.67392563163404e-06,-3.55900176471805e-17,0.00144757479435467
0.001045,1.9424477661381e-06,-3.64064457465971e-17,0.00144757479435467
0.001055,2.21969046755166e-06,-3.72077474162254e-17,0.00144757479435467
0.001065,2.50564566373184e-06,-3.79921507482484e-17,0.00144757479435467
0.001075,2.80029406226907e-06,-3.87578237336813e-17,0.00144757479435467
0.001085,3.10360426146699e-06,-3.95028737483581e-17,0.00144757479435467
0.001095,3.41553176815734e-06,-4.02253463824598e-17,0.00144757479435467
0.001105,3.73601791737344e-06,-4.09232248373618e-17,0.00144757479435467
0.001115,4.06498868946409e-06,-4.1594429643311e-17,0.00144757479435467
0.001125,4.40235342093586e-06,-4.22368184958771e-17,0.00144757479435467
0.001135,4.74800340620437e-06,-4.28481861199837e-17,0.00144757479435467
0.001145,5.10181038853564e-06,-4.34262649515315e-17,0.00144757479435467
0.001155,5.4636249397773e-06,-4.39687263255622e-17,0.00144757479435467
0.001165,5.8332747300562e-06,-4.44731819088093e-17,0.00144757479435467
0.001175,6.21056269046716e-06,-4.49371859048586e-17,0.00144757479435467
0.001185,6.59526507391762e-06,-4.53582376449741e-17,0.00144757479435467
0.001195,6.98712942175646e-06,-4.57337858987443e-17,0.00144757479435467
0.001205,7.3858724465974e-06,-4.60612331809112e-17,0.00144757479435467
0.001215,7.79117784488764e-06,-4.63379414827808e-17,0.00144757479435467
0.001225,8.20269405623938e-06,-4.65612391869158e-17,0.00144757479435467
0.001235,8.62003199037051e-06,-4.67284289437457e-17,0.00144757479435467
0.001245,9.04276274663038e-06,-4.68367969669199e-17,0.00144757479435467
0.001255,9.4704153555292e-06,-4.68836240346387e-17,0.00144757479435467
0.001265,9.90247457636178e-06,-4.68661973042207e-17,0.00144757479435467
0.001275,1.03383787898732e-05,-4.67818248201952e-17,0.00144757479435467
0.001285,1.07775180298561e-05,-4.66278508260813e-17,0.00144757479435467
0.001295,1.12192322024832e-05,-4.64016732903797e-17,0.00144757479435467
0.001305,1.16628095469284e-05,-4.61007626619448e-17,0.00144757479435467
0.001315,1.21074853952391e-05,-4.57226828675484e-17,0.00144757479435467
0.001325,1.2552441293301e-05,-4.52651137841689e-17,0.00144757479435467
0.001335,1.29968045478667e-05,-4.47258755092669e-17,0.00144757479435467
0.001345,1.34396482667378e-05,-4.41029536225477e-17,0.00144757479435467
0.001355,1.38799919600637e-05,-4.33945270062506e-17,0.00144757479435467
0.001365,1.43168027700379e-05,-4.25989955744946e-17,0.00144757479435467
0.001375,1.47489973938038e-05,-4.17150098093198e-17,0.00144757479435467
0.001385,1.51754447598238e-05,-4.07415000539082e-17,0.00144757479435467
0.001395,1.55949695111173e-05,-3.96777066529306e-17,0.00144757479435467
0.001405,1.60063563394327e-05,-3.85232094558055e-17,0.00144757479435467
0.001415,1.64083552024648e-05,-3.72779569096888e-17,0.00144757479435467
0.001425,1.67996874416246e-05,-3.59422928676395e-17,0.00144757479435467
0.001435,1.71790528006845e-05,-3.45169832638497e-17,0.00144757479435467
0.001445,1.75451373260336e-05,-3.3003238709055e-17,0.00144757479435467
0.001455,1.78966221076187e-05,-3.14027347858834e-17,0.00144757479435467
0.001465,1.8232192796376e-05,-2.97176275492795e-17,0.00144757479435467
0.001475,1.85505498096827e-05,-2.79505663969972e-17,0.00144757479435467
0.001485,1.88504191118308e-05,-2.61047003171373e-17,0.00144757479435467
0.001495,1.91305634326028e-05,-2.4183679448641e-17,0.00144757479435467
0.001505,1.93897937646686e-05,-2.21916498990172e-17,0.00144757479435467
0.001515,1.96269809607286e-05,-2.01332436862637e-17,0.00144757479435467
0.001525,1.98410672351101e-05,-1.80135607242806e-17,0.00144757479435467
0.001535,2.00310773628304e-05,-1.58381451446866e-17,0.00144757479435467
0.001545,2.01961293628242e-05,-1.36129542046713e-17,0.00144757479435467
0.001555,2.03354444517617e-05,-1.1344321830722e-17,0.00144757479435467
0.001565,2.04483560611106e-05,-9.03891532013743e-18,0.00144757479435467
0.001575,2.05343177229974e-05,-6.70368742893929e-18,0.00144757479435467
0.001585,2.05929096498818e-05,-4.34582250497137e-18,0.00144757479435467
0.001595,2.06238438586487e-05,-1.97268065339428e-18,0.00144757479435467
0.001605,2.06269677206835e-05,4.08262904088639e-19,0.00144757479435467
0.001615,2.06022658548313e-05,2.78947934305254e-18,0.00144757479435467
0.001625,2.05498603185874e-05,5.16344926807695e-18,0.00144757479435467
0.001635,2.04700090929889e-05,7.52272488497859e-18,0.00144757479435467
0.001645,2.03631028969854e-05,9.85999146645281e-18,0.00144757479435467
0.001655,2.02296604060079e-05,1.21681256927143e-17,0.00144757479435467
0.001665,2.00703219856094e-05,1.4440252068419e-17,0.00144757479435467
0.001675,1.98858420830793e-05,1.66697926754969e-17,0.00144757479435467
0.001685,1.96770804468089e-05,1.88505141936165e-17,0.00144757479435467
0.001695,1.94449923640577e-05,2.09765676441554e-17,0.00144757479435467
0.001705,1.91906181221627e-05,2.30425238212034e-17,0.00144757479435467
0.001715,1.8915071905948e-05,2.50434002931363e-17,0.00144757479435467
0.001725,1.86195303452417e-05,2.69746834462246e-17,0.00144757479435467
0.001735,1.83052209213938e-05,2.88323429816299e-17,0.00144757479435467
0.001745,1.79734104311301e-05,3.06128414789792e-17,0.00144757479435467
0.001755,1.76253936907874e-05,3.23131353966772e-17,0.00144757479435467
0.001765,1.72624826449016e-05,3.39306728192827e-17,0.00144757479435467
0.001775,1.68859960212366e-05,3.54633843028001e-17,0.00144757479435467
0.001785,1.64972496506923e-05,3.69096711140581e-17,0.00144757479435467
0.001795,1.60975475460526e-05,3.82683860995231e-17,0.00144757479435467
0.001805,1.56881738091386e-05,3.95388140916224e-17,0.00144757479435467
0.001815,1.52703854123738e-05,4.07206477762024e-17,0.00144757479435467
0.001825,1.48454058787078e-05,4.18139630129184e-17,0.00144757479435467
0.001835,1.44144198637583e-05,4.2819189795563e-17,0.00144757479435467
0.001845,1.39785686262884e-05,4.37370850456399e-17,0.00144757479435467
0.001855,1.35389463579459e-05,4.45687022488541e-17,0.00144757479435467
0.001865,1.3096597330646e-05,4.53153640306923e-17,0.00144757479435467
0.001875,1.26525138100594e-05,4.59786316036867e-17,0.00144757479435467
0.001885,1.22076346762777e-05,4.65602777234864e-17,0.00144757479435467
0.001895,1.17628446876769e-05,4.70622584332265e-17,0.00144757479435467
0.001905,1.13189743210854e-05,4.74866886724689e-17,0.00144757479435467
0.001915,1.0876800120304e-05,4.78358156376847e-17,0.00144757479435467
0.001925,1.0437045485575e-05,4.8111997105277e-17,0.00144757479435467
0.001935,1.00003818384615e-05,4.83176785918903e-17,0.00144757479435467
0.001945,9.56743009952215e-06,4.84553758689527e-17,0.00144757479435467
0.001955,9.13876241990038e-06,4.8527654134677e-17,0.00144757479435467
0.001965,8.71490411225248e-06,4.8537113206619e-17,0.00144757479435467
0.001975,8.29633573113105e-06,4.84863716858364e-17,0.00144757479435467
0.001985,7.88349525782865e-06,4.83780555354634e-17,0.00144757479435467
0.001995,7.47678034963357e-06,4.82147842244112e-17,0.00144757479435467
0.002005,7.07655061833464e-06,4.7999162133909e-17,0.00144757479435467
0.002015,6.68312990753014e-06,4.77337682992111e-17,0.00144757479435467
0.002025,6.29680854279761e-06,4.74211508344826e-17,0.00144757479435467
0.002035,5.91784553297973e-06,4.70638183387495e-17,0.00144757479435467
0.002045,5.54647070474395e-06,4.66642359632359e-17,0.00144757479435467
0.002055,5.18288675611707e-06,4.62248197741098e-17,0.00144757479435467
0.002065,4.82727121791388e-06,4.57479351820261e-17,0.00144757479435467
0.002075,4.47977831483571e-06,4.52358917431621e-17,0.00144757479435467
0.002085,4.14054072055163e-06,4.46909426401925e-17,0.00144757479435467
0.002095,3.8096712032832e-06,4.41152817763061e-17,0.00144757479435467
0.002105,3.48726416032578e-06,4.35110454982204e-17,0.00144757479435467
0.002115,3.1733970415754e-06,4.28803084911946e-17,0.00144757479435467
0.002125,2.86813166350244e-06,4.22250858819944e-17,0.00144757479435467
0.002135,2.57151541616205e-06,4.15473319453231e-17,0.00144757479435467
0.002145,2.28358236676787e-06,4.08489424227307e-17,0.00144757479435467
0.002155,2.0043542640995e-06,4.01317526494035e-17,0.00144757479435467
0.002165,1.73384144860697e-06,3.93975402079869e-17,0.00144757479435467
0.002175,1.47204367350579e-06,3.86480240917048e-17,0.00144757479435467
0.002185,1.21895084247542e-06,3.78848679699747e-17,0.00144757479435467
0.002195,9.74543669771451e-07,3.71096786093303e-17,0.00144757479435467
0.002205,7.38794268674934e-07,3.63240088328141e-17,0.00144757479435467
0.002215,5.11666674224678e-07,3.55293569949266e-17,0.00144757479435467
0.002225,2.9311730614033e-07,3.47271702384234e-17,0.00144757479435467
0.002235,8.3095377743859e-08,3.39188428265189e-17,0.00144757479435467
0.002245,-1.18456743459429e-07,3.31057258818353e-17,0.00144757479435467
0.002255,-3.11603218067919e-07,3.22891251607478e-17,0.00144757479435467
0.002265,-4.96414454684437e-07,3.14702883926751e-17,0.00144757479435467
0.002275,-6.72966862423931e-07,3.06502916610212e-17,0.00144757479435467
0.002285,-8.41342631286065e-07,2.98304431579544e-17,0.00144757479435467
0.002295,-1.00162953593595e-06,2.90117076136048e-17,0.00144757479435467
0.002305,-1.15392075872686e-06,2.81953093172796e-17,0.00144757479435467
0.002315,-1.29831472810395e-06,2.73825056346208e-17,0.00144757479435467
0.002325,-1.43491496883208e-06,2.65733145722883e-17,0.00144757479435467
0.002335,-1.56382996080127e-06,2.5769566819231e-17,0.00144757479435467
0.002345,-1.68517300346709e-06,2.49717213474844e-17,0.00144757479435467
0.002355,-1.79906208329219e-06,2.41810612052036e-17,0.00144757479435467
0.002365,-1.90561974184961e-06,2.33986189224523e-17,0.00144757479435467
0.002375,-2.00497294254301e-06,2.26231946106059e-17,0.00144757479435467
0.002385,-2.0972529341831e-06,2.18585183039084e-17,0.00144757479435467
0.002395,-2.18259510992662e-06,2.11021777846084e-17,0.00144757479435467
0.002405,-2.26113886035688e-06,2.03573565296157e-17,0.00144757479435467
0.002415,-2.33302741972093e-06,1.96234951300828e-17,0.00144757479435467
0.002425,-2.39840770458588e-06,1.89006171137136e-17,0.00144757479435467
0.002435,-2.45743014438702e-06,1.8190392880781e-17,0.00144757479435467
0.002445,-2.51024850355746e-06,1.74933453216435e-17,0.00144757479435467
0.002455,-2.5570196951092e-06,1.68086480923554e-17,0.00144757479435467
0.002465,-2.59790358571517e-06,1.61371333376219e-17,0.00144757479435467
0.002475,-2.6330627924999e-06,1.54797114380837e-17,0.00144757479435467
0.002485,-2.66266247188359e-06,1.48366475914327e-17,0.00144757479435467
0.002495,-2.6868701009541e-06,1.42090739551999e-17,0.00144757479435467
0.002505,-2.70585525194575e-06,1.3594497360423e-17,0.00144757479435467
0.002515,-2.71978936049993e-06,1.29953664407832e-17,0.00144757479435467
0.002525,-2.72884548845553e-06,1.24121104463622e-17,0.00144757479435467
0.002535,-2.73319808198412e-06,1.18432230173822e-17,0.00144757479435467
0.002545,-2.73302272592732e-06,1.12914407019998e-17,0.00144757479435467
0.002555,-2.72849589523097e-06,1.07529207652111e-17,0.00144757479435467
0.002565,-2.71979470439168e-06,1.02318735452673e-17,0.00144757479435467
0.002575,-2.70709665583718e-06,9.72606814914343e-18,0.00144757479435467
0.002585,-2.69057938816746e-06,9.23538136490498e-18,0.00144757479435467
0.002595,-2.6704204251625e-06,8.76060649240284e-18,0.00144757479435467
0.002605,-2.64679692645005e-06,8.30109748359222e-18,0.00144757479435467
0.002615,-2.61988544069484e-06,7.85834895723373e-18,0.00144757479435467
0.002625,-2.58986166213351e-06,7.43015449586435e-18,0.00144757479435467
0.002635,-2.55690019124485e-06,7.01765235460161e-18,0.00144757479435467
0.002645,-2.52117430029002e-06,6.61953944741111e-18,0.00144757479435467
0.002655,-2.4828557044183e-06,6.23776558598241e-18,0.00144757479435467
0.002665,-2.44211433897207e-06,5.8707875656778e-18,0.00144757479435467
0.002675,-2.39911814357405e-06,5.51811682516425e-18,0.00144757479435467
0.002685,-2.35403285352669e-06,5.17920279864308e-18,0.00144757479435467
0.002695,-2.30702179899371e-06,4.85549932814373e-18,0.00144757479435467
0.002705,-2.2582457123775e-06,4.54524964119118e-18,0.00144757479435467
0.002715,-2.20786254425441e-06,4.24970507672562e-18,0.00144757479435467
0.002725,-2.15602728817355e-06,3.96705583679155e-18,0.00144757479435467
0.002735,-2.10289181457525e-06,3.69745504466957e-18,0.00144757479435467
0.002745,-2.0486047140297e-06,3.44097548020199e-18,0.00144757479435467
0.002755,-1.99331114995937e-06,3.19761530268758e-18,0.00144757479435467
0.002765,-1.93715272095405e-06,2.96558316225488e-18,0.00144757479435467
0.002775,-1.88026733275278e-06,2.74656642051698e-18,0.00144757479435467
0.002785,-1.82278907992592e-06,2.53875551745473e-18,0.00144757479435467
0.002795,-1.76484813725389e-06,2.3420611685822e-18,0.00144757479435467
0.002805,-1.70657066077318e-06,2.15710591570603e-18,0.00144757479435467
0.002815,-1.64807869842134e-06,1.98217068727235e-18,0.00144757479435467
0.002825,-1.58949011019778e-06,1.81782382325704e-18,0.00144757479435467
0.002835,-1.53091849772368e-06,1.66313576540539e-18,0.00144757479435467
0.002845,-1.47247314307316e-06,1.51790411777941e-18,0.00144757479435467
0.002855,-1.41425895672319e-06,1.38252696194512e-18,0.00144757479435467
0.002865,-1.35637643445864e-06,1.25546796047514e-18,0.00144757479435467
0.002875,-1.29892162305265e-06,1.13768178308181e-18,0.00144757479435467
0.002885,-1.24198609453637e-06,1.02769463173978e-18,0.00144757479435467
0.002895,-1.18565692885603e-06,9.25271493647295e-19,0.00144757479435467
0.002905,-1.13001670471361e-06,8.30664095788725e-19,0.00144757479435467
0.002915,-1.07514349837827e-06,7.43058841854831e-19,0.00144757479435467
0.002925,-1.02111089025122e-06,6.62636429711434e-19,0.00144757479435467
0.002935,-9.6798797896291e-07,5.88614700315361e-19,0.00144757479435467
0.002945,-9.15839402777739e-07,5.20706582088445e-19,0.00144757479435467
0.002955,-8.64725368079697e-07,4.58236034917252e-19,0.00144757479435467
0.002965,-8.14701684709955e-07,4.01698021329215e-19,0.00144757479435467
0.002975,-7.65819807925906e-07,3.50388865571289e-19,0.00144757479435467
0.002985,-7.18126886748904e-07,3.04011461102947e-19,0.00144757479435467
0.002995,-6.71665818469573e-07,2.61971691032234e-19,0.00144757479435467
0.003005,-6.26475309074645e-07,2.2459293503741e-19,0.00144757479435467
0.003015,-5.82589939361114e-07,1.91008110842197e-19,0.00144757479435467
0.003025,-5.40040236502514e-07,1.61229233837806e-19,0.00144757479435467
0.003035,-4.98852750826518e-07,1.34754445184044e-19,0.00144757479435467
0.003045,-4.590501375704e-07,1.1177106422713e-19,0.00144757479435467
0.003055,-4.20651243369157e-07,9.15867855807625e-20,0.00144757479435467
0.003065,-3.83671197238899e-07,7.41641285070536e-20,0.00144757479435467
0.003075,-3.48121505808659e-07,5.90986868793093e-20,0.00144757479435467
0.003085,-3.14010152560672e-07,4.64748112211427e-20,0.00144757479435467
0.003095,-2.81341700827644e-07,3.58924667919298e-20,0.00144757479435467
0.003105,-2.50117400301887e-07,2.70217181325266e-20,0.00144757479435467
0.003115,-2.20335296806711e-07,1.98902335562213e-20,0.00144757479435467
0.003125,-1.91990345075876e-07,1.40915499658371e-20,0.00144757479435467
0.003135,-1.65074524291671e-07,9.62353890386746e-21,0.00144757479435467
0.003145,-1.3957695612425e-07,6.21555469858122e-21,0.00144757479435467
0.003155,-1.15484025017535e-07,3.70667732534476e-21,0.00144757479435467
0.003165,-9.27795004667459e-08,2.03027821415308e-21,0.00144757479435467
0.003175,-7.14446610276327e-08,9.28855447433355e-22,0.00144757479435467
0.003185,-5.14584199534834e-08,3.03379308547847e-22,0.00144757479435467
0.003195,-3.27974517413475e-08,3.31463856369848e-23,0.00144757479435467
