5.0000000000000004e-06,-1.098137810581397e-08,0,0.00144757479435467
1.5e-05,-3.2944134317441912e-08,0,0.00144757479435467
2.5000000000000001e-05,-5.4906890529069856e-08,0,0.00144757479435467
3.4999999999999997e-05,-7.6869646740697793e-08,0,0.00144757479435467
4.5000000000000003e-05,-1.0981378105813971e-07,0,0.00144757479435467
5.5000000000000002e-05,-1.3177653726976765e-07,0,0.00144757479435467
6.4999999999999994e-05,-1.5373929348139559e-07,0,0.00144757479435467
7.4999999999999993e-05,-1.8668342779883751e-07,0,0.00144757479435467
8.5000000000000006e-05,-2.1962756211627942e-07,0,0.00144757479435467
9.5000000000000005e-05,-2.5257169643372132e-07,0,0.00144757479435467
0.000105,-2.8551583075116321e-07,0,0.00144757479435467
0.000115,-3.1845996506860516e-07,0,0.00144757479435467
0.000125,-3.5140409938604705e-07,0,0.00144757479435467
0.000135,-3.9532961180930292e-07,0,0.00144757479435467
0.000145,-4.2827374612674487e-07,0,0.00144757479435467
0.000155,-4.7219925855000074e-07,0,0.00144757479435467
0.000165,-5.1612477097325662e-07,0,0.00144757479435467
0.000175,-5.6005028339651254e-07,0,0.00144757479435467
0.000185,-6.0397579581976837e-07,0,0.00144757479435467
0.000195,-6.5888268634883827e-07,0,0.00144757479435467
0.000205,-7.028081987720941e-07,0,0.00144757479435467
0.00021499999999999999,-7.57715089301164e-07,0,0.00144757479435467
0.00022499999999999999,-8.1262197983023381e-07,0,0.00144757479435467
0.00023499999999999999,-8.5654749225348974e-07,0,0.00144757479435467
0.00024499999999999999,-9.1145438278255954e-07,0,0.00144757479435467
0.00025500000000000002,-9.6636127331162934e-07,0,0.00144757479435467
0.00026499999999999999,-1.0322495419465132e-06,0,0.00144757479435467
0.00027500000000000002,-1.087156432475583e-06,0,0.00144757479435467
0.00028499999999999999,-1.1420633230046528e-06,0,0.00144757479435467
0.00029500000000000001,-1.2079515916395367e-06,0,0.00144757479435467
0.00030499999999999999,-1.2628584821686065e-06,0,0.00144757479435467
0.00031500000000000001,-1.3287467508034904e-06,0,0.00144757479435467
0.00032499999999999999,-1.3836536413325602e-06,0,0.00144757479435467
0.00033500000000000001,-1.4495419099674441e-06,0,0.00144757479435467
0.00034499999999999998,-1.515430178602328e-06,0,0.00144757479435467
0.00035500000000000001,-1.5813184472372117e-06,0,0.00144757479435467
0.00036499999999999998,-1.6362253377662817e-06,0,0.00144757479435467
0.00037500000000000001,-1.7021136064011654e-06,0,0.00144757479435467
0.00038499999999999998,-1.7680018750360493e-06,0,0.00144757479435467
0.00039500000000000001,-1.8338901436709332e-06,0,0.00144757479435467
0.00040499999999999998,-1.8997784123058168e-06,0,0.00144757479435467
0.000415,-1.9656666809407007e-06,0,0.00144757479435467
0.00042499999999999998,-2.0205735714697705e-06,0,0.00144757479435467
0.000435,-2.0864618401046542e-06,0,0.00144757479435467
0.00044499999999999997,-2.1523501087395383e-06,0,0.00144757479435467
0.000455,-2.2072569992686081e-06,0,0.00144757479435467
0.00046500000000000003,-2.2731452679034918e-06,0,0.00144757479435467
0.000475,-2.3280521584325616e-06,0,0.00144757479435467
0.00048500000000000003,-2.3829590489616318e-06,0,0.00144757479435467
0.000495,-2.4378659394907016e-06,0,0.00144757479435467
0.00050500000000000002,-2.4927728300197714e-06,0,0.00144757479435467
0.00051500000000000005,-2.5476797205488412e-06,0,0.00144757479435467
0.00052499999999999997,-2.5916052329720972e-06,0,0.00144757479435467
0.00053499999999999999,-2.646512123501167e-06,0,0.00144757479435467
0.00054500000000000002,-2.6904376359244229e-06,0,0.00144757479435467
0.00055500000000000005,-2.7343631483476788e-06,0,0.00144757479435467
0.00056499999999999996,-2.7673072826651205e-06,0,0.00144757479435467
0.00057499999999999999,-2.8112327950883764e-06,0,0.00144757479435467
0.00058500000000000002,-2.8441769294058184e-06,0,0.00144757479435467
0.00059500000000000004,-2.8661396856174462e-06,0,0.00144757479435467
0.00060499999999999996,-2.8990838199348882e-06,0,0.00144757479435467
0.00061499999999999999,-2.921046576146516e-06,0,0.00144757479435467
0.00062500000000000001,-2.9430093323581442e-06,0,0.00144757479435467
0.00063500000000000004,-2.953990710463958e-06,0,0.00144757479435467
0.00064499999999999996,-2.9649720885697719e-06,0,0.00144757479435467
0.00065499999999999998,-2.9759534666755862e-06,0,0.00144757479435467
0.00066500000000000001,-2.9759534666755862e-06,0,0.00144757479435467
0.00067500000000000004,-2.9649720885697719e-06,0,0.00144757479435467
0.00068499999999999995,-2.9649720885697719e-06,0,0.00144757479435467
0.00069499999999999998,-2.9430093323581442e-06,0,0.00144757479435467
0.00070500000000000001,-2.9320279542523303e-06,0,0.00144757479435467
0.00071500000000000003,-2.8990838199348882e-06,0,0.00144757479435467
0.00072499999999999995,-2.8771210637232605e-06,0,0.00144757479435467
0.00073499999999999998,-2.8331955513000046e-06,0,0.00144757479435467
0.000745,-2.7892700388767486e-06,0,0.00144757479435467
0.00075500000000000003,-2.7453445264534927e-06,0,0.00144757479435467
0.00076499999999999995,-2.6904376359244229e-06,0,0.00144757479435467
0.00077499999999999997,-2.6245493672895388e-06,0,0.00144757479435467
0.000785,-2.5586610986546551e-06,0,0.00144757479435467
0.00079500000000000003,-2.4817914519139576e-06,0,0.00144757479435467
0.00080500000000000005,-2.3939404270674457e-06,0,0.00144757479435467
0.00081499999999999997,-2.3060894022209339e-06,0,0.00144757479435467
0.000825,-2.2072569992686081e-06,0,0.00144757479435467
0.00083500000000000002,-2.0974432182104685e-06,0,0.00144757479435467
0.00084500000000000005,-1.9876294371523285e-06,0,0.00144757479435467
0.00085499999999999997,-1.866834277988375e-06,0,0.00144757479435467
0.00086499999999999999,-1.7350577407186074e-06,0,0.00144757479435467
0.00087500000000000002,-1.5922998253430258e-06,0,0.00144757479435467
0.00088500000000000004,-1.4495419099674441e-06,0,0.00144757479435467
0.00089499999999999996,-1.2958026164860486e-06,0,0.00144757479435467
0.00090499999999999999,-1.131081944898839e-06,0,0.00144757479435467
0.00091500000000000001,-9.5537989520581547e-07,0,0.00144757479435467
0.00092500000000000004,-7.7967784551279186e-07,0,0.00144757479435467
0.00093499999999999996,-5.820130396081404e-07,0,0.00144757479435467
0.00094499999999999998,-3.8434823370348899e-07,0,0.00144757479435467
0.00095500000000000001,-1.7570204969302352e-07,0,0.00144757479435467
0.00096500000000000004,4.3925512423255881e-08,0,0.00144757479435467
0.00097499999999999996,2.635530745395353e-07,0,0.00144757479435467
0.00098499999999999998,5.0514339286744263e-07,0,0.00144757479435467
0.00099500000000000001,7.4673371119535002e-07,0,0.00144757479435467
0.001005,9.9930540762907139e-07,0,0.00144757479435467
0.0010150000000000001,1.2628584821686065e-06,0,0.00144757479435467
0.0010250000000000001,1.537392934813956e-06,0,0.00144757479435467
0.0010349999999999999,1.8229087655651191e-06,0,0.00144757479435467
0.0010449999999999999,2.1194059744220963e-06,0,0.00144757479435467
0.0010549999999999999,2.4159031832790735e-06,0,0.00144757479435467
0.001065,2.7343631483476788e-06,0,0.00144757479435467
0.001075,3.0528231134162838e-06,0,0.00144757479435467
0.001085,3.382264456590703e-06,0,0.00144757479435467
0.0010950000000000001,3.7226871778709361e-06,0,0.00144757479435467
0.0011050000000000001,4.0740912772569831e-06,0,0.00144757479435467
0.0011150000000000001,4.4254953766430305e-06,0,0.00144757479435467
0.0011249999999999999,4.7988622322407049e-06,0,0.00144757479435467
0.0011349999999999999,5.17222908783838e-06,0,0.00144757479435467
0.001145,5.5565773215418695e-06,0,0.00144757479435467
0.001155,5.9519069333511724e-06,0,0.00144757479435467
0.001165,6.3582179232662897e-06,0,0.00144757479435467
0.001175,6.764528913181406e-06,0,0.00144757479435467
0.0011850000000000001,7.192802659308151e-06,0,0.00144757479435467
0.0011950000000000001,7.6100950273290825e-06,0,0.00144757479435467
0.0012049999999999999,8.0493501515616409e-06,0,0.00144757479435467
0.0012149999999999999,8.4886052757941994e-06,0,0.00144757479435467
0.001225,8.9388417781325721e-06,0,0.00144757479435467
0.001235,9.3890782804709448e-06,0,0.00144757479435467
0.001245,9.8502961609151318e-06,0,0.00144757479435467
0.001255,1.0322495419465133e-05,0,0.00144757479435467
0.0012650000000000001,1.0794694678015134e-05,0,0.00144757479435467
0.0012750000000000001,1.1266893936565136e-05,0,0.00144757479435467
0.0012849999999999999,1.175007457322095e-05,0,0.00144757479435467
0.0012949999999999999,1.2222273831770949e-05,0,0.00144757479435467
0.001305,1.2705454468426763e-05,0,0.00144757479435467
0.001315,1.3199616483188393e-05,0,0.00144757479435467
0.001325,1.3682797119844209e-05,0,0.00144757479435467
0.001335,1.4165977756500023e-05,0,0.00144757479435467
0.0013450000000000001,1.4649158393155838e-05,0,0.00144757479435467
0.0013550000000000001,1.5121357651705836e-05,0,0.00144757479435467
0.0013649999999999999,1.560453828836165e-05,0,0.00144757479435467
0.0013749999999999999,1.6076737546911653e-05,0,0.00144757479435467
0.0013849999999999999,1.653795542735584e-05,0,0.00144757479435467
0.001395,1.6999173307800027e-05,0,0.00144757479435467
0.001405,1.7438428432032586e-05,0,0.00144757479435467
0.001415,1.7877683556265144e-05,0,0.00144757479435467
0.0014250000000000001,1.830595730239189e-05,0,0.00144757479435467
0.0014350000000000001,1.872324967041282e-05,0,0.00144757479435467
0.0014450000000000001,1.9118579282222121e-05,0,0.00144757479435467
0.0014549999999999999,1.9502927515925613e-05,0,0.00144757479435467
0.0014649999999999999,1.9865312993417473e-05,0,0.00144757479435467
0.001475,2.0216717092803521e-05,0,0.00144757479435467
0.001485,2.0546158435977939e-05,0,0.00144757479435467
0.001495,2.0842655644834917e-05,0,0.00144757479435467
0.001505,2.1128171475586079e-05,0,0.00144757479435467
0.0015150000000000001,2.1391724550125615e-05,0,0.00144757479435467
0.0015250000000000001,2.1622333490347707e-05,0,0.00144757479435467
0.0015349999999999999,2.1830979674358173e-05,0,0.00144757479435467
0.0015449999999999999,2.2006681724051195e-05,0,0.00144757479435467
0.001555,2.2160421017532592e-05,0,0.00144757479435467
0.001565,2.2281216176696544e-05,0,0.00144757479435467
0.001575,2.2380048579648875e-05,0,0.00144757479435467
0.001585,2.2445936848283757e-05,0,0.00144757479435467
0.0015950000000000001,2.2478880982601198e-05,0,0.00144757479435467
0.0016050000000000001,2.2478880982601198e-05,0,0.00144757479435467
0.0016149999999999999,2.245691822638957e-05,0,0.00144757479435467
0.0016249999999999999,2.2391029957754687e-05,0,0.00144757479435467
0.001635,2.2303178932908176e-05,0,0.00144757479435467
0.001645,2.2193365151850033e-05,0,0.00144757479435467
0.001655,2.2050607236474453e-05,0,0.00144757479435467
0.001665,2.1874905186781431e-05,0,0.00144757479435467
0.0016750000000000001,2.1666259002770964e-05,0,0.00144757479435467
0.0016850000000000001,2.1446631440654685e-05,0,0.00144757479435467
0.0016949999999999999,2.1194059744220964e-05,0,0.00144757479435467
0.0017049999999999999,2.0908543913469799e-05,0,0.00144757479435467
0.0017149999999999999,2.0612046704612822e-05,0,0.00144757479435467
0.001725,2.0293586739544219e-05,0,0.00144757479435467
0.001735,1.9953164018263984e-05,0,0.00144757479435467
0.001745,1.9590778540772124e-05,0,0.00144757479435467
0.001755,1.9206430307068635e-05,0,0.00144757479435467
0.0017650000000000001,1.8811100695259331e-05,0,0.00144757479435467
0.0017750000000000001,1.8404789705344214e-05,0,0.00144757479435467
0.0017849999999999999,1.7976515959217468e-05,0,0.00144757479435467
0.0017949999999999999,1.7548242213090725e-05,0,0.00144757479435467
0.001805,1.7098005710752351e-05,0,0.00144757479435467
0.001815,1.6636787830308167e-05,0,0.00144757479435467
0.001825,1.6175569949863977e-05,0,0.00144757479435467
0.001835,1.5703370691313981e-05,0,0.00144757479435467
0.0018450000000000001,1.5231171432763978e-05,0,0.00144757479435467
0.0018550000000000001,1.4758972174213976e-05,0,0.00144757479435467
0.0018649999999999999,1.4275791537558162e-05,0,0.00144757479435467
0.0018749999999999999,1.3792610900902347e-05,0,0.00144757479435467
0.001885,1.3298448886140719e-05,0,0.00144757479435467
0.001895,1.2815268249484905e-05,0,0.00144757479435467
0.001905,1.2332087612829089e-05,0,0.00144757479435467
0.001915,1.1848906976173275e-05,0,0.00144757479435467
0.0019250000000000001,1.1376707717623274e-05,0,0.00144757479435467
0.0019350000000000001,1.0893527080967458e-05,0,0.00144757479435467
0.0019449999999999999,1.0421327822417458e-05,0,0.00144757479435467
0.0019550000000000001,9.9601099419732715e-06,0,0.00144757479435467
0.0019650000000000002,9.4988920615290844e-06,0,0.00144757479435467
0.0019750000000000002,9.0376741810848991e-06,0,0.00144757479435467
0.0019849999999999998,8.5874376787465247e-06,0,0.00144757479435467
0.0019949999999999998,8.1481825545139663e-06,0,0.00144757479435467
0.0020049999999999998,7.7089274302814078e-06,0,0.00144757479435467
0.0020149999999999999,7.2806536841546629e-06,0,0.00144757479435467
0.0020249999999999999,6.8633613161337322e-06,0,0.00144757479435467
0.0020349999999999999,6.4460689481128015e-06,0,0.00144757479435467
0.0020449999999999999,6.0397579581976834e-06,0,0.00144757479435467
0.002055,5.6444283463883805e-06,0,0.00144757479435467
0.002065,5.2600801126848919e-06,0,0.00144757479435467
0.002075,4.8867132570872167e-06,0,0.00144757479435467
0.002085,4.5133464014895416e-06,0,0.00144757479435467
0.0020950000000000001,4.1509609239976807e-06,0,0.00144757479435467
0.0021050000000000001,3.7995568246116337e-06,0,0.00144757479435467
0.0021150000000000001,3.4591341033314006e-06,0,0.00144757479435467
0.0021250000000000002,3.1296927601569817e-06,0,0.00144757479435467
0.0021350000000000002,2.8002514169825625e-06,0,0.00144757479435467
0.0021450000000000002,2.4927728300197714e-06,0,0.00144757479435467
0.0021549999999999998,2.1852942430569799e-06,0,0.00144757479435467
0.0021649999999999998,1.888797034200003e-06,0,0.00144757479435467
0.0021749999999999999,1.6032812034488397e-06,0,0.00144757479435467
0.0021849999999999999,1.3287467508034904e-06,0,0.00144757479435467
0.0021949999999999999,1.0651936762639551e-06,0,0.00144757479435467
0.0022049999999999999,8.0164060172441983e-07,0,0.00144757479435467
0.002215,5.6005028339651254e-07,0,0.00144757479435467
0.002225,3.1845996506860516e-07,0,0.00144757479435467
0.002235,8.7851024846511762e-08,0,0.00144757479435467
0.002245,-1.3177653726976765e-07,0,0.00144757479435467
0.0022550000000000001,-3.4042272128023307e-07,0,0.00144757479435467
0.0022650000000000001,-5.3808752718488458e-07,0,0.00144757479435467
0.0022750000000000001,-7.3575233308953604e-07,0,0.00144757479435467
0.0022850000000000001,-9.1145438278255954e-07,0,0.00144757479435467
0.0022950000000000002,-1.087156432475583e-06,0,0.00144757479435467
0.0023050000000000002,-1.2628584821686065e-06,0,0.00144757479435467
0.0023149999999999998,-1.4165977756500023e-06,0,0.00144757479435467
0.0023249999999999998,-1.5593556910255837e-06,0,0.00144757479435467
0.0023349999999999998,-1.7021136064011654e-06,0,0.00144757479435467
0.0023449999999999999,-1.8338901436709332e-06,0,0.00144757479435467
0.0023549999999999999,-1.9656666809407007e-06,0,0.00144757479435467
0.0023649999999999999,-2.0754804619988403e-06,0,0.00144757479435467
0.0023749999999999999,-2.1852942430569799e-06,0,0.00144757479435467
0.002385,-2.2841266460093057e-06,0,0.00144757479435467
0.002395,-2.3829590489616318e-06,0,0.00144757479435467
0.002405,-2.4598286957023294e-06,0,0.00144757479435467
0.002415,-2.5476797205488412e-06,0,0.00144757479435467
0.0024250000000000001,-2.6135679891837249e-06,0,0.00144757479435467
0.0024350000000000001,-2.679456257818609e-06,0,0.00144757479435467
0.0024450000000000001,-2.7343631483476788e-06,0,0.00144757479435467
0.0024550000000000002,-2.7892700388767486e-06,0,0.00144757479435467
0.0024650000000000002,-2.8331955513000046e-06,0,0.00144757479435467
0.0024750000000000002,-2.8661396856174462e-06,0,0.00144757479435467
0.0024849999999999998,-2.8990838199348882e-06,0,0.00144757479435467
0.0024949999999999998,-2.9320279542523303e-06,0,0.00144757479435467
0.0025049999999999998,-2.953990710463958e-06,0,0.00144757479435467
0.0025149999999999999,-2.9649720885697719e-06,0,0.00144757479435467
0.0025249999999999999,-2.9759534666755862e-06,0,0.00144757479435467
0.0025349999999999999,-2.9759534666755862e-06,0,0.00144757479435467
0.002545,-2.9759534666755862e-06,0,0.00144757479435467
0.002555,-2.9759534666755862e-06,0,0.00144757479435467
0.002565,-2.9649720885697719e-06,0,0.00144757479435467
0.002575,-2.953990710463958e-06,0,0.00144757479435467
0.0025850000000000001,-2.9320279542523303e-06,0,0.00144757479435467
0.0025950000000000001,-2.9100651980407021e-06,0,0.00144757479435467
0.0026050000000000001,-2.8881024418290744e-06,0,0.00144757479435467
0.0026150000000000001,-2.8551583075116323e-06,0,0.00144757479435467
0.0026250000000000002,-2.8222141731941903e-06,0,0.00144757479435467
0.0026350000000000002,-2.7892700388767486e-06,0,0.00144757479435467
0.0026450000000000002,-2.7453445264534927e-06,0,0.00144757479435467
0.0026549999999999998,-2.7014190140302368e-06,0,0.00144757479435467
0.0026649999999999998,-2.6574935016069808e-06,0,0.00144757479435467
0.0026749999999999999,-2.6135679891837249e-06,0,0.00144757479435467
0.0026849999999999999,-2.569642476760469e-06,0,0.00144757479435467
0.0026949999999999999,-2.5147355862313992e-06,0,0.00144757479435467
0.0027049999999999999,-2.4598286957023294e-06,0,0.00144757479435467
0.002715,-2.4049218051732596e-06,0,0.00144757479435467
0.002725,-2.3500149146441898e-06,0,0.00144757479435467
0.002735,-2.29510802411512e-06,0,0.00144757479435467
0.002745,-2.2292197554802359e-06,0,0.00144757479435467
0.0027550000000000001,-2.1743128649511661e-06,0,0.00144757479435467
0.0027650000000000001,-2.1084245963162824e-06,0,0.00144757479435467
0.0027750000000000001,-2.0535177057872126e-06,0,0.00144757479435467
0.0027850000000000001,-1.9876294371523285e-06,0,0.00144757479435467
0.0027950000000000002,-1.9217411685174448e-06,0,0.00144757479435467
0.0028050000000000002,-1.8558528998825611e-06,0,0.00144757479435467
0.0028149999999999998,-1.8009460093534911e-06,0,0.00144757479435467
0.0028249999999999998,-1.7350577407186074e-06,0,0.00144757479435467
0.0028349999999999998,-1.6691694720837235e-06,0,0.00144757479435467
0.0028449999999999999,-1.6032812034488397e-06,0,0.00144757479435467
0.0028549999999999999,-1.537392934813956e-06,0,0.00144757479435467
0.0028649999999999999,-1.482486044284886e-06,0,0.00144757479435467
0.002875,-1.4165977756500023e-06,0,0.00144757479435467
0.002885,-1.3507095070151184e-06,0,0.00144757479435467
0.002895,-1.2958026164860486e-06,0,0.00144757479435467
0.002905,-1.2299143478511647e-06,0,0.00144757479435467
0.0029150000000000001,-1.1750074573220949e-06,0,0.00144757479435467
0.0029250000000000001,-1.109119188687211e-06,0,0.00144757479435467
0.0029350000000000001,-1.0542122981581412e-06,0,0.00144757479435467
0.0029450000000000001,-9.9930540762907139e-07,0,0.00144757479435467
0.0029550000000000002,-9.4439851710000148e-07,0,0.00144757479435467
0.0029650000000000002,-8.8949162657093157e-07,0,0.00144757479435467
0.0029750000000000002,-8.3458473604186177e-07,0,0.00144757479435467
0.0029849999999999998,-7.7967784551279186e-07,0,0.00144757479435467
0.0029949999999999998,-7.3575233308953604e-07,0,0.00144757479435467
0.0030049999999999999,-6.8084544256046613e-07,0,0.00144757479435467
0.0030149999999999999,-6.3691993013721031e-07,0,0.00144757479435467
0.0030249999999999999,-5.9299441771395438e-07,0,0.00144757479435467
0.0030349999999999999,-5.4906890529069856e-07,0,0.00144757479435467
0.003045,-5.0514339286744263e-07,0,0.00144757479435467
0.003055,-4.6121788044418676e-07,0,0.00144757479435467
0.003065,-4.1729236802093089e-07,0,0.00144757479435467
0.003075,-3.8434823370348899e-07,0,0.00144757479435467
0.0030850000000000001,-3.4042272128023307e-07,0,0.00144757479435467
0.0030950000000000001,-3.0747858696279117e-07,0,0.00144757479435467
0.0031050000000000001,-2.7453445264534928e-07,0,0.00144757479435467
0.0031150000000000001,-2.4159031832790734e-07,0,0.00144757479435467
0.0031250000000000002,-2.0864618401046544e-07,0,0.00144757479435467
0.0031350000000000002,-1.7570204969302352e-07,0,0.00144757479435467
0.0031449999999999998,-1.5373929348139559e-07,0,0.00144757479435467
0.0031549999999999998,-1.2079515916395367e-07,0,0.00144757479435467
0.0031649999999999998,-9.8832402952325731e-08,0,0.00144757479435467
0.0031749999999999999,-7.6869646740697793e-08,0,0.00144757479435467
0.0031849999999999999,-5.4906890529069856e-08,0,0.00144757479435467
0.0031949999999999999,-3.2944134317441912e-08,0,0.00144757479435467
