5.0000000000000004e-06,4.7327929000744736e-07,0,0.0050236961877322597
1.5e-05,5.144340108776602e-07,0,0.0050236961877322597
2.5000000000000001e-05,5.5558873174787304e-07,0,0.0050236961877322597
3.4999999999999997e-05,6.173208130531922e-07,0,0.0050236961877322597
4.5000000000000003e-05,6.8934157457606462e-07,0,0.0050236961877322597
5.5000000000000002e-05,7.716510163164903e-07,0,0.0050236961877322597
6.4999999999999994e-05,8.6424913827446914e-07,0,0.0050236961877322597
7.4999999999999993e-05,9.774246206675544e-07,0,0.0050236961877322597
8.5000000000000006e-05,1.1111774634957461e-06,0,0.0050236961877322597
9.5000000000000005e-05,1.2552189865414909e-06,0,0.0050236961877322597
0.000105,1.4198378700223421e-06,0,0.0050236961877322597
0.000115,1.6050341139382998e-06,0,0.0050236961877322597
0.000125,1.8108077182893637e-06,0,0.0050236961877322597
0.000135,2.0371586830755345e-06,0,0.0050236961877322597
0.000145,2.2840870082968111e-06,0,0.0050236961877322597
0.000155,2.5618813741707478e-06,0,0.0050236961877322597
0.000165,2.8499644202622375e-06,0,0.0050236961877322597
0.000175,3.1586248267888335e-06,0,0.0050236961877322597
0.000185,3.4981512739680892e-06,0,0.0050236961877322597
0.000195,3.8582550815824512e-06,0,0.0050236961877322597
0.000205,4.2389362496319195e-06,0,0.0050236961877322597
0.00021499999999999999,4.6401947781164945e-06,0,0.0050236961877322597
0.00022499999999999999,5.0620306670361763e-06,0,0.0050236961877322597
0.00023499999999999999,5.5044439163909648e-06,0,0.0050236961877322597
0.00024499999999999999,5.9674345261808584e-06,0,0.0050236961877322597
0.00025500000000000002,6.4510024964058595e-06,0,0.0050236961877322597
0.00026499999999999999,6.9448591468484128e-06,0,0.0050236961877322597
0.00027500000000000002,7.4592931577260728e-06,0,0.0050236961877322597
0.00028499999999999999,7.9840158488212857e-06,0,0.0050236961877322597
0.00029500000000000001,8.5190272201340524e-06,0,0.0050236961877322597
0.00030499999999999999,9.074615951881925e-06,0,0.0050236961877322597
0.00031500000000000001,9.6404933638473523e-06,0,0.0050236961877322597
0.00032499999999999999,1.0206370775812778e-05,0,0.0050236961877322597
0.00033500000000000001,1.0782536867995758e-05,0,0.0050236961877322597
0.00034499999999999998,1.1358702960178737e-05,0,0.0050236961877322597
0.00035500000000000001,1.1934869052361717e-05,0,0.0050236961877322597
0.00036499999999999998,1.2521323824762248e-05,0,0.0050236961877322597
0.00037500000000000001,1.3097489916945227e-05,0,0.0050236961877322597
0.00038499999999999998,1.3673656009128207e-05,0,0.0050236961877322597
0.00039500000000000001,1.4239533421093634e-05,0,0.0050236961877322597
0.00040499999999999998,1.4795122152841509e-05,0,0.0050236961877322597
0.000415,1.5340422204371828e-05,0,0.0050236961877322597
0.00042499999999999998,1.5875433575684595e-05,0,0.0050236961877322597
0.000435,1.6389867586562252e-05,0,0.0050236961877322597
0.00044499999999999997,1.689401291722236e-05,0,0.0050236961877322597
0.000455,1.7377580887447359e-05,0,0.0050236961877322597
0.00046500000000000003,1.7830282817019702e-05,0,0.0050236961877322597
0.000475,1.8262407386156936e-05,0,0.0050236961877322597
0.00048500000000000003,1.8673954594859064e-05,0,0.0050236961877322597
0.000495,1.9054635762908533e-05,0,0.0050236961877322597
0.00050500000000000002,1.9404450890305343e-05,0,0.0050236961877322597
0.00051500000000000005,1.9733688657267044e-05,0,0.0050236961877322597
0.00052499999999999997,2.0021771703358534e-05,0,0.0050236961877322597
0.00053499999999999999,2.0278988708797364e-05,0,0.0050236961877322597
0.00054500000000000002,2.0495050993365983e-05,0,0.0050236961877322597
0.00055500000000000005,2.0680247237281939e-05,0,0.0050236961877322597
0.00056499999999999996,2.0834577440545237e-05,0,0.0050236961877322597
0.00057499999999999999,2.0947752922938322e-05,0,0.0050236961877322597
0.00058500000000000002,2.1019773684461196e-05,0,0.0050236961877322597
0.00059500000000000004,2.1060928405331408e-05,0,0.0050236961877322597
0.00060499999999999996,2.1060928405331408e-05,0,0.0050236961877322597
0.00061499999999999999,2.1019773684461196e-05,0,0.0050236961877322597
0.00062500000000000001,2.0947752922938322e-05,0,0.0050236961877322597
0.00063500000000000004,2.0834577440545237e-05,0,0.0050236961877322597
0.00064499999999999996,2.0680247237281939e-05,0,0.0050236961877322597
0.00065499999999999998,2.0495050993365983e-05,0,0.0050236961877322597
0.00066500000000000001,2.0278988708797364e-05,0,0.0050236961877322597
0.00067500000000000004,2.0021771703358534e-05,0,0.0050236961877322597
0.00068499999999999995,1.9733688657267044e-05,0,0.0050236961877322597
0.00069499999999999998,1.9404450890305343e-05,0,0.0050236961877322597
0.00070500000000000001,1.9054635762908533e-05,0,0.0050236961877322597
0.00071500000000000003,1.8673954594859064e-05,0,0.0050236961877322597
0.00072499999999999995,1.8262407386156936e-05,0,0.0050236961877322597
0.00073499999999999998,1.7830282817019702e-05,0,0.0050236961877322597
0.000745,1.7377580887447359e-05,0,0.0050236961877322597
0.00075500000000000003,1.689401291722236e-05,0,0.0050236961877322597
0.00076499999999999995,1.6389867586562252e-05,0,0.0050236961877322597
0.00077499999999999997,1.5875433575684595e-05,0,0.0050236961877322597
0.000785,1.5340422204371828e-05,0,0.0050236961877322597
0.00079500000000000003,1.4795122152841509e-05,0,0.0050236961877322597
0.00080500000000000005,1.4239533421093634e-05,0,0.0050236961877322597
0.00081499999999999997,1.3673656009128207e-05,0,0.0050236961877322597
0.000825,1.3097489916945227e-05,0,0.0050236961877322597
0.00083500000000000002,1.2521323824762248e-05,0,0.0050236961877322597
0.00084500000000000005,1.1934869052361717e-05,0,0.0050236961877322597
0.00085499999999999997,1.1358702960178737e-05,0,0.0050236961877322597
0.00086499999999999999,1.0782536867995758e-05,0,0.0050236961877322597
0.00087500000000000002,1.0206370775812778e-05,0,0.0050236961877322597
0.00088500000000000004,9.6404933638473523e-06,0,0.0050236961877322597
0.00089499999999999996,9.074615951881925e-06,0,0.0050236961877322597
0.00090499999999999999,8.5190272201340524e-06,0,0.0050236961877322597
0.00091500000000000001,7.9840158488212857e-06,0,0.0050236961877322597
0.00092500000000000004,7.4592931577260728e-06,0,0.0050236961877322597
0.00093499999999999996,6.9448591468484128e-06,0,0.0050236961877322597
0.00094499999999999998,6.4510024964058595e-06,0,0.0050236961877322597
0.00095500000000000001,5.9674345261808584e-06,0,0.0050236961877322597
0.00096500000000000004,5.5044439163909648e-06,0,0.0050236961877322597
0.00097499999999999996,5.0620306670361763e-06,0,0.0050236961877322597
0.00098499999999999998,4.6401947781164945e-06,0,0.0050236961877322597
0.00099500000000000001,4.2389362496319195e-06,0,0.0050236961877322597
0.001005,3.8582550815824512e-06,0,0.0050236961877322597
0.0010150000000000001,3.4981512739680892e-06,0,0.0050236961877322597
0.0010250000000000001,3.1586248267888335e-06,0,0.0050236961877322597
0.0010349999999999999,2.8499644202622375e-06,0,0.0050236961877322597
0.0010449999999999999,2.5618813741707478e-06,0,0.0050236961877322597
0.0010549999999999999,2.2840870082968111e-06,0,0.0050236961877322597
0.001065,2.0371586830755345e-06,0,0.0050236961877322597
0.001075,1.8108077182893637e-06,0,0.0050236961877322597
0.001085,1.6050341139382998e-06,0,0.0050236961877322597
0.0010950000000000001,1.4198378700223421e-06,0,0.0050236961877322597
0.0011050000000000001,1.2552189865414909e-06,0,0.0050236961877322597
0.0011150000000000001,1.1111774634957461e-06,0,0.0050236961877322597
0.0011249999999999999,9.774246206675544e-07,0,0.0050236961877322597
0.0011349999999999999,8.6424913827446914e-07,0,0.0050236961877322597
0.001145,7.716510163164903e-07,0,0.0050236961877322597
0.001155,6.8934157457606462e-07,0,0.0050236961877322597
0.001165,6.173208130531922e-07,0,0.0050236961877322597
0.001175,5.5558873174787304e-07,0,0.0050236961877322597
0.0011850000000000001,5.144340108776602e-07,0,0.0050236961877322597
0.0011950000000000001,4.7327929000744736e-07,0,0.0050236961877322597
