5.0000000000000004e-06,-3.9476811287745502e-08,0,0.0043427243830640103
1.5e-05,-5.3832015392380227e-08,0,0.0043427243830640103
2.5000000000000001e-05,-6.8187219497014953e-08,0,0.0043427243830640103
3.4999999999999997e-05,-8.6131224627808364e-08,0,0.0043427243830640103
4.5000000000000003e-05,-1.004864287324431e-07,0,0.0043427243830640103
5.5000000000000002e-05,-1.1843043386323651e-07,0,0.0043427243830640103
6.4999999999999994e-05,-1.3637443899402991e-07,0,0.0043427243830640103
7.4999999999999993e-05,-1.5431844412482332e-07,0,0.0043427243830640103
8.5000000000000006e-05,-1.7226244925561673e-07,0,0.0043427243830640103
9.5000000000000005e-05,-1.9020645438641014e-07,0,0.0043427243830640103
0.000105,-2.0815045951720355e-07,0,0.0043427243830640103
0.000115,-2.2968326567415565e-07,0,0.0043427243830640103
0.000125,-2.4762727080494907e-07,0,0.0043427243830640103
0.000135,-2.6916007696190117e-07,0,0.0043427243830640103
0.000145,-2.8710408209269458e-07,0,0.0043427243830640103
0.000155,-3.0863688824964663e-07,0,0.0043427243830640103
0.000165,-3.3016969440659874e-07,0,0.0043427243830640103
0.000175,-3.5170250056355084e-07,0,0.0043427243830640103
0.000185,-3.6964650569434425e-07,0,0.0043427243830640103
0.000195,-3.9117931185129636e-07,0,0.0043427243830640103
0.000205,-4.1271211800824841e-07,0,0.0043427243830640103
0.00021499999999999999,-4.3424492416520051e-07,0,0.0043427243830640103
0.00022499999999999999,-4.5577773032215262e-07,0,0.0043427243830640103
0.00023499999999999999,-4.7731053647910467e-07,0,0.0043427243830640103
0.00024499999999999999,-4.9525454160989813e-07,0,0.0043427243830640103
0.00025500000000000002,-5.1678734776685018e-07,0,0.0043427243830640103
0.00026499999999999999,-5.3832015392380234e-07,0,0.0043427243830640103
0.00027500000000000002,-5.5985296008075439e-07,0,0.0043427243830640103
0.00028499999999999999,-5.7779696521154775e-07,0,0.0043427243830640103
0.00029500000000000001,-5.9932977136849991e-07,0,0.0043427243830640103
0.00030499999999999999,-6.1727377649929327e-07,0,0.0043427243830640103
0.00031500000000000001,-6.3521778163008673e-07,0,0.0043427243830640103
0.00032499999999999999,-6.5316178676088009e-07,0,0.0043427243830640103
0.00033500000000000001,-6.7110579189167355e-07,0,0.0043427243830640103
0.00034499999999999998,-6.8904979702246691e-07,0,0.0043427243830640103
0.00035500000000000001,-7.0340500112710168e-07,0,0.0043427243830640103
0.00036499999999999998,-7.1776020523173635e-07,0,0.0043427243830640103
0.00037500000000000001,-7.3211540933637112e-07,0,0.0043427243830640103
0.00038499999999999998,-7.4647061344100589e-07,0,0.0043427243830640103
0.00039500000000000001,-7.6082581754564056e-07,0,0.0043427243830640103
0.00040499999999999998,-7.7159222062411664e-07,0,0.0043427243830640103
0.000415,-7.8235862370259271e-07,0,0.0043427243830640103
0.00042499999999999998,-7.9312502678106869e-07,0,0.0043427243830640103
0.000435,-8.0030262883338607e-07,0,0.0043427243830640103
0.00044499999999999997,-8.0748023088570346e-07,0,0.0043427243830640103
0.000455,-8.1465783293802084e-07,0,0.0043427243830640103
0.00046500000000000003,-8.1824663396417954e-07,0,0.0043427243830640103
0.000475,-8.2183543499033823e-07,0,0.0043427243830640103
0.00048500000000000003,-8.2183543499033823e-07,0,0.0043427243830640103
0.000495,-8.2183543499033823e-07,0,0.0043427243830640103
0.00050500000000000002,-8.2183543499033823e-07,0,0.0043427243830640103
0.00051500000000000005,-8.1824663396417954e-07,0,0.0043427243830640103
0.00052499999999999997,-8.1465783293802084e-07,0,0.0043427243830640103
0.00053499999999999999,-8.0748023088570346e-07,0,0.0043427243830640103
0.00054500000000000002,-8.0030262883338607e-07,0,0.0043427243830640103
0.00055500000000000005,-7.8953622575490999e-07,0,0.0043427243830640103
0.00056499999999999996,-7.7876982267643402e-07,0,0.0043427243830640103
0.00057499999999999999,-7.6441461857179925e-07,0,0.0043427243830640103
0.00058500000000000002,-7.4647061344100589e-07,0,0.0043427243830640103
0.00059500000000000004,-7.2852660831021243e-07,0,0.0043427243830640103
0.00060499999999999996,-7.1058260317941907e-07,0,0.0043427243830640103
0.00061499999999999999,-6.8546099599630822e-07,0,0.0043427243830640103
0.00062500000000000001,-6.6033938881319747e-07,0,0.0043427243830640103
0.00063500000000000004,-6.3521778163008673e-07,0,0.0043427243830640103
0.00064499999999999996,-6.0650737342081729e-07,0,0.0043427243830640103
0.00065499999999999998,-5.7420816418538916e-07,0,0.0043427243830640103
0.00066500000000000001,-5.4190895494996103e-07,0,0.0043427243830640103
0.00067500000000000004,-5.0602094468837421e-07,0,0.0043427243830640103
0.00068499999999999995,-4.6654413340062864e-07,0,0.0043427243830640103
0.00069499999999999998,-4.2706732211288318e-07,0,0.0043427243830640103
0.00070500000000000001,-3.8400170979897897e-07,0,0.0043427243830640103
0.00071500000000000003,-3.3734729645891612e-07,0,0.0043427243830640103
0.00072499999999999995,-2.9069288311885322e-07,0,0.0043427243830640103
0.00073499999999999998,-2.4044966875263168e-07,0,0.0043427243830640103
0.000745,-1.8661765336025147e-07,0,0.0043427243830640103
0.00075500000000000003,-1.3278563796787124e-07,0,0.0043427243830640103
0.00076499999999999995,-7.5364821549332325e-08,0,0.0043427243830640103
0.00077499999999999997,-1.4355204104634728e-08,0,0.0043427243830640103
0.000785,5.0243214366221548e-08,0,0.0043427243830640103
0.00079500000000000003,1.1484163283707783e-07,0,0.0043427243830640103
0.00080500000000000005,1.8302885233409278e-07,0,0.0043427243830640103
0.00081499999999999997,2.5121607183110776e-07,0,0.0043427243830640103
0.000825,3.2658089338044004e-07,0,0.0043427243830640103
0.00083500000000000002,3.9835691390361369e-07,0,0.0043427243830640103
0.00084500000000000005,4.7731053647910467e-07,0,0.0043427243830640103
0.00085499999999999997,5.562641590545957e-07,0,0.0043427243830640103
0.00086499999999999999,6.3880658265624542e-07,0,0.0043427243830640103
0.00087500000000000002,7.2493780728405373e-07,0,0.0043427243830640103
0.00088500000000000004,8.1106903191186215e-07,0,0.0043427243830640103
0.00089499999999999996,9.0078905756582915e-07,0,0.0043427243830640103
0.00090499999999999999,9.9050908321979626e-07,0,0.0043427243830640103
0.00091500000000000001,1.0838179098999221e-06,0,0.0043427243830640103
0.00092500000000000004,1.1807155376062064e-06,0,0.0043427243830640103
0.00093499999999999996,1.2776131653124908e-06,0,0.0043427243830640103
0.00094499999999999998,1.3780995940449338e-06,0,0.0043427243830640103
0.00095500000000000001,1.478586022777377e-06,0,0.0043427243830640103
0.00096500000000000004,1.5826612525359787e-06,0,0.0043427243830640103
0.00097499999999999996,1.6867364822945806e-06,0,0.0043427243830640103
0.00098499999999999998,1.7944005130793409e-06,0,0.0043427243830640103
0.00099500000000000001,1.9020645438641015e-06,0,0.0043427243830640103
0.001005,2.0133173756750208e-06,0,0.0043427243830640103
0.0010150000000000001,2.1245702074859398e-06,0,0.0043427243830640103
0.0010250000000000001,2.2394118403230176e-06,0,0.0043427243830640103
0.0010349999999999999,2.3542534731600953e-06,0,0.0043427243830640103
0.0010449999999999999,2.4690951059971731e-06,0,0.0043427243830640103
0.0010549999999999999,2.5839367388342512e-06,0,0.0043427243830640103
0.001065,2.7023671726974877e-06,0,0.0043427243830640103
0.001075,2.8243864075868828e-06,0,0.0043427243830640103
0.001085,2.9428168414501192e-06,0,0.0043427243830640103
0.0010950000000000001,3.0648360763395144e-06,0,0.0043427243830640103
0.0011050000000000001,3.1832665102027512e-06,0,0.0043427243830640103
0.0011150000000000001,3.3052857450921464e-06,0,0.0043427243830640103
0.0011249999999999999,3.4273049799815415e-06,0,0.0043427243830640103
0.0011349999999999999,3.5529130158970953e-06,0,0.0043427243830640103
0.001145,3.6749322507864905e-06,0,0.0043427243830640103
0.001155,3.796951485675886e-06,0,0.0043427243830640103
0.001165,3.9189707205652807e-06,0,0.0043427243830640103
0.001175,4.044578756480835e-06,0,0.0043427243830640103
0.0011850000000000001,4.1665979913702297e-06,0,0.0043427243830640103
0.0011950000000000001,4.2886172262596253e-06,0,0.0043427243830640103
0.0012049999999999999,4.41063646114902e-06,0,0.0043427243830640103
0.0012149999999999999,4.5290668950122568e-06,0,0.0043427243830640103
0.001225,4.6510861299016515e-06,0,0.0043427243830640103
0.001235,4.7695165637648884e-06,0,0.0043427243830640103
0.001245,4.8879469976281253e-06,0,0.0043427243830640103
0.001255,5.0063774314913613e-06,0,0.0043427243830640103
0.0012650000000000001,5.1212190643284395e-06,0,0.0043427243830640103
0.0012750000000000001,5.2360606971655176e-06,0,0.0043427243830640103
0.0012849999999999999,5.3473135289764363e-06,0,0.0043427243830640103
0.0012949999999999999,5.4585663607873549e-06,0,0.0043427243830640103
0.001305,5.5662303915721157e-06,0,0.0043427243830640103
0.001315,5.6738944223568756e-06,0,0.0043427243830640103
0.001325,5.7779696521154786e-06,0,0.0043427243830640103
0.001335,5.8784560808479211e-06,0,0.0043427243830640103
0.0013450000000000001,5.9789425095803645e-06,0,0.0043427243830640103
0.0013550000000000001,6.0758401372866484e-06,0,0.0043427243830640103
0.0013649999999999999,6.1727377649929331e-06,0,0.0043427243830640103
0.0013749999999999999,6.2624577906468996e-06,0,0.0043427243830640103
0.0013849999999999999,6.3521778163008677e-06,0,0.0043427243830640103
0.001395,6.4383090409286755e-06,0,0.0043427243830640103
0.001405,6.5208514645303246e-06,0,0.0043427243830640103
0.001415,6.5998050871058167e-06,0,0.0043427243830640103
0.0014250000000000001,6.6751699086551484e-06,0,0.0043427243830640103
0.0014350000000000001,6.7469459291783222e-06,0,0.0043427243830640103
0.0014450000000000001,6.8151331486753374e-06,0,0.0043427243830640103
0.0014549999999999999,6.879731567146193e-06,0,0.0043427243830640103
0.0014649999999999999,6.9407411845908917e-06,0,0.0043427243830640103
0.001475,6.9981620010094299e-06,0,0.0043427243830640103
0.001485,7.0484052153756516e-06,0,0.0043427243830640103
0.001495,7.0986484297418733e-06,0,0.0043427243830640103
0.001505,7.1417140420557776e-06,0,0.0043427243830640103
0.0015150000000000001,7.1847796543696819e-06,0,0.0043427243830640103
0.0015250000000000001,7.220667664631268e-06,0,0.0043427243830640103
0.0015349999999999999,7.2493780728405375e-06,0,0.0043427243830640103
0.0015449999999999999,7.2780884810498071e-06,0,0.0043427243830640103
0.001555,7.2996212872067592e-06,0,0.0043427243830640103
0.001565,7.3175652923375527e-06,0,0.0043427243830640103
0.001575,7.3319204964421875e-06,0,0.0043427243830640103
0.001585,7.3426868995206636e-06,0,0.0043427243830640103
0.0015950000000000001,7.3462757005468223e-06,0,0.0043427243830640103
0.0016050000000000001,7.3462757005468223e-06,0,0.0043427243830640103
0.0016149999999999999,7.3426868995206636e-06,0,0.0043427243830640103
0.0016249999999999999,7.3319204964421875e-06,0,0.0043427243830640103
0.001635,7.3175652923375527e-06,0,0.0043427243830640103
0.001645,7.2996212872067592e-06,0,0.0043427243830640103
0.001655,7.2780884810498071e-06,0,0.0043427243830640103
0.001665,7.2493780728405375e-06,0,0.0043427243830640103
0.0016750000000000001,7.220667664631268e-06,0,0.0043427243830640103
0.0016850000000000001,7.1847796543696819e-06,0,0.0043427243830640103
0.0016949999999999999,7.1417140420557776e-06,0,0.0043427243830640103
0.0017049999999999999,7.0986484297418733e-06,0,0.0043427243830640103
0.0017149999999999999,7.0484052153756516e-06,0,0.0043427243830640103
0.001725,6.9981620010094299e-06,0,0.0043427243830640103
0.001735,6.9407411845908917e-06,0,0.0043427243830640103
0.001745,6.879731567146193e-06,0,0.0043427243830640103
0.001755,6.8151331486753374e-06,0,0.0043427243830640103
0.0017650000000000001,6.7469459291783222e-06,0,0.0043427243830640103
0.0017750000000000001,6.6751699086551484e-06,0,0.0043427243830640103
0.0017849999999999999,6.5998050871058167e-06,0,0.0043427243830640103
0.0017949999999999999,6.5208514645303246e-06,0,0.0043427243830640103
0.001805,6.4383090409286755e-06,0,0.0043427243830640103
0.001815,6.3521778163008677e-06,0,0.0043427243830640103
0.001825,6.2624577906468996e-06,0,0.0043427243830640103
0.001835,6.1727377649929331e-06,0,0.0043427243830640103
0.0018450000000000001,6.0758401372866484e-06,0,0.0043427243830640103
0.0018550000000000001,5.9789425095803645e-06,0,0.0043427243830640103
0.0018649999999999999,5.8784560808479211e-06,0,0.0043427243830640103
0.0018749999999999999,5.7779696521154786e-06,0,0.0043427243830640103
0.001885,5.6738944223568756e-06,0,0.0043427243830640103
0.001895,5.5662303915721157e-06,0,0.0043427243830640103
0.001905,5.4585663607873549e-06,0,0.0043427243830640103
0.001915,5.3473135289764363e-06,0,0.0043427243830640103
0.0019250000000000001,5.2360606971655176e-06,0,0.0043427243830640103
0.0019350000000000001,5.1212190643284395e-06,0,0.0043427243830640103
0.0019449999999999999,5.0063774314913613e-06,0,0.0043427243830640103
0.0019550000000000001,4.8879469976281253e-06,0,0.0043427243830640103
0.0019650000000000002,4.7695165637648884e-06,0,0.0043427243830640103
0.0019750000000000002,4.6510861299016515e-06,0,0.0043427243830640103
0.0019849999999999998,4.5290668950122568e-06,0,0.0043427243830640103
0.0019949999999999998,4.41063646114902e-06,0,0.0043427243830640103
0.0020049999999999998,4.2886172262596253e-06,0,0.0043427243830640103
0.0020149999999999999,4.1665979913702297e-06,0,0.0043427243830640103
0.0020249999999999999,4.044578756480835e-06,0,0.0043427243830640103
0.0020349999999999999,3.9189707205652807e-06,0,0.0043427243830640103
0.0020449999999999999,3.796951485675886e-06,0,0.0043427243830640103
0.002055,3.6749322507864905e-06,0,0.0043427243830640103
0.002065,3.5529130158970953e-06,0,0.0043427243830640103
0.002075,3.4273049799815415e-06,0,0.0043427243830640103
0.002085,3.3052857450921464e-06,0,0.0043427243830640103
0.0020950000000000001,3.1832665102027512e-06,0,0.0043427243830640103
0.0021050000000000001,3.0648360763395144e-06,0,0.0043427243830640103
0.0021150000000000001,2.9428168414501192e-06,0,0.0043427243830640103
0.0021250000000000002,2.8243864075868828e-06,0,0.0043427243830640103
0.0021350000000000002,2.7023671726974877e-06,0,0.0043427243830640103
0.0021450000000000002,2.5839367388342512e-06,0,0.0043427243830640103
0.0021549999999999998,2.4690951059971731e-06,0,0.0043427243830640103
0.0021649999999999998,2.3542534731600953e-06,0,0.0043427243830640103
0.0021749999999999999,2.2394118403230176e-06,0,0.0043427243830640103
0.0021849999999999999,2.1245702074859398e-06,0,0.0043427243830640103
0.0021949999999999999,2.0133173756750208e-06,0,0.0043427243830640103
0.0022049999999999999,1.9020645438641015e-06,0,0.0043427243830640103
0.002215,1.7944005130793409e-06,0,0.0043427243830640103
0.002225,1.6867364822945806e-06,0,0.0043427243830640103
0.002235,1.5826612525359787e-06,0,0.0043427243830640103
0.002245,1.478586022777377e-06,0,0.0043427243830640103
0.0022550000000000001,1.3780995940449338e-06,0,0.0043427243830640103
0.0022650000000000001,1.2776131653124908e-06,0,0.0043427243830640103
0.0022750000000000001,1.1807155376062064e-06,0,0.0043427243830640103
0.0022850000000000001,1.0838179098999221e-06,0,0.0043427243830640103
0.0022950000000000002,9.9050908321979626e-07,0,0.0043427243830640103
0.0023050000000000002,9.0078905756582915e-07,0,0.0043427243830640103
0.0023149999999999998,8.1106903191186215e-07,0,0.0043427243830640103
0.0023249999999999998,7.2493780728405373e-07,0,0.0043427243830640103
0.0023349999999999998,6.3880658265624542e-07,0,0.0043427243830640103
0.0023449999999999999,5.562641590545957e-07,0,0.0043427243830640103
0.0023549999999999999,4.7731053647910467e-07,0,0.0043427243830640103
0.0023649999999999999,3.9835691390361369e-07,0,0.0043427243830640103
0.0023749999999999999,3.2658089338044004e-07,0,0.0043427243830640103
0.002385,2.5121607183110776e-07,0,0.0043427243830640103
0.002395,1.8302885233409278e-07,0,0.0043427243830640103
0.002405,1.1484163283707783e-07,0,0.0043427243830640103
0.002415,5.0243214366221548e-08,0,0.0043427243830640103
0.0024250000000000001,-1.4355204104634728e-08,0,0.0043427243830640103
0.0024350000000000001,-7.5364821549332325e-08,0,0.0043427243830640103
0.0024450000000000001,-1.3278563796787124e-07,0,0.0043427243830640103
0.0024550000000000002,-1.8661765336025147e-07,0,0.0043427243830640103
0.0024650000000000002,-2.4044966875263168e-07,0,0.0043427243830640103
0.0024750000000000002,-2.9069288311885322e-07,0,0.0043427243830640103
0.0024849999999999998,-3.3734729645891612e-07,0,0.0043427243830640103
0.0024949999999999998,-3.8400170979897897e-07,0,0.0043427243830640103
0.0025049999999999998,-4.2706732211288318e-07,0,0.0043427243830640103
0.0025149999999999999,-4.6654413340062864e-07,0,0.0043427243830640103
0.0025249999999999999,-5.0602094468837421e-07,0,0.0043427243830640103
0.0025349999999999999,-5.4190895494996103e-07,0,0.0043427243830640103
0.002545,-5.7420816418538916e-07,0,0.0043427243830640103
0.002555,-6.0650737342081729e-07,0,0.0043427243830640103
0.002565,-6.3521778163008673e-07,0,0.0043427243830640103
0.002575,-6.6033938881319747e-07,0,0.0043427243830640103
0.0025850000000000001,-6.8546099599630822e-07,0,0.0043427243830640103
0.0025950000000000001,-7.1058260317941907e-07,0,0.0043427243830640103
0.0026050000000000001,-7.2852660831021243e-07,0,0.0043427243830640103
0.0026150000000000001,-7.4647061344100589e-07,0,0.0043427243830640103
0.0026250000000000002,-7.6441461857179925e-07,0,0.0043427243830640103
0.0026350000000000002,-7.7876982267643402e-07,0,0.0043427243830640103
0.0026450000000000002,-7.8953622575490999e-07,0,0.0043427243830640103
0.0026549999999999998,-8.0030262883338607e-07,0,0.0043427243830640103
0.0026649999999999998,-8.0748023088570346e-07,0,0.0043427243830640103
0.0026749999999999999,-8.1465783293802084e-07,0,0.0043427243830640103
0.0026849999999999999,-8.1824663396417954e-07,0,0.0043427243830640103
0.0026949999999999999,-8.2183543499033823e-07,0,0.0043427243830640103
0.0027049999999999999,-8.2183543499033823e-07,0,0.0043427243830640103
0.002715,-8.2183543499033823e-07,0,0.0043427243830640103
0.002725,-8.2183543499033823e-07,0,0.0043427243830640103
0.002735,-8.1824663396417954e-07,0,0.0043427243830640103
0.002745,-8.1465783293802084e-07,0,0.0043427243830640103
0.0027550000000000001,-8.0748023088570346e-07,0,0.0043427243830640103
0.0027650000000000001,-8.0030262883338607e-07,0,0.0043427243830640103
0.0027750000000000001,-7.9312502678106869e-07,0,0.0043427243830640103
0.0027850000000000001,-7.8235862370259271e-07,0,0.0043427243830640103
0.0027950000000000002,-7.7159222062411664e-07,0,0.0043427243830640103
0.0028050000000000002,-7.6082581754564056e-07,0,0.0043427243830640103
0.0028149999999999998,-7.4647061344100589e-07,0,0.0043427243830640103
0.0028249999999999998,-7.3211540933637112e-07,0,0.0043427243830640103
0.0028349999999999998,-7.1776020523173635e-07,0,0.0043427243830640103
0.0028449999999999999,-7.0340500112710168e-07,0,0.0043427243830640103
0.0028549999999999999,-6.8904979702246691e-07,0,0.0043427243830640103
0.0028649999999999999,-6.7110579189167355e-07,0,0.0043427243830640103
0.002875,-6.5316178676088009e-07,0,0.0043427243830640103
0.002885,-6.3521778163008673e-07,0,0.0043427243830640103
0.002895,-6.1727377649929327e-07,0,0.0043427243830640103
0.002905,-5.9932977136849991e-07,0,0.0043427243830640103
0.0029150000000000001,-5.7779696521154775e-07,0,0.0043427243830640103
0.0029250000000000001,-5.5985296008075439e-07,0,0.0043427243830640103
0.0029350000000000001,-5.3832015392380234e-07,0,0.0043427243830640103
0.0029450000000000001,-5.1678734776685018e-07,0,0.0043427243830640103
0.0029550000000000002,-4.9525454160989813e-07,0,0.0043427243830640103
0.0029650000000000002,-4.7731053647910467e-07,0,0.0043427243830640103
0.0029750000000000002,-4.5577773032215262e-07,0,0.0043427243830640103
0.0029849999999999998,-4.3424492416520051e-07,0,0.0043427243830640103
0.0029949999999999998,-4.1271211800824841e-07,0,0.0043427243830640103
0.0030049999999999999,-3.9117931185129636e-07,0,0.0043427243830640103
0.0030149999999999999,-3.6964650569434425e-07,0,0.0043427243830640103
0.0030249999999999999,-3.5170250056355084e-07,0,0.0043427243830640103
0.0030349999999999999,-3.3016969440659874e-07,0,0.0043427243830640103
0.003045,-3.0863688824964663e-07,0,0.0043427243830640103
0.003055,-2.8710408209269458e-07,0,0.0043427243830640103
0.003065,-2.6916007696190117e-07,0,0.0043427243830640103
0.003075,-2.4762727080494907e-07,0,0.0043427243830640103
0.0030850000000000001,-2.2968326567415565e-07,0,0.0043427243830640103
0.0030950000000000001,-2.0815045951720355e-07,0,0.0043427243830640103
0.0031050000000000001,-1.9020645438641014e-07,0,0.0043427243830640103
0.0031150000000000001,-1.7226244925561673e-07,0,0.0043427243830640103
0.0031250000000000002,-1.5431844412482332e-07,0,0.0043427243830640103
0.0031350000000000002,-1.3637443899402991e-07,0,0.0043427243830640103
0.0031449999999999998,-1.1843043386323651e-07,0,0.0043427243830640103
0.0031549999999999998,-1.004864287324431e-07,0,0.0043427243830640103
0.0031649999999999998,-8.6131224627808364e-08,0,0.0043427243830640103
0.0031749999999999999,-6.8187219497014953e-08,0,0.0043427243830640103
0.0031849999999999999,-5.3832015392380227e-08,0,0.0043427243830640103
0.0031949999999999999,-3.9476811287745502e-08,0,0.0043427243830640103
