5e-06,2.38017660424651e-07,0,0.00502369618773226
1.5e-05,2.56488218162986e-07,0,0.00502369618773226
2.5e-05,2.79692735265985e-07,0,0.00502369618773226
3.5e-05,3.08287928177893e-07,0,0.00502369618773226
4.5e-05,3.42917685156707e-07,0,0.00502369618773226
5.5e-05,3.84208011318491e-07,0,0.00502369618773226
6.5e-05,4.32762013034079e-07,0,0.00502369618773226
7.5e-05,4.89154957439952e-07,0,0.00502369618773226
8.5e-05,5.53929442643446e-07,0,0.00502369618773226
9.5e-05,6.27590713764406e-07,0,0.00502369618773226
0.000105,7.106021592624e-07,0,0.00502369618773226
0.000115,8.03381021053977e-07,0,0.00502369618773226
0.000125,9.06294350733502e-07,0,0.00502369618773226
0.000135,1.01965524278083e-06,0,0.00502369618773226
0.000145,1.14371937397842e-06,0,0.00502369618773226
0.000155,1.2786818763798e-06,0,0.00502369618773226
0.000165,1.42467456908336e-06,0,0.00502369618773226
0.000175,1.58176357178309e-06,0,0.00502369618773226
0.000185,1.74994732060776e-06,0,0.00502369618773226
0.000195,1.92915500413753e-06,0,0.00502369618773226
0.000205,2.11924543472071e-06,0,0.00502369618773226
0.000215,2.32000636732243e-06,0,0.00502369618773226
0.000225,2.5311542751412e-06,0,0.00502369618773226
0.000235,2.75233458814949e-06,0,0.00502369618773226
0.000245,2.98312239757247e-06,0,0.00502369618773226
0.000255,3.22302362613725e-06,0,0.00502369618773226
0.000265,3.47147666072482e-06,0,0.00502369618773226
0.000275,3.72785444086296e-06,0,0.00502369618773226
0.000285,3.99146699333124e-06,0,0.00502369618773226
0.000295,4.26156440003414e-06,0,0.00502369618773226
0.000305,4.53734018325479e-06,0,0.00502369618773226
0.000315,4.8179350894549e-06,0,0.00502369618773226
0.000325,5.10244124995446e-06,0,0.00502369618773226
0.000335,5.38990669413123e-06,0,0.00502369618773226
0.000345,5.67934018824173e-06,0,0.00502369618773226
0.000355,5.96971637060385e-06,0,0.00502369618773226
0.000365,6.25998115171085e-06,0,0.00502369618773226
0.000375,6.54905734588635e-06,0,0.00502369618773226
0.000385,6.83585049935184e-06,0,0.00502369618773226
0.000395,7.11925487807743e-06,0,0.00502369618773226
0.000405,7.39815957753325e-06,0,0.00502369618773226
0.000415,7.67145471546273e-06,0,0.00502369618773226
0.000425,7.93803766806878e-06,0,0.00502369618773226
0.000435,8.19681930954371e-06,0,0.00502369618773226
0.000445,8.44673021468988e-06,0,0.00502369618773226
0.000455,8.68672678447017e-06,0,0.00502369618773226
0.000465,8.91579725469762e-06,0,0.00502369618773226
0.000475,9.13296754871825e-06,0,0.00502369618773226
0.000485,9.33730693585745e-06,0,0.00502369618773226
0.000495,9.52793345858177e-06,0,0.00502369618773226
0.000505,9.70401909276738e-06,0,0.00502369618773226
0.000515,9.86479460715301e-06,0,0.00502369618773226
0.000525,1.00095540899791e-05,0,0.00502369618773226
0.000535,1.01376591129615e-05,0,0.00502369618773226
0.000545,1.02485425051026e-05,0,0.00502369618773226
0.000555,1.03417117113923e-05,0,0.00502369618773226
0.000565,1.04167517141699e-05,0,0.00502369618773226
0.000575,1.04733274977993e-05,0,0.00502369618773226
0.000585,1.05111860403202e-05,0,0.00502369618773226
0.000595,1.0530157818867e-05,0,0.00502369618773226
0.000605,1.0530157818867e-05,0,0.00502369618773226
0.000615,1.05111860403202e-05,0,0.00502369618773226
0.000625,1.04733274977993e-05,0,0.00502369618773226
0.000635,1.04167517141699e-05,0,0.00502369618773226
0.000645,1.03417117113923e-05,0,0.00502369618773226
0.000655,1.02485425051026e-05,0,0.00502369618773226
0.000665,1.01376591129615e-05,0,0.00502369618773226
0.000675,1.00095540899791e-05,0,0.00502369618773226
0.000685,9.86479460715301e-06,0,0.00502369618773226
0.000695,9.70401909276737e-06,0,0.00502369618773226
0.000705,9.52793345858177e-06,0,0.00502369618773226
0.000715,9.33730693585745e-06,0,0.00502369618773226
0.000725,9.13296754871826e-06,0,0.00502369618773226
0.000735,8.91579725469762e-06,0,0.00502369618773226
0.000745,8.68672678447017e-06,0,0.00502369618773226
0.000755,8.44673021468988e-06,0,0.00502369618773226
0.000765,8.19681930954372e-06,0,0.00502369618773226
0.000775,7.93803766806878e-06,0,0.00502369618773226
0.000785,7.67145471546273e-06,0,0.00502369618773226
0.000795,7.39815957753325e-06,0,0.00502369618773226
0.000805,7.11925487807744e-06,0,0.00502369618773226
0.000815,6.83585049935184e-06,0,0.00502369618773226
0.000825,6.54905734588635e-06,0,0.00502369618773226
0.000835,6.25998115171085e-06,0,0.00502369618773226
0.000845,5.96971637060385e-06,0,0.00502369618773226
0.000855,5.67934018824173e-06,0,0.00502369618773226
0.000865,5.38990669413123e-06,0,0.00502369618773226
0.000875,5.10244124995446e-06,0,0.00502369618773226
0.000885,4.8179350894549e-06,0,0.00502369618773226
0.000895,4.53734018325479e-06,0,0.00502369618773226
0.000905,4.26156440003414e-06,0,0.00502369618773226
0.000915,3.99146699333124e-06,0,0.00502369618773226
0.000925,3.72785444086296e-06,0,0.00502369618773226
0.000935,3.47147666072482e-06,0,0.00502369618773226
0.000945,3.22302362613725e-06,0,0.00502369618773226
0.000955,2.98312239757247e-06,0,0.00502369618773226
0.000965,2.75233458814949e-06,0,0.00502369618773226
0.000975,2.5311542751412e-06,0,0.00502369618773226
0.000985,2.32000636732243e-06,0,0.00502369618773226
0.000995,2.11924543472071e-06,0,0.00502369618773226
0.001005,1.92915500413753e-06,0,0.00502369618773226
0.001015,1.74994732060776e-06,0,0.00502369618773226
0.001025,1.58176357178309e-06,0,0.00502369618773226
0.001035,1.42467456908336e-06,0,0.00502369618773226
0.001045,1.2786818763798e-06,0,0.00502369618773226
0.001055,1.14371937397842e-06,0,0.00502369618773226
0.001065,1.01965524278083e-06,0,0.00502369618773226
0.001075,9.06294350733502e-07,0,0.00502369618773226
0.001085,8.03381021053977e-07,0,0.00502369618773226
0.001095,7.106021592624e-07,0,0.00502369618773226
0.001105,6.27590713764406e-07,0,0.00502369618773226
0.001115,5.53929442643446e-07,0,0.00502369618773226
0.001125,4.89154957439952e-07,0,0.00502369618773226
0.001135,4.32762013034079e-07,0,0.00502369618773226
0.001145,3.8420801131849e-07,0,0.00502369618773226
0.001155,3.42917685156707e-07,0,0.00502369618773226
0.001165,3.08287928177893e-07,0,0.00502369618773226
0.001175,2.79692735265985e-07,0,0.00502369618773226
0.001185,2.56488218162986e-07,0,0.00502369618773226
0.001195,2.38017660424651e-07,0,0.00502369618773226
