0.0008350000000000001,-0.001717351726256311,0.9822055697441101
0.0008850000000000002,-0.001663952018134296,0.9811110496520996
0.0009350000000000002,-0.001424539601430297,0.9799520373344421
0.0009850000000000002,-0.001073218765668571,0.9783164858818054
0.0010350000000000001,-0.0007199086248874664,0.9759957790374756
0.001085,-0.0004738729912787676,0.9730599522590637
0.0011350000000000002,-0.0004071934090461582,0.96982342004776
0.001185,-0.0005314394948072731,0.9667192101478577
0.0012350000000000002,-0.000795912928879261,0.9641293883323669
0.0012850000000000001,-0.0011078702518716455,0.9622375965118408
0.0013350000000000002,-0.0013670470798388124,0.9609622955322266
0.0013850000000000002,-0.0015016510151326656,0.9599915146827698
0.001435,-0.0014926285948604345,0.9589046835899353
0.0014850000000000002,-0.0013775727711617947,0.9573351740837097
0.0015350000000000001,-0.0012333595659583807,0.9551076292991638
0.001585,-0.0011445293202996254,0.9523025155067444
0.0016350000000000002,-0.0011696589644998312,0.9492183327674866
0.0016850000000000003,-0.0013184904819354415,0.9462517499923706
0.001735,-0.0015483216848224401,0.9437428712844849
0.0017850000000000001,-0.0017807560507208109,0.9418449997901917
0.001835,-0.0019321555737406015,0.940467357635498
0.0018850000000000002,-0.0019460632465779781,0.9393154382705688
0.001935,-0.0018151929834857583,0.938011884689331
0.0019850000000000002,-0.001584715791977942,0.9362448453903198
0.0020350000000000004,-0.0013357094721868634,0.9338933825492859
0.002085,-0.001155155710875988,0.9310755729675293
0.002135,-0.0011039201635867357,0.9281008839607239
0.0021850000000000003,-0.001194739481434226,0.9253472685813904
0.002235,-0.001388366799801588,0.9231106638908386
0.002285,-0.0016090389108285308,0.9214832782745361
0.0023350000000000003,-0.0017731580883264542,0.9203137755393982
0.002385,-0.0018201605416834354,0.9192602634429932
0.002435,-0.0017339295009151101,0.9179194569587708
0.0024850000000000002,-0.0015468631172552705,0.9159830212593079
0.002535,-0.0013254574732854962,0.913360059261322
0.002585,-0.0011433042818680406,0.9102152585983276
0.002635,-0.0010521139483898878,0.9069123864173889
0.002685,-0.0010619678068906069,0.9038777351379395
0.0027350000000000005,-0.0011382760712876916,0.901440441608429
0.002785,-0.0012163934297859669,0.8997056484222412
0.002835,-0.0012280381051823497,0.8985113501548767
0.0028850000000000004,-0.001129141659475863,0.8974896669387817
0.002935,-0.0009182866779156029,0.8962024450302124
0.002985,-0.0006386347813531756,0.8943085074424744
0.0030350000000000004,-0.0003626082034315914,0.891693651676178
0.003085,-0.00016525246610399336,0.8885176777839661
0.0031349999999999998,-9.652232984080911e-5,0.8851565718650818
0.0031850000000000003,-0.000163074946613051,0.8820642828941345
0.003235,-0.0003264649130869657,0.8796052932739258
0.0032849999999999997,-0.0005182737368158996,0.8779176473617554
0.0033350000000000003,-0.000666276493575424,0.8768619894981384
0.003385,-0.0007215383811853826,0.8760740160942078
0.0034350000000000006,-0.0006761061958968639,0.8750977516174316
0.0034850000000000003,-0.0005646257195621729,0.8735542893409729
0.003535,-0.00044947295100428164,0.8712809681892395
0.0035850000000000005,-0.0003952654078602791,0.8683850765228271
0.003635,-0.00044265121687203646,0.8652022480964661
0.003685,-0.0005914416396990418,0.8621628880500793
0.0037350000000000005,-0.0007994676707312465,0.859633207321167
0.003785,-0.0009974887361750007,0.8577764630317688
0.003835,-0.0011143175652250648,0.856498122215271
0.0038850000000000004,-0.0011025647399947047,0.8554860353469849
0.003935,-0.0009553082636557519,0.8543352484703064
0.003985,-0.0007076364126987755,0.852706253528595
0.004035,-0.0004229155892971903,0.8504534959793091
0.004085,-0.00016945724200922996,0.8476822972297668
0.004135,3.2172440569411265e-6,0.8447055816650391
0.004185,7.948518032208085e-5,0.8419198393821716
0.004235,7.871403795434162e-5,0.839653730392456
0.004285,4.267592521500774e-5,0.8380376696586609
0.004335,1.5060591977089643e-5,0.8369544744491577
0.004385,2.189798397012055e-5,0.8360832929611206
0.004435000000000001,6.112536357250065e-5,0.835023045539856
0.004485,0.00010559011570876464,0.833444356918335
0.004535,0.00011807500413851812,0.8312171697616577
0.0045850000000000005,7.17998409527354e-5,0.8284600377082825
0.004635,-3.267095235059969e-5,0.8254939317703247
0.004685,-0.000161921328981407,0.8227216005325317
0.0047350000000000005,-0.0002588799688965082,0.8204717040061951
0.004785,-0.0002639632730279118,0.8188769221305847
0.004835000000000001,-0.00014019470836501569,0.817822277545929
0.0048850000000000005,0.00010782590106828138,0.816993772983551
0.004935,0.0004294071695767343,0.8159980773925781
0.004985000000000001,0.0007407995290122926,0.814515233039856
0.005035,0.0009520744206383824,0.8124204874038696
0.005085,0.0009985757060348988,0.8098320364952087
0.005135000000000001,0.0008653489057905972,0.8070623874664307
0.005185,0.0005950582562945783,0.8044974207878113
0.005235,0.00027564846095629036,0.8024440407752991
0.005285000000000001,1.1480819921416696e-5,0.8010108470916748
0.005335,-0.0001120984525186941,0.8000630140304565
0.005385,-5.806599438074045e-5,0.7992724180221558
0.005435000000000001,0.000149872837937437,0.798244297504425
0.005485,0.0004365019267424941,0.7966658473014832
0.005535,0.000702856807038188,0.7944324016571045
0.0055850000000000006,0.0008625435875728726,0.7916865348815918
0.005635,0.0008733973372727633,0.788769006729126
0.005685,0.0007528277346864343,0.7860897183418274
0.0057350000000000005,0.0005711406702175736,0.783973753452301
0.005785,0.00042516126995906234,0.7825389504432678
0.005835000000000001,0.0004018046020064503,0.7816502451896667
0.0058850000000000005,0.0005449209129437804,0.780971884727478
0.005935,0.0008376666810363531,0.7800953984260559
0.005985000000000001,0.001206933637149632,0.7786961197853088
0.006035,0.0015483145834878087,0.776656985282898
0.006085,0.0017625587061047554,0.7741127014160156
0.006135000000000001,0.001790295005775988,0.7714015245437622
0.006185,0.001632495317608118,0.7689325213432312
0.006235,0.001349431462585926,0.7670310735702515
0.006285000000000001,0.001038747257553041,0.7658113837242126
0.006335,0.0008008820586837828,0.7651313543319702
0.006385,0.0007044877274893224,0.7646414637565613
0.006435000000000001,0.0007642681594006717,0.7639164328575134
0.006485,0.000938817800488323,0.7626128196716309
0.006535,0.001148554845713079,0.760598361492157
0.006585000000000001,0.001306433230638504,0.758002519607544
0.006635,0.0013496589381247759,0.75516676902771
0.006685,0.0012606213567778468,0.7525191307067871
0.0067350000000000005,0.0010697017423808575,0.750412106513977
0.006785,0.0008396984194405377,0.7489947080612183
0.006835,0.0006386358290910721,0.7481594085693359
0.0068850000000000005,0.0005119801498949528,0.7475851774215698
0.006935,0.00046524242497980595,0.7468646168708801
0.006985000000000001,0.0004636596713680774,0.7456578016281128
0.0070350000000000005,0.00044877963955514133,0.7438244819641113
0.007085,0.00036511317011900246,0.7414743900299072
0.007135000000000001,0.00018598699534777552,0.7389253377914429
0.007185,-7.195647776825354e-5,0.7365792393684387
0.007235,-0.0003517749428283423,0.7347672581672668
0.007285000000000001,-0.0005760728963650763,0.7336204648017883
0.007335,-0.0006763314595445991,0.7330183386802673
0.007385,-0.0006205440149642527,0.7326313257217407
0.007435000000000001,-0.00042836632928811014,0.7320455312728882
0.007485,-0.00016757241974119097,0.7309174537658691
0.007535,6.739492528140545e-5,0.7291045784950256
0.007585000000000001,0.00018722609092947096,0.7267208695411682
0.007635,0.0001383560593239963,0.7240921854972839
0.007685,-7.882589125074446e-5,0.7216370701789856
0.0077350000000000006,-0.0004108391294721514,0.7197067737579346
0.007785,-0.0007707118056714535,0.7184563279151917
0.007835,-0.0010690412018448114,0.7177827954292297
0.007885,-0.0012451333459466696,0.7173666954040527
0.007935,-0.0012868602061644197,0.7167893052101135
0.007985,-0.0012322472175583243,0.7156878709793091
0.008035,-0.0011526215821504593,0.7138916850090027
0.008085,-0.001123990979976952,0.7114808559417725
0.008135,-0.0011976106325164437,0.7087569236755371
0.008185,-0.0013807239010930061,0.7061280012130737
0.008235,-0.0016345081385225058,0.703959047794342
0.008285,-0.0018896160181611776,0.7024393081665039
0.008335,-0.002073096577078104,0.7015191316604614
0.008385,-0.002136308467015624,0.7009357213973999
0.008435,-0.002073231153190136,0.7003189325332642
0.008485,-0.0019224321004003286,0.6993330121040344
0.008535,-0.0017522287089377642,0.6978018283843994
0.008585,-0.0016349514480680227,0.6957692503929138
0.008635,-0.0016202470287680626,0.6934736967086792
0.008685,-0.0017175083048641682,0.6912475824356079
0.008735,-0.0018938417779281735,0.689383864402771
0.008785000000000001,-0.002087958389893174,0.6880192756652832
0.008835,-0.0022342768497765064,0.6870816349983215
0.008885,-0.002287753392010927,0.6863218545913696
0.008935,-0.002239916706457734,0.6854138374328613
0.008985,-0.0021201465278863907,0.6840854287147522
0.009035,-0.0019821287132799625,0.6822302937507629
0.009085000000000001,-0.0018811330664902925,0.6799517273902893
0.009135,-0.0018512936076149344,0.6775267124176025
0.009185,-0.001891892054118216,0.6753003001213074
0.009235,-0.0019680140540003777,0.6735520958900452
0.009285,-0.0020252021495252848,0.6723863482475281
0.009335,-0.002012212760746479,0.6716907620429993
0.009385000000000001,-0.001902806805446744,0.6711770296096802
0.009435,-0.0017078594537451863,0.6704883575439453
0.009485,-0.0014729128452017903,0.6693358421325684
0.009535,-0.0012620060006156564,0.6676092147827148
0.009585,-0.0011339796474203467,0.665416955947876
0.009635000000000001,-0.0011204620823264122,0.6630455851554871
0.009685000000000001,-0.00121408945415169,0.6608471274375916
0.009735,-0.0013715708628296852,0.6591033935546875
0.009785,-0.001530452398583293,0.6579167246818542
0.009835,-0.0016331048682332039,0.6571675539016724
0.009885,-0.0016486725071445107,0.6565607190132141
0.009935000000000001,-0.001584499143064022,0.6557369232177734
0.009985,-0.0014826568076387048,0.6544127464294434
0.011035000000000003,0.001169082010164857,0.6452351808547974
0.011085000000000003,0.001678268425166607,0.645531177520752
0.011135000000000003,0.0020781580824404955,0.6458377242088318
0.011185000000000002,0.002200160641223192,0.6462992429733276
0.011235000000000004,0.0019913672003895044,0.6469942331314087
0.011285000000000003,0.0015318336663767695,0.6479058861732483
0.011335000000000003,0.001000959426164627,0.6489310264587402
0.011385000000000003,0.000606733257882297,0.6499207019805908
0.011435000000000002,0.0005054848152212799,0.6507381796836853
0.011485000000000002,0.0007428347016684711,0.6513109803199768
0.011535000000000004,0.0012379682157188654,0.651658296585083
0.011585000000000003,0.001816440257243812,0.6518838405609131
0.011635000000000003,0.0022781083825975657,0.6521345973014832
0.011685000000000003,0.0024735629558563232,0.6525449156761169
0.011735000000000002,0.0023595683742314577,0.6531862020492554
0.011785000000000002,0.0020125654991716146,0.6540424227714539
0.011835000000000004,0.0015957086579874158,0.6550183296203613
0.011885000000000003,0.0012929101940244436,0.6559789776802063
0.011935000000000003,0.0012359537649899721,0.6568039059638977
0.011985000000000003,0.0014531260821968317,0.6574345231056213
0.012035000000000002,0.0018591642146930099,0.6578954458236694
0.012085000000000002,0.002290106378495693,0.6582831740379333
0.012135000000000003,0.0025690540205687284,0.6587242484092712
0.012185000000000003,0.0025769302155822515,0.6593226194381714
0.012235000000000003,0.0023004040122032166,0.660114049911499
0.012285000000000003,0.0018381576519459486,0.6610493659973145
0.012335000000000002,0.0013629341265186667,0.6620103716850281
0.012385000000000004,0.0010541054653003812,0.6628558039665222
0.012435000000000003,0.001027021906338632,0.6634778380393982
0.012485000000000003,0.0012867968762293458,0.663848340511322
0.012535000000000003,0.0017247546929866076,0.6640354990959167
0.012585000000000002,0.0021592716220766306,0.6641824245452881
0.012635000000000002,0.002405500039458275,0.6644579172134399
0.012685000000000004,0.0023470851592719555,0.6649935245513916
0.012735000000000003,0.001982073998078704,0.6658347845077515
0.012785000000000003,0.0014249522937461734,0.6669203639030457
0.012835000000000003,0.0008635986596345901,0.6681028008460999
0.012885000000000002,0.0004873847356066108,0.6692004799842834
0.012935000000000002,0.00041387672536075115,0.6700628995895386
0.012985000000000003,0.0006424588500522077,0.6706236600875854
0.013035000000000003,0.0010530370054766536,0.6709260940551758
0.013085000000000003,0.0014508379390463233,0.6711031198501587
0.013135000000000003,0.0016406439244747162,0.6713297367095947
0.013185000000000002,0.0015023660380393267,0.6717549562454224
0.013235000000000004,0.0010390616953372955,0.6724473834037781
0.013285000000000003,0.0003787822206504643,0.6733700037002563
0.013335000000000003,-0.000270963559160009,0.6743947863578796
0.013385000000000003,-0.0006993825081735849,0.675351083278656
0.013435000000000002,-0.0007707026088610291,0.6760919690132141
0.013485000000000002,-0.00047521895612590015,0.6765486001968384
0.013535000000000002,6.622503133257851e-5,0.6767570376396179
0.013585000000000003,0.0006460544536821544,0.6768449544906616
0.013635000000000003,0.001045719487592578,0.6769824028015137
0.013685000000000003,0.0011150236241519451,0.6773173809051514
0.013735000000000002,0.0008254061685875058,0.6779220104217529
0.013785000000000002,0.00027750543085858226,0.6787641644477844
0.013835000000000004,-0.00033934679231606424,0.6797210574150085
0.013885000000000003,-0.0008199510630220175,0.6806268692016602
0.013935000000000003,-0.0010205380385741591,0.6813391447067261
0.013985000000000003,-0.0009112755069509149,0.6817917823791504
0.014035000000000002,-0.0005843734834343195,0.6820240020751953
0.014085000000000004,-0.0002152686647605151,0.6821656823158264
0.014135000000000003,7.730567631369922e-6,0.6823914051055908
0.014185000000000003,-4.200302282697521e-5,0.6828517317771912
0.014235000000000003,-0.0003794505028054118,0.6836178302764893
0.014285000000000003,-0.0009017558768391609,0.68465256690979
0.014335000000000002,-0.0014280786272138357,0.6858223676681519
0.014385000000000002,-0.0017700550379231572,0.6869443655014038
0.014435000000000003,-0.0018055904656648636,0.6878545880317688
0.014485000000000003,-0.0015274432953447104,0.6884649395942688
0.014535000000000003,-0.0010476979659870267,0.6887965798377991
0.014585000000000002,-0.0005561489379033446,0.6889693140983582
0.014635000000000002,-0.00024832284543663263,0.6891564726829529
0.014685000000000004,-0.0002506054297555238,0.6895193457603455
0.014735000000000003,-0.0005711555713787675,0.6901492476463318
0.014785000000000003,-0.00109553849324584,0.691032886505127
0.014835000000000003,-0.0016290068160742521,0.692061185836792
0.014885000000000002,-0.0019695523660629988,0.6930714249610901
0.014935000000000004,-0.001984057016670704,0.6939100027084351
0.014985000000000002,-0.0016586144920438528,0.694492757320404
0.015035000000000003,-0.0011038730153813958,0.6948354244232178
0.015085000000000003,-0.0005132547812536359,0.6950491666793823
0.015135000000000003,-8.991627692012116e-5,0.6952988505363464
0.015185000000000004,2.9857586923753843e-5,0.6957406997680664
0.015235000000000002,-0.00017228453361894935,0.6964648962020874
0.015285000000000003,-0.000590684765484184,0.6974614262580872
0.015335000000000003,-0.0010368874063715339,0.6986252665519714
0.015385000000000003,-0.0013125051045790315,0.6997957825660706
0.015435000000000003,-0.0012860012939199805,0.7008163332939148
0.015485000000000002,-0.0009441269794479012,0.7015911340713501
0.015535000000000004,-0.000398335512727499,0.7021191120147705
0.015585000000000002,0.00015648934640921652,0.7024906873703003
0.015635000000000003,0.0005154870450496674,0.7028502225875854
0.015685000000000004,0.0005417973734438419,0.7033398747444153
0.015735000000000002,0.00021953661052975804,0.7040444016456604
0.015785000000000004,-0.0003383148869033903,0.7049602270126343
0.015835000000000002,-0.0009302755352109671,0.7059985995292664
0.015885000000000003,-0.0013399583986029029,0.7070209383964539
0.015935000000000005,-0.0014154189266264439,0.7078951597213745
0.015985000000000003,-0.0011246581561863422,0.7085469365119934
0.016035000000000004,-0.0005666881916113198,0.7089883089065552
0.016085000000000002,6.570234836544842e-5,0.7093155384063721
0.016135000000000004,0.0005572899244725704,0.7096695899963379
0.016185000000000005,0.0007490385323762894,0.7101840972900391
0.016235000000000003,0.000594698591157794,0.710933268070221
0.016285,0.00017469115846324712,0.7119042277336121
0.016335000000000002,-0.000337238801876083,0.7130026817321777
0.016385000000000004,-0.0007412490667775273,0.7140893936157227
0.016435,-0.0008866703719832003,0.715034008026123
0.016485000000000003,-0.0007268150220625103,0.7157653570175171
0.016535,-0.00033299424103461206,0.7162976264953613
0.016585000000000003,0.00013680871052201837,0.7167235612869263
0.016635000000000004,0.0005018305964767933,0.717178225517273
0.016685000000000002,0.0006299600936472416,0.7177833318710327
0.016735000000000003,0.000489069614559412,0.7186020016670227
0.016785,0.00015865130990277976,0.7196106314659119
0.016835000000000003,-0.0002024300629273057,0.7207102179527283
0.016885000000000004,-0.000419295160099864,0.7217633724212646
0.016935000000000002,-0.0003708407748490572,0.7226507067680359
0.016985000000000004,-3.886361082550138e-5,0.7233173251152039
0.017035,0.0004825260257348418,0.7237985730171204
0.017085000000000003,0.0010209790198132396,0.7242074608802795
0.017135000000000004,0.0013904878869652748,0.7246952056884766
0.017185000000000002,0.001461807289160788,0.7253909707069397
0.017235000000000004,0.0012117803562432528,0.7263535261154175
0.017285000000000002,0.0007326884660869837,0.7275451421737671
0.017335000000000003,0.0001980223460122943,0.728841245174408
0.017385000000000005,-0.00020234989642631263,0.7300752997398376
0.017435000000000003,-0.0003329845785629004,0.7310978770256042
0.017485000000000004,-0.00016277523536700755,0.7318304777145386
0.017535000000000002,0.0002248709206469357,0.7322953939437866
0.017585000000000003,0.0006652956362813711,0.7326080799102783
0.017635000000000005,0.0009764867718331516,0.7329357266426086
0.017685000000000003,0.001029202714562416,0.7334386110305786
0.017735,0.0007966876728460193,0.7342115044593811
0.017785000000000002,0.0003651621227618307,0.7352553606033325
0.017835000000000004,-9.872009104583412e-5,0.7364770770072937
0.017885,-0.00041092687752097845,0.7377277612686157
0.017935000000000003,-0.0004395903670229018,0.7388582229614258
0.017985,-0.00015468943456653506,0.7397738099098206
0.018035000000000002,0.00036077495315112174,0.7404667139053345
0.018085000000000004,0.000942053971812129,0.7410147190093994
0.018135000000000002,0.0014042030088603497,0.7415481209754944
0.018185000000000003,0.00161040760576725,0.7421987056732178
0.018235,0.0015212391735985875,0.743048906326294
0.018285000000000003,0.001206501037813723,0.7441002726554871
0.018335000000000004,0.0008157627307809889,0.745276689529419
0.018385000000000002,0.0005193917895667255,0.7464544177055359
0.018435000000000003,0.00044299379806034267,0.7475095987319946
0.018485,0.0006203892407938838,0.748367428779602
0.018535000000000003,0.0009828370530158281,0.7490261197090149
0.018585000000000004,0.0013881060294806957,0.7495564222335815
0.018635000000000002,0.0016776443226262927,0.7500698566436768
0.018685000000000004,0.0017393901944160461,0.750673234462738
0.018735,0.0015518168220296502,0.751425564289093
0.018785000000000003,0.0011922571575269103,0.7523167729377747
0.018835000000000005,0.000806489260867238,0.7532733082771301
0.018885000000000002,0.0005516152014024556,0.7541903853416443
0.018935,0.0005345115787349641,0.754979133605957
0.018985000000000002,0.0007698094705119729,0.7556031942367554
0.019035000000000003,0.001173682394437492,0.756098210811615
0.019085000000000005,0.001595821580849588,0.7565587162971497
0.019135000000000003,0.0018771719187498093,0.75710129737854
0.019185,0.0019110372522845864,0.7578164935112
0.019235000000000002,0.0016839038580656052,0.7587288022041321
0.019285000000000004,0.0012801650445908308,0.759783923625946
0.019335000000000005,0.0008489837637171149,0.7608629465103149
0.019385000000000003,0.000546151481103152,0.7618277072906494
0.019435,0.00047355738934129477,0.7625731825828552
0.019485000000000002,0.0006397954421117902,0.7630695104598999
0.019535000000000004,0.0009573010611347854,0.7633783221244812
0.019585000000000005,0.0012772397603839636,0.7636324763298035
0.019635000000000003,0.0014487177832052112,0.7639892101287842
0.019685,0.0013793313410133123,0.7645724415779114
0.019735000000000003,0.0010734149254858494,0.7654249668121338
0.019785000000000004,0.0006328161107376218,0.7664911150932312
0.019835000000000005,0.0002194101398345083,0.7676355242729187
0.019885000000000003,-6.625914465985261e-6,0.7686951756477356
0.019935,5.074449290987104e-5,0.7695380449295044
0.019985000000000003,0.00038428656989708543,0.7701187133789062
0.020035000000000004,0.0008829981088638306,0.7704957723617554
0.020085000000000002,0.001370914513245225,0.770813524723053
0.020135000000000004,0.0016708688344806433,0.7712491154670715
0.020185,0.001669259974732995,0.7719429135322571
0.020235000000000003,0.001357345376163721,0.7729383111000061
0.020285000000000004,0.0008334130397997797,0.7741541266441345
0.020335000000000002,0.0002649809466674924,0.775398313999176
0.020385,-0.00017462899268139154,0.7764197587966919
0.020435000000000002,-0.00037125221570022404,0.7769834399223328
0.020485000000000003,-0.00031168863642960787,0.7769379615783691
0.020535000000000005,-8.648221410112455e-5,0.7762593030929565
0.020585000000000003,0.000147315688082017,0.7750496864318848
0.020635,0.00022910091502126306,0.7734996676445007
0.020685000000000002,5.923511344008148e-5,0.7718220949172974
0.020735000000000003,-0.00035969828604720533,0.7701859474182129
0.020785000000000005,-0.0009209153358824551,0.7686707973480225
0.020835000000000003,-0.001451806048862636,0.7672575116157532
0.020885,-0.0017783378716558218,0.7658541798591614
0.020935000000000002,-0.0017911882605403662,0.764348030090332
0.020985000000000004,-0.0014884498668834567,0.7626593708992004
0.021035000000000005,-0.000978621537797153,0.7607795000076294
0.021085000000000003,-0.0004424686776474118,0.7587770819664001
0.021135,-6.78812139085494e-5,0.7567720413208008
0.021185000000000002,1.7945936633623205e-5,0.7548891305923462
0.021235000000000004,-0.0002063117572106421,0.7532107830047607
0.021285000000000005,-0.0006503377226181328,0.7517439126968384
0.021335000000000003,-0.001147719332948327,0.7504199743270874
0.021385,-0.0015191867714747787,0.7491215467453003
0.021435000000000003,-0.001639604801312089,0.7477285861968994
0.021485000000000004,-0.0014835321344435215,0.7461630702018738
0.021535000000000002,-0.0011324690422043204,0.7444193959236145
0.021585000000000003,-0.0007414938881993294,0.7425610423088074
0.021635,-0.00047840256593190134,0.7406959533691406
0.021685000000000003,-0.00045877150841988623,0.7389291524887085
0.021735000000000004,-0.0007016962044872344,0.7373220324516296
0.021785000000000002,-0.0011229184456169605,0.7358656525611877
0.021835,-0.0015676888870075345,0.7344879508018494
0.021885,-0.0018705327529460192,0.7330805063247681
0.021935000000000003,-0.001918917871080339,0.7315465211868286
0.021985000000000005,-0.0016964353853836656,0.7298394441604614
0.022035000000000003,-0.001289087231270969,0.7279864549636841
0.022085,-0.0008523882133886218,0.7260778546333313
0.022135000000000002,-0.0005520253907889128,0.7242349982261658
0.022185000000000003,-0.0005008117877878249,0.7225610613822937
0.022235000000000005,-0.0007160198874771595,0.7210979461669922
0.022285000000000003,-0.0011132886866107583,0.7198076248168945
0.022335,-0.0015392646891996264,0.7185823917388916
0.022385000000000002,-0.0018303280230611563,0.7172816395759583
0.022435000000000004,-0.0018748496659100056,0.715785562992096
0.022485000000000005,-0.0016551601001992822,0.7140390872955322
0.022535000000000003,-0.0012532685650512576,0.7120762467384338
0.022585,-0.0008183160680346191,0.7100080251693726
0.022635000000000002,-0.0005083959549665451,0.7079827785491943
0.022685000000000004,-0.0004291904915589839,0.706132709980011
0.022735000000000005,-0.0005930273327976465,0.7045240998268127
0.022785000000000003,-0.0009141087648458779,0.7031319737434387
0.022835,-0.001241769758053124,0.7018484473228455
0.022885000000000003,-0.0014190389774739742,0.7005223631858826
0.022935000000000004,-0.0013440476031973958,0.6990148425102234
0.022985000000000005,-0.0010107287671416998,0.6972510814666748
0.023035000000000003,-0.0005131036741659045,0.6952489018440247
0.023085,-1.1341732715663966e-5,0.6931137442588806
0.023135000000000003,0.0003276400675531477,0.6910011172294617
0.023185000000000004,0.00039257510798051953,0.6890619993209839
0.023235000000000002,0.00016959881759248674,0.6873895525932312
0.023285000000000004,-0.00025246920995414257,0.6859865188598633
0.023335,-0.00071530049899593,0.6847676634788513
0.023385000000000003,-0.0010501425713300705,0.6835914254188538
0.023435000000000004,-0.001140482840128243,0.6823110580444336
0.023485000000000002,-0.0009646986145526171,0.6808290481567383
0.023535,-0.0006027347990311682,0.6791262626647949
0.023585000000000002,-0.00020452585886232555,0.6772655844688416
0.023635000000000003,6.769231549696997e-5,0.6753637790679932
0.023685000000000005,0.00010123257379746065,0.6735438704490662
0.023735000000000003,-0.00012435793178156018,0.6718885898590088
0.023785,-0.0005297134630382061,0.6704103946685791
0.023835000000000002,-0.000965705665294081,0.6690499782562256
0.023885000000000003,-0.0012694665929302573,0.667704164981842
0.023935000000000005,-0.001325018354691565,0.6662678718566895
0.023985000000000003,-0.0011056727962568402,0.6646783947944641
0.024035,-0.0006825164891779423,0.662939727306366
0.024085000000000002,-0.00019632877956610173,0.6611217856407166
0.024135000000000004,0.0001958499342435971,0.6593312621116638
0.024185000000000005,0.00037888504448346794,0.657670259475708
0.024235000000000003,0.0003203685046173632,0.6561931371688843
0.024285,7.901639764895663e-5,0.6548858880996704
0.024335000000000002,-0.00022178039944265038,0.6536698341369629
0.024385000000000004,-0.0004443023062776774,0.6524315476417542
0.024435000000000005,-0.0004907769616693258,0.6510675549507141
0.024485000000000003,-0.00034047840745188296,0.6495238542556763
0.024535,-5.5494296248070896e-5,0.6478176116943359
0.024585000000000003,0.00024654364096932113,0.6460313200950623
0.024635000000000004,0.00044156285002827644,0.6442806720733643
0.024685000000000002,0.00045031632180325687,0.642669677734375
0.024735000000000004,0.0002714033762458712,0.641251266002655
0.024785,-1.707742194412276e-5,0.6400059461593628
0.024835000000000003,-0.00028800644213333726,0.6388491988182068
0.024885000000000004,-0.00041591457556933165,0.6376657485961914
0.024935000000000002,-0.00032790712430141866,0.6363539099693298
0.024985,-3.466187627054751e-5,0.6348649263381958
0.025035,0.00037101394264027476,0.6332237720489502
0.025085000000000003,0.0007479793857783079,0.6315190196037292
0.025135000000000005,0.0009601779165677726,0.6298685669898987
0.025185000000000003,0.0009291535243391991,0.6283721923828125
0.025235,0.0006653027376160026,0.6270724534988403
0.025285000000000002,0.00026550397160463035,0.6259353160858154
0.025335000000000003,-0.0001223221333930269,0.6248607635498047
0.025385000000000005,-0.0003544231003616005,0.6237192749977112
0.025435000000000003,-0.00034516569576226175,0.6224024295806885
0.025485,-9.907315688906237e-5,0.6208636164665222
0.025535000000000002,0.0002914529468398541,0.6191380620002747
0.025585000000000004,0.0006819554255343974,0.6173320412635803
0.025635000000000005,0.0009316510404460132,0.6155837178230286
0.025685000000000003,0.0009577071177773178,0.6140134930610657
0.025735,0.0007671757484786212,0.6126783490180969
0.025785000000000002,0.0004541836678981781,0.6115512251853943
0.025835000000000004,0.00016330587095580995,0.6105313301086426
0.025885000000000005,3.306824146420695e-5,0.6094826459884644
0.025935000000000003,0.00014126405585557222,0.608284592628479
0.025985,0.0004732068919111043,0.606879472732544
0.026035000000000003,0.0009253921452909708,0.6052926778793335
0.026085000000000004,0.001343491137959063,0.6036254167556763
0.026135000000000002,0.001580459764227271,0.6020148396492004
0.026185000000000003,0.0015526812057942152,0.6005825996398926
0.026235,0.001272672787308693,0.5993874669075012
0.026285000000000003,0.0008456584182567894,0.5984016060829163
0.026335000000000004,0.00043100598850287497,0.5975197553634644
0.026385000000000002,0.0001828943786676973,0.5965971946716309
0.026435000000000004,0.00019255377992521971,0.5955024361610413
0.026485,0.0004539252258837223,0.5941660404205322
0.026535000000000003,0.0008657539146952331,0.5926060080528259
0.026585000000000004,0.0012694092001765966,0.5909205675125122
0.026635000000000002,0.001508153392933309,0.589252233505249
0.026685000000000004,0.001485496642999351,0.5877335071563721
0.026735000000000002,0.0012006366159766912,0.5864396691322327
0.026785000000000003,0.0007476964965462685,0.5853618383407593
0.026835,0.0002792361192405224,0.5844111442565918
0.026885000000000003,-5.194766345084645e-5,0.583454966545105
0.026935000000000004,-0.00015051016816869378,0.5823689699172974
0.026985000000000002,-1.3796955499856267e-5,0.5810840725898743
0.027035000000000003,0.00026867803535424173,0.5796149969100952
0.027085,0.0005511409253813326,0.5780538320541382
0.027135000000000003,0.000688964850269258,0.5765357613563538
0.027185000000000004,0.0005954813095740974,0.5751873254776001
0.027235000000000002,0.0002763740485534072,0.5740771293640137
0.027285000000000004,-0.0001715935650281608,0.5731887221336365
0.027335,-0.0005970928468741477,0.5724249482154846
0.027385000000000003,-0.0008520911214873195,0.5716416239738464
0.027435000000000005,-0.0008489679312333465,0.570701539516449
0.027485000000000002,-0.0005950475460849702,0.5695226788520813
0.027535000000000004,-0.00019127507403027266,0.5681096911430359
0.027585000000000002,0.0002045540022663772,0.566550612449646
0.027635000000000003,0.00043615064350888133,0.5649851560592651
0.027685,0.0004065784451086074,0.5635531544685364
0.027735000000000003,0.0001137028812081553,0.5623430013656616
0.027785000000000004,-0.00035008531995117664,0.5613616108894348
0.027835000000000002,-0.0008336262544617057,0.5605311393737793
0.027885000000000004,-0.0011844816617667675,0.5597205758094788
0.027935,-0.0013062256621196866,0.5587908029556274
0.027985000000000003,-0.0011937326053157449,0.5576478838920593
0.028035000000000004,-0.0009332165936939418,0.5562726855278015
0.028085000000000002,-0.0006671851733699441,0.5547265410423279
0.028135000000000004,-0.0005380061338655651,0.5531249642372131
0.028185,-0.0006318320520222187,0.5515955686569214
0.028235000000000003,-0.0009445067262277007,0.5502302050590515
0.028285,-0.001382565009407699,0.5490567088127136
0.028335000000000003,-0.0017989656189456582,0.5480320453643799
0.028385000000000004,-0.002049848670139909,0.5470660924911499
0.028435000000000002,-0.002050490351393819,0.5460588932037354
0.028485000000000003,-0.0018089173827320337,0.5449416637420654
0.028535,-0.0014241235330700874,0.543701171875
0.028585000000000003,-0.0010493906447663903,0.5423829555511475
0.028635000000000004,-0.0008345468668267131,0.5410658121109009
0.028685000000000002,-0.0008691383409313858,0.5398281812667847
0.028735000000000004,-0.0011481730034574866,0.5387107729911804
0.028785,-0.001573592540808022,0.5376975536346436
0.028835000000000003,-0.001991026336327195,0.536720335483551
0.028885000000000004,-0.0022479582112282515,0.5356855988502502
0.028935000000000002,-0.0022512786090373993,0.5345123410224915
0.028985000000000004,-0.002002373803406954,0.5331689715385437
0.029035000000000002,-0.0015964456833899021,0.5316884517669678
0.029085000000000003,-0.0011863061226904392,0.5301614999771118
0.029135,-0.0009243848035112023,0.5287033915519714
0.029185000000000003,-0.0009049365762621164,0.5274125337600708
0.029235000000000004,-0.0011283619096502662,0.526331901550293
0.029285000000000002,-0.0015011194627732038,0.5254312753677368
0.029335000000000003,-0.001871239859610796,0.5246168971061707
0.029385,-0.002085926942527294,0.523764967918396
0.029435000000000003,-0.002049436792731285,0.5227674841880798
0.029485000000000004,-0.001759356469847262,0.5215731263160706
0.029535000000000002,-0.001307658851146698,0.5202058553695679
0.029585000000000004,-0.0008462871774099767,0.5187567472457886
0.029635,-0.0005304290680214763,0.5173487663269043
0.029685000000000003,-0.00046099413884803653,0.516089916229248
0.029735000000000004,-0.0006479856674559414,0.5150315165519714
0.029785000000000002,-0.0010083966189995408,0.5141459703445435
0.029835000000000004,-0.0013990879524499178,0.513336181640625
0.029885000000000002,-0.0016718714032322168,0.5124701857566833
0.029935000000000003,-0.001729686395265162,0.5114297866821289
0.029985,-0.0015625887317582965,0.5101554989814758
0.030035000000000003,-0.0012500716838985682,0.5086691975593567
0.030085000000000004,-0.0009292353643104434,0.5070683360099792
0.030135000000000002,-0.0007412973791360855,0.505490779876709
0.030185000000000003,-0.0007771034725010395,0.5040661096572876
0.030235,-0.00104248255956918,0.5028682947158813
0.030285000000000003,-0.0014565212186425924,0.5018898844718933
0.030335000000000004,-0.0018831380875781178,0.5010457634925842
0.030385000000000002,-0.0021835570223629475,0.5002045631408691
0.030435000000000004,-0.002269385615363717,0.4992373585700989
