stage,model,phase,b1,b0,etl,echo,D_mm2_s,total_abs_three_way_contrast,total_real_three_way_contrast,total_imag_three_way_contrast,unwanted_l1_share_three_way_contrast
screen,finite_RF_static_Bloch,90.0,0.8,0.0,8.0,1.0,,0.0,0.0,0.0,
screen,finite_RF_static_Bloch,90.0,0.8,0.0,8.0,2.0,,0.0,0.0,0.0,
screen,finite_RF_static_Bloch,90.0,0.8,0.0,8.0,3.0,,-0.008048183240369905,-0.008016103481767012,0.00033301958411729527,
screen,finite_RF_static_Bloch,90.0,0.8,0.0,8.0,4.0,,0.008017559558461992,-0.007952215116742073,-0.004158267234479284,
screen,finite_RF_static_Bloch,90.0,0.8,0.0,8.0,5.0,,-0.006952308793011314,-0.007390262339717735,0.0009032854632664161,
screen,finite_RF_static_Bloch,90.0,0.8,0.0,8.0,6.0,,0.005631138890411183,-0.006124626247470143,-0.0006938740271599556,
screen,finite_RF_static_Bloch,90.0,0.8,0.0,8.0,7.0,,-0.0030760903918785817,-0.007730259168699495,0.0002607789672822453,
screen,finite_RF_static_Bloch,90.0,0.8,0.0,8.0,8.0,,0.006991273078380676,-0.005614668193382487,0.001599413120195477,
screen,finite_RF_static_Bloch,0.0,1.0,0.0,8.0,1.0,,0.0,0.0,-2.7755575615628914e-17,
screen,finite_RF_static_Bloch,0.0,1.0,0.0,8.0,2.0,,-2.7755575615628914e-17,4.336808689942018e-19,-2.7755575615628914e-17,
screen,finite_RF_static_Bloch,0.0,1.0,0.0,8.0,3.0,,0.004438865293652075,0.001175422703383147,0.004593555456220519,
screen,finite_RF_static_Bloch,0.0,1.0,0.0,8.0,4.0,,-0.0029437073867380342,0.0002305874588251879,-0.002991260921473518,
screen,finite_RF_static_Bloch,0.0,1.0,0.0,8.0,5.0,,0.001859332290830143,-0.007279153068126445,0.0015497263443542686,
screen,finite_RF_static_Bloch,0.0,1.0,0.0,8.0,6.0,,0.0011560292309263226,0.0005562200159592017,0.0004348786131683699,
screen,finite_RF_static_Bloch,0.0,1.0,0.0,8.0,7.0,,0.003636752293413939,-0.004410021075329924,0.003016313295720642,
screen,finite_RF_static_Bloch,0.0,1.0,0.0,8.0,8.0,,-0.002420736067370234,0.000863360908232114,-0.002696099945948688,
screen,finite_RF_static_Bloch,90.0,1.0,0.0,8.0,1.0,,0.0,-2.7755575615628914e-17,-8.673617379884035e-19,
screen,finite_RF_static_Bloch,90.0,1.0,0.0,8.0,2.0,,0.0,0.0,2.168404344971009e-19,
screen,finite_RF_static_Bloch,90.0,1.0,0.0,8.0,3.0,,-0.0015575751632285195,-0.00151088031429783,0.004396278868854395,
screen,finite_RF_static_Bloch,90.0,1.0,0.0,8.0,4.0,,-0.0005530209228729738,0.0003959419550963461,-0.006282188859661801,
screen,finite_RF_static_Bloch,90.0,1.0,0.0,8.0,5.0,,-0.007632005270955838,-0.007638480427867536,0.0017117427151217507,
screen,finite_RF_static_Bloch,90.0,1.0,0.0,8.0,6.0,,-0.0016983267195241694,0.0015778899772256605,-0.0027795097009640124,
screen,finite_RF_static_Bloch,90.0,1.0,0.0,8.0,7.0,,-0.005295321806788746,-0.004886165684569663,-0.00020474243138890653,
screen,finite_RF_static_Bloch,90.0,1.0,0.0,8.0,8.0,,0.0030949298641836827,0.0025647607555165305,-0.0021485717719037243,
screen,finite_RF_static_Bloch,0.0,0.8,0.0,8.0,1.0,,5.551115123125783e-17,8.673617379884035e-19,-5.551115123125783e-17,
screen,finite_RF_static_Bloch,0.0,0.8,0.0,8.0,2.0,,0.0,0.0,0.0,
screen,finite_RF_static_Bloch,0.0,0.8,0.0,8.0,3.0,,0.0006934630608229353,-0.004474576872524042,0.0005585853849954525,
screen,finite_RF_static_Bloch,0.0,0.8,0.0,8.0,4.0,,-0.0022232566839695267,-0.008792904477371487,-0.0020916097320978766,
screen,finite_RF_static_Bloch,0.0,0.8,0.0,8.0,5.0,,-0.004093696541456013,-0.0016868504433772509,-0.00403081043783636,
screen,finite_RF_static_Bloch,0.0,0.8,0.0,8.0,6.0,,-0.00013156834471400591,-0.010929317715950926,0.00030586502351458156,
screen,finite_RF_static_Bloch,0.0,0.8,0.0,8.0,7.0,,-0.003061257497593714,-0.005960759920301839,-0.003456564681904764,
screen,finite_RF_static_Bloch,0.0,0.8,0.0,8.0,8.0,,0.00668666234995071,-0.008148413943336994,0.007562146095257655,
screen,instant_RF_exact_pathways,90.0,0.8,0.0,8.0,1.0,0.001,-2.7755575615628914e-17,5.293955920339377e-23,2.7755575615628914e-17,4.336808689942018e-19
screen,instant_RF_exact_pathways,90.0,0.8,0.0,8.0,2.0,0.001,2.7755575615628914e-17,1.0587911840678754e-22,-2.7755575615628914e-17,-1.734723475976807e-18
screen,instant_RF_exact_pathways,90.0,0.8,0.0,8.0,3.0,0.001,6.46877160916659e-05,-2.0598345966351187e-10,-6.46877161180337e-05,-0.014293760630812141
screen,instant_RF_exact_pathways,90.0,0.8,0.0,8.0,4.0,0.001,-0.003895754281390773,-4.79511836724539e-09,-0.0038957542836401543,0.04209448615658143
screen,instant_RF_exact_pathways,90.0,0.8,0.0,8.0,5.0,0.001,-0.00787125502349112,9.912981566832359e-10,0.003470433804594046,-0.0008287458247943774
screen,instant_RF_exact_pathways,90.0,0.8,0.0,8.0,6.0,0.001,0.007988442825756607,-9.552632338580504e-09,-0.004425620325692041,0.039310743229233974
screen,instant_RF_exact_pathways,90.0,0.8,0.0,8.0,7.0,0.001,-0.005850871130494949,4.1161954577160257e-10,0.0054762792379697035,0.009141592156001438
screen,instant_RF_exact_pathways,90.0,0.8,0.0,8.0,8.0,0.001,0.006151820431550945,-8.545846854007655e-09,-0.0019572103396371943,0.022409984701367347
screen,instant_RF_exact_pathways,90.0,1.0,0.0,8.0,1.0,0.001,2.7755575615628914e-17,-5.293955920339377e-23,-2.7755575615628914e-17,1.0339757656912846e-25
screen,instant_RF_exact_pathways,90.0,1.0,0.0,8.0,2.0,0.001,0.0,0.0,0.0,2.0679515313825692e-25
screen,instant_RF_exact_pathways,90.0,1.0,0.0,8.0,3.0,0.001,-7.435181695325532e-08,1.223142915676467e-13,7.43518169810109e-08,-8.12290165208096e-12
screen,instant_RF_exact_pathways,90.0,1.0,0.0,8.0,4.0,0.001,2.8648094310829153e-05,-1.0495736643131297e-10,2.8648094310620986e-05,-6.117453556034727e-10
screen,instant_RF_exact_pathways,90.0,1.0,0.0,8.0,5.0,0.001,1.1726763254421568e-05,-1.9291800448747548e-11,-1.1726763254421568e-05,-7.147784189003447e-10
screen,instant_RF_exact_pathways,90.0,1.0,0.0,8.0,6.0,0.001,5.400163580714101e-05,-1.9784442852167346e-10,5.4001635806807946e-05,-1.0770719338675289e-09
screen,instant_RF_exact_pathways,90.0,1.0,0.0,8.0,7.0,0.001,2.1710044712866527e-05,-3.5715460190458747e-11,-2.171004471284571e-05,-9.35487944699773e-10
screen,instant_RF_exact_pathways,90.0,1.0,0.0,8.0,8.0,0.001,6.544024087636047e-05,-2.3975141580808093e-10,6.544024087592332e-05,-3.421099291096514e-10
screen,instant_RF_exact_pathways,0.0,1.0,0.0,8.0,1.0,0.001,-2.7755575615628914e-17,2.7755575615628914e-17,0.0,0.0
screen,instant_RF_exact_pathways,0.0,1.0,0.0,8.0,2.0,0.001,-2.7755575615628914e-17,0.0,8.271806125530277e-25,0.0
screen,instant_RF_exact_pathways,0.0,1.0,0.0,8.0,3.0,0.001,-7.435165971791946e-08,-7.435165966240831e-08,1.0519321494890265e-14,-8.122901652084269e-12
screen,instant_RF_exact_pathways,0.0,1.0,0.0,8.0,4.0,0.001,2.8647831083292163e-05,2.8647831083264408e-05,2.649087738446542e-10,-6.117453556034776e-10
screen,instant_RF_exact_pathways,0.0,1.0,0.0,8.0,5.0,0.001,1.1726888827806592e-05,1.1726888827542914e-05,1.4873281251123687e-10,-7.147784189003365e-10
screen,instant_RF_exact_pathways,0.0,1.0,0.0,8.0,6.0,0.001,5.400109188545554e-05,5.400109188541391e-05,5.473723789325236e-10,-1.077071933867547e-09
screen,instant_RF_exact_pathways,0.0,1.0,0.0,8.0,7.0,0.001,2.1710305969854793e-05,2.171030596931356e-05,3.0413245540009376e-10,-9.354879446998012e-10
screen,instant_RF_exact_pathways,0.0,1.0,0.0,8.0,8.0,0.001,6.543945325244993e-05,6.543945325242911e-05,7.922558420198896e-10,-3.421099291096547e-10
screen,instant_RF_exact_pathways,0.0,0.8,0.0,8.0,1.0,0.001,0.0,-2.7755575615628914e-17,0.0,4.336808689942018e-19
screen,instant_RF_exact_pathways,0.0,0.8,0.0,8.0,2.0,0.001,0.0,0.0,0.0,-1.734723475976807e-18
screen,instant_RF_exact_pathways,0.0,0.8,0.0,8.0,3.0,0.001,0.00012717863303803034,0.00010219796712757079,3.901219803046979e-05,-0.01429376063081237
screen,instant_RF_exact_pathways,0.0,0.8,0.0,8.0,4.0,0.001,0.003356541777301575,0.0032878150028467362,-0.0006524686485168049,0.042094486156581554
screen,instant_RF_exact_pathways,0.0,0.8,0.0,8.0,5.0,0.001,-0.0013516832766219677,-0.0016930620522618497,0.0017668432557563997,-0.0008287458247944884
screen,instant_RF_exact_pathways,0.0,0.8,0.0,8.0,6.0,0.001,0.005134324156613822,0.005281609307827381,0.0008249404728357482,0.03931074322923431
screen,instant_RF_exact_pathways,0.0,0.8,0.0,8.0,7.0,0.001,-0.0020223683848543533,-0.0022373851516936487,0.0032039337014467253,0.009141592156001882
screen,instant_RF_exact_pathways,0.0,0.8,0.0,8.0,8.0,0.001,0.00409357955616395,0.00396372459015727,0.002078647539938208,0.022409984701367014
screen,instant_RF_exact_pathways,90.0,1.0,0.0,8.0,1.0,0.0,0.0,0.0,0.0,5.169878828456423e-26
screen,instant_RF_exact_pathways,90.0,1.0,0.0,8.0,2.0,0.0,1.1102230246251565e-16,-4.235164736271502e-22,-1.1102230246251565e-16,2.0679515313825692e-25
screen,instant_RF_exact_pathways,90.0,1.0,0.0,8.0,3.0,0.0,2.2426505097428162e-14,-3.621065849512134e-20,-2.2426505097428162e-14,-1.1489211113116607e-12
screen,instant_RF_exact_pathways,90.0,1.0,0.0,8.0,4.0,0.0,3.5241454199308464e-10,-6.021038414350628e-16,3.5241454199308464e-10,-2.0513610791744275e-10
screen,instant_RF_exact_pathways,90.0,1.0,0.0,8.0,5.0,0.0,-8.361211722984763e-11,-1.8883636059057124e-16,8.361211722984763e-11,-2.3058714617435672e-10
screen,instant_RF_exact_pathways,90.0,1.0,0.0,8.0,6.0,0.0,7.199993934392523e-10,-1.2227586573270604e-15,7.199993379281011e-10,-4.1269206453339377e-10
screen,instant_RF_exact_pathways,90.0,1.0,0.0,8.0,7.0,0.0,-1.7775328431390847e-10,-3.893505526667007e-16,1.7775331206948408e-10,-2.8468289865173736e-10
screen,instant_RF_exact_pathways,90.0,1.0,0.0,8.0,8.0,0.0,1.0246840875804963e-09,-1.6998263538246404e-15,1.0246840875804963e-09,-3.4319506574397953e-10
screen,instant_RF_exact_pathways,90.0,0.8,0.0,8.0,1.0,0.0,-1.1102230246251565e-16,-1.0587911840678754e-22,1.1102230246251565e-16,0.0
screen,instant_RF_exact_pathways,90.0,0.8,0.0,8.0,2.0,0.0,0.0,0.0,-5.551115123125783e-17,-1.734723475976807e-18
screen,instant_RF_exact_pathways,90.0,0.8,0.0,8.0,3.0,0.0,0.0002505603312278337,-4.2797062516288997e-10,-0.0002505603312954463,-0.01467962485452632
screen,instant_RF_exact_pathways,90.0,0.8,0.0,8.0,4.0,0.0,-0.010817826069770553,-1.602586983802948e-08,-0.010817826071864989,0.05246832377628044
screen,instant_RF_exact_pathways,90.0,0.8,0.0,8.0,5.0,0.0,-0.02459581493728147,7.662164098650823e-09,0.007491327184969893,-0.0027589034372840354
screen,instant_RF_exact_pathways,90.0,0.8,0.0,8.0,6.0,0.0,0.0204268454203137,-2.809756299768537e-08,-0.015615123865915015,0.06377685544778537
screen,instant_RF_exact_pathways,90.0,0.8,0.0,8.0,7.0,0.0,-0.013700826619464465,9.859867702920195e-09,0.011415493876123464,0.01210337396256389
screen,instant_RF_exact_pathways,90.0,0.8,0.0,8.0,8.0,0.0,0.014982369870515475,-2.3072928889913237e-08,-0.010206618408570844,0.0496283254601636
screen,instant_RF_exact_pathways,0.0,1.0,0.0,8.0,1.0,0.0,0.0,1.1102230246251565e-16,2.117582368135751e-22,0.0
screen,instant_RF_exact_pathways,0.0,1.0,0.0,8.0,2.0,0.0,0.0,-1.1102230246251565e-16,0.0,1.0339757656912846e-25
screen,instant_RF_exact_pathways,0.0,1.0,0.0,8.0,3.0,0.0,2.2148949341271873e-14,2.220446049250313e-14,-9.689898097911586e-17,-1.1489211113108335e-12
screen,instant_RF_exact_pathways,0.0,1.0,0.0,8.0,4.0,0.0,9.28302990033103e-11,9.283035451446153e-11,2.609170808090738e-10,-2.0513610791744523e-10
screen,instant_RF_exact_pathways,0.0,1.0,0.0,8.0,5.0,0.0,3.934863546106726e-11,3.934824688300864e-11,1.2296063253855017e-10,-2.3058714617435755e-10
screen,instant_RF_exact_pathways,0.0,1.0,0.0,8.0,6.0,0.0,1.8688051106607872e-10,1.868804833105031e-10,5.365364100851047e-10,-4.1269206453338715e-10
screen,instant_RF_exact_pathways,0.0,1.0,0.0,8.0,7.0,0.0,7.909270460793039e-11,7.909217725199369e-11,2.5684595947579723e-10,-2.84682898651739e-10
screen,instant_RF_exact_pathways,0.0,1.0,0.0,8.0,8.0,0.0,2.5075444498590116e-10,2.507544727414768e-10,7.795532472673626e-10,-3.431950657439961e-10
screen,instant_RF_exact_pathways,0.0,0.8,0.0,8.0,1.0,0.0,0.0,0.0,0.0,0.0
screen,instant_RF_exact_pathways,0.0,0.8,0.0,8.0,2.0,0.0,-5.551115123125783e-17,5.551115123125783e-17,1.0842021724855044e-19,-1.734723475976807e-18
screen,instant_RF_exact_pathways,0.0,0.8,0.0,8.0,3.0,0.0,0.00026502343430345743,0.00025650472561394855,5.945383845827341e-06,-0.014679624854526584
screen,instant_RF_exact_pathways,0.0,0.8,0.0,8.0,4.0,0.0,0.010173815698336808,0.010150885543012494,-0.0006668874087715263,0.0524683237762805
screen,instant_RF_exact_pathways,0.0,0.8,0.0,8.0,5.0,0.0,-0.005613285701171727,-0.005735117897581132,0.0017561945613552218,-0.0027589034372840077
screen,instant_RF_exact_pathways,0.0,0.8,0.0,8.0,6.0,0.0,0.01647443077205872,0.016522837964314516,0.0009078102443627327,0.06377685544778533
screen,instant_RF_exact_pathways,0.0,0.8,0.0,8.0,7.0,0.0,-0.007951619435335303,-0.008055202303721434,0.003360252802935994,0.01210337396256414
screen,instant_RF_exact_pathways,0.0,0.8,0.0,8.0,8.0,0.0,0.012639527746105002,0.012573344348262669,0.0023667880445928306,0.04962832546016349
