case,b1,phase,n,b_requested,image_peak_common_scale,image_sum_common_scale,outside_support_common_scale,image_complex_nrmse_vs_instantaneous_primary,sampled_primary_image_nrmse,sampled_primary_signal_nrmse,trajectory_error_cycles_per_m,seconds,image_sampling_qualified
original,1.0,0.0,32768,1000,0.20121447158479167,0.20528972399184958,0.040185959013915556,0.5094353453489546,0.0634827341707152,0.06382677484877519,7.285052561201155e-10,16.219369099941105,False
original,0.8,0.0,32768,1000,0.20658710192338947,0.22492560389196847,0.038700904967345316,0.44304413343990173,0.0634827341707152,0.06382677484877519,7.285052561201155e-10,19.823276299983263,False
original,0.8,90.0,32768,1000,0.1495445554293436,0.26097475624135835,0.11618652697114691,0.46246180881363813,0.06324540491240449,0.06382677484877519,7.285052561201155e-10,20.07542220002506,False
original,0.9,22.5,32768,1000,0.21032776856028562,0.23510777660265042,0.05676068734571203,0.4479126165368676,0.06346861146486771,0.06382677484877522,7.285052561201155e-10,12.609849800006486,False
centered_increasing,1.0,0.0,32768,1000,0.18184873253922013,0.20877837748115807,0.04507628486464566,0.6316888140229788,0.026358612428818713,0.02639262582048949,5.002220859751105e-10,13.97104820003733,False
centered_increasing,0.8,0.0,32768,1000,0.21331487949206962,0.2392259267933586,0.04444349326538331,0.5596253515810713,0.026358612428818713,0.02639262582048949,5.002220859751105e-10,13.39289000001736,False
centered_increasing,0.8,90.0,32768,1000,0.16442440914521003,0.27577149225388287,0.12076654558802193,0.5619466806917196,0.025694758590832405,0.02639262582048949,5.002220859751105e-10,12.486506000044756,False
centered_increasing,0.9,22.5,32768,1000,0.22037609968760236,0.24119338170722768,0.0594958445800792,0.5746430587199558,0.026258216905336126,0.026392625820489474,5.002220859751105e-10,13.502299799933098,False
centered_increasing_alternating,1.0,0.0,32768,1000,0.17579024613719088,0.20839562742930376,0.044672086713699675,0.6306617780486652,0.026358612428818658,0.026392625820489443,5.165929906070232e-10,13.605581199983135,False
centered_increasing_alternating,0.8,0.0,32768,1000,0.20935372824416956,0.23896959636114054,0.04476485539109619,0.5596740231240122,0.026358612428818658,0.026392625820489443,5.165929906070232e-10,12.976596100023016,False
centered_increasing_alternating,0.8,90.0,32768,1000,0.16010928253798254,0.27825259534099456,0.12240472340635108,0.5584845933513364,0.025694758590832364,0.026392625820489443,5.165929906070232e-10,16.108890699921176,False
centered_increasing_alternating,0.9,22.5,32768,1000,0.20384575578601433,0.2426563412916061,0.06155239585680734,0.5742756283419699,0.026258216905336113,0.026392625820489433,5.165929906070232e-10,15.365405400050804,False
centered_weak_ramp,1.0,0.0,32768,1000,0.18855088046895513,0.20753438366426766,0.0449313838669883,0.6336351124372768,0.026358612428818724,0.026392625820489495,5.293259164318442e-10,12.350795999984257,False
centered_weak_ramp,0.8,0.0,32768,1000,0.20447753019132817,0.2387071628441322,0.045521141973958026,0.5635307147952143,0.026358612428818724,0.026392625820489495,5.293259164318442e-10,12.062990700011142,False
centered_weak_ramp,0.8,90.0,32768,1000,0.16172872201902747,0.27633800970620886,0.12075601880413989,0.5602606214944018,0.025694758590832416,0.026392625820489495,5.293259164318442e-10,12.448320700088516,False
centered_weak_ramp,0.9,22.5,32768,1000,0.20162610381658122,0.2413004838102136,0.060995579287143935,0.5778804649232872,0.026258216905336144,0.02639262582048949,5.293259164318442e-10,11.553006600006483,False
centered_highlow_alternating,1.0,0.0,32768,1000,0.19972280581676058,0.20694948075112513,0.04346840288715104,0.632442115992337,0.026358612428818682,0.026392625820489467,5.147740012034774e-10,12.088472299976274,False
centered_highlow_alternating,0.8,0.0,32768,1000,0.2135984214339127,0.2385008974023389,0.045348142549380986,0.5620797360349801,0.026358612428818682,0.026392625820489467,5.147740012034774e-10,10.604486800031736,False
centered_highlow_alternating,0.8,90.0,32768,1000,0.1756267969301791,0.27595787701547186,0.12035059955103784,0.5604371509711249,0.025694758590832395,0.026392625820489467,5.147740012034774e-10,10.565380199928768,False
centered_highlow_alternating,0.9,22.5,32768,1000,0.20593987319940477,0.24135447575425514,0.06078474219546127,0.5766296235330235,0.026258216905336113,0.026392625820489447,5.147740012034774e-10,10.563755600014701,False
