ID,T2_s,voxel_z_mm,D_mm2_s,total,original_total,total_difference,total_ratio,primary,original_primary,primary_ratio,share,original_share,total_fourier,original_total_fourier,share_fourier
high_low_permutation_alternating_centering,0.06,0.5,0.0,0.05915139511515006,0.0755526284928907,-0.01640123337774064,0.7829164424202137,0.036024624209538905,0.0360246272667682,0.9999999151350193,0.6314541817701169,0.9364567459474666,0.05915138959882908,0.0755526263905688,0.6314541104598774
high_low_permutation_alternating_centering,0.1,0.5,0.0,0.1426262414345485,0.12572847357959832,0.016897767854950174,1.1343988944894987,0.09664419174452726,0.09664420046424406,0.999999909775064,0.5444847541415231,0.9136583329041577,0.1426262306282147,0.12572846915445493,0.5444846809189317
high_low_permutation_alternating_centering,0.06,2.0,0.0,0.0576384080121322,0.05296587796300629,0.004672530049125913,1.0882177399643864,0.03602371362328326,0.036023716680435275,0.9999999151350194,0.48567276638928003,0.9174920944778332,0.057638402710061515,0.052965873949587,0.4856726967721087
high_low_permutation_alternating_centering,0.1,2.0,0.0,0.14093208496013362,0.07552448152445729,0.06540760343567634,1.8660450507627149,0.09664174889121173,0.09664175761070812,0.999999909775064,0.40918429065562284,0.890074120993771,0.1409320745481225,0.07552447434437068,0.4091842266689135
high_low_permutation_alternating_centering,0.06,0.5,0.001,0.016051609478394676,0.02410960176365429,-0.008057992285259614,0.6657766327187038,0.010386245300487876,0.011414297273233063,0.9099329596789103,0.6866898920884906,0.9446497306140953,0.014769594354961434,0.023128818283127305,0.6575109391619567
high_low_permutation_alternating_centering,0.1,0.5,0.001,0.038283713773087924,0.040689851568903555,-0.0024061377958156313,0.940866390437893,0.027863449081038796,0.030621430880158344,0.9099329548017095,0.5806557912744802,0.9217778626869712,0.035900683442064804,0.03869420315045911,0.5459750563598678
high_low_permutation_alternating_centering,0.06,2.0,0.001,0.015523222932203087,0.018404389588862934,-0.0028811666566598473,0.8434522023809292,0.010385982769721046,0.011414008756629686,0.90993295967891,0.4744203487555642,0.9200069439626847,0.014412213107890202,0.017147939971333865,0.4238083847924634
high_low_permutation_alternating_centering,0.1,2.0,0.001,0.03792206294265364,0.027233324941679585,0.010688738000974057,1.3924874404379226,0.02786274478295589,0.030620656869195018,0.9099329548017097,0.3856259673627529,0.8921239662230722,0.03579809699770189,0.025026685450256315,0.33858037317259515
weak_increasing_centering,0.06,0.5,0.0,0.03234126223022809,0.0755526284928907,-0.04321136626266261,0.4280627011311898,0.03602462643359745,0.0360246272667682,0.9999999768721894,0.8120544544531189,0.9364567459474666,0.03234126396081257,0.0755526263905688,0.8120544296969149
weak_increasing_centering,0.1,0.5,0.0,0.08121554904296727,0.12572847357959832,-0.044512924536631054,0.6459598747259899,0.09664419771106669,0.09664420046424406,0.999999971512234,0.7557793775409962,0.9136583329041577,0.08121555087843545,0.12572846915445493,0.7557793515965717
weak_increasing_centering,0.06,2.0,0.0,0.05076715626228201,0.05296587796300629,-0.002198721700724278,0.9584879589410382,0.03602371584728559,0.036023716680435275,0.9999999768721897,0.5728709811198259,0.9174920944778332,0.05076715540401172,0.052965873949587,0.5728709442303986
weak_increasing_centering,0.1,2.0,0.0,0.13042963166420754,0.07552448152445729,0.05490515013975025,1.7269848005771502,0.09664175485760032,0.09664175761070812,0.9999999715122337,0.48024420047410366,0.890074120993771,0.1304296293210505,0.07552447434437068,0.4802441666960792
weak_increasing_centering,0.06,0.5,0.001,0.003917568716723491,0.02410960176365429,-0.020192033046930798,0.16248998034589293,0.011047669901855456,0.011414297273233063,0.9678799874752376,0.8627195500345279,0.9446497306140953,0.005207785216411552,0.023128818283127305,0.8511826255338418
weak_increasing_centering,0.1,0.5,0.001,0.016639196967213003,0.040689851568903555,-0.024050654601690553,0.4089274432234398,0.029637869977903828,0.030621430880158344,0.9678799822874433,0.8050890172996159,0.9217778626869712,0.01792848205496843,0.03869420315045911,0.7917265777509088
weak_increasing_centering,0.06,2.0,0.001,0.012343989771087426,0.018404389588862934,-0.006060399817775508,0.670709001865357,0.011047390652408992,0.011414008756629686,0.9678799874752375,0.6730371183193036,0.9200069439626847,0.012829455134234143,0.017147939971333865,0.6461467349070495
weak_increasing_centering,0.1,2.0,0.001,0.03563115706361023,0.027233324941679585,0.008397832121930647,1.3083660236094814,0.029637120828186356,0.030620656869195018,0.9678799822874434,0.5653068491228792,0.8921239662230722,0.03595593710894374,0.025026685450256315,0.5388115223831731
high_low_permutation_alternating,0.06,0.5,0.0,0.05932969853138074,0.0755526284928907,-0.01622292996150996,0.7852764320034678,0.036024623763595685,0.0360246272667682,0.9999999027561759,0.6317277788496444,0.9364567459474666,0.059329693157347575,0.0755526263905688,0.6317277088234228
high_low_permutation_alternating,0.1,0.5,0.0,0.1428627538216732,0.12572847357959832,0.01713428024207489,1.1362800307221357,0.09664419106619249,0.09664420046424406,0.9999999027561765,0.5461609265679443,0.9136583329041577,0.14286274315666897,0.12572846915445493,0.5461608547082768
high_low_permutation_alternating,0.06,2.0,0.0,0.057936783839154904,0.05296587796300629,0.004970905876148617,1.0938510993742143,0.03602371102466515,0.036023716680435275,0.9999998429987063,0.49040437900088457,0.9174920944778332,0.05793677852101494,0.052965873949587,0.4904043088780433
high_low_permutation_alternating,0.1,2.0,0.0,0.14177498603400404,0.07552448152445729,0.06625050450954675,1.8772056844652774,0.0966417424378272,0.09664175761070812,0.9999998429987068,0.4134416928801842,0.890074120993771,0.14177497554858254,0.07552447434437068,0.4134416276269856
high_low_permutation_alternating,0.06,0.5,0.001,0.016107986961666775,0.02410960176365429,-0.008001614801987515,0.6681150157341001,0.010356588502365005,0.011414297273233063,0.9073347447022935,0.6815228907635402,0.9446497306140953,0.014824880447887273,0.023128818283127305,0.650642210051898
high_low_permutation_alternating,0.1,0.5,0.001,0.03826289123541503,0.040689851568903555,-0.0024269603334885273,0.9403546525752557,0.0277838881700674,0.030621430880158344,0.9073347447022936,0.5765485128377477,0.9217778626869712,0.035874506020872624,0.03869420315045911,0.5402596279456271
high_low_permutation_alternating,0.06,2.0,0.001,0.015385997428065446,0.018404389588862934,-0.003018392160797488,0.8359960733159001,0.010356326102358397,0.011414008756629686,0.9073346904822596,0.47701259206085883,0.9200069439626847,0.014275112265410882,0.017147939971333865,0.4276690055577753
high_low_permutation_alternating,0.1,2.0,0.001,0.03777254900495544,0.027233324941679585,0.010539224063275857,1.3869973308747905,0.027783184222774544,0.030620656869195018,0.9073346904822598,0.3858531255666413,0.8921239662230722,0.03563489214965867,0.025026685450256315,0.3390216472991462
original,0.06,0.5,0.0,0.0755526284928907,0.0755526284928907,0.0,1.0,0.0360246272667682,0.0360246272667682,1.0,0.9364567459474666,0.9364567459474666,0.0755526263905688,0.0755526263905688,0.9364567422594812
original,0.1,0.5,0.0,0.12572847357959832,0.12572847357959832,0.0,1.0,0.09664420046424406,0.09664420046424406,1.0,0.9136583329041577,0.9136583329041577,0.12572846915445493,0.12572846915445493,0.9136583285685055
original,0.06,2.0,0.0,0.05296587796300629,0.05296587796300629,0.0,1.0,0.036023716680435275,0.036023716680435275,1.0,0.9174920944778332,0.9174920944778332,0.052965873949587,0.052965873949587,0.917492091294414
original,0.1,2.0,0.0,0.07552448152445729,0.07552448152445729,0.0,1.0,0.09664175761070812,0.09664175761070812,1.0,0.890074120993771,0.890074120993771,0.07552447434437068,0.07552447434437068,0.8900741172472659
original,0.06,0.5,0.001,0.02410960176365429,0.02410960176365429,0.0,1.0,0.011414297273233063,0.011414297273233063,1.0,0.9446497306140953,0.9446497306140953,0.023128818283127305,0.023128818283127305,0.9429921830076413
original,0.1,0.5,0.001,0.040689851568903555,0.040689851568903555,0.0,1.0,0.030621430880158344,0.030621430880158344,1.0,0.9217778626869712,0.9217778626869712,0.03869420315045911,0.03869420315045911,0.9196276697433188
original,0.06,2.0,0.001,0.018404389588862934,0.018404389588862934,0.0,1.0,0.011414008756629686,0.011414008756629686,1.0,0.9200069439626847,0.9200069439626847,0.017147939971333865,0.017147939971333865,0.9176669641616658
original,0.1,2.0,0.001,0.027233324941679585,0.027233324941679585,0.0,1.0,0.030620656869195018,0.030620656869195018,1.0,0.8921239662230722,0.8921239662230722,0.025026685450256315,0.025026685450256315,0.8892456848735243
increasing_centering,0.06,0.5,0.0,0.048323545318058964,0.0755526284928907,-0.027229083174831734,0.6396011135814564,0.03602462448457489,0.0360246272667682,0.9999999227696851,0.6645497378862066,0.9364567459474666,0.04832354530664415,0.0755526263905688,0.6645496673895313
increasing_centering,0.1,0.5,0.0,0.12699313150642014,0.12572847357959832,0.001264657926821816,1.010058643764741,0.09664419248237349,0.09664420046424406,0.9999999174097305,0.5672943088295072,0.9136583329041577,0.12699312947737018,0.12572846915445493,0.5672942364877688
increasing_centering,0.06,2.0,0.0,0.05616620079618403,0.05296587796300629,0.0032003228331777406,1.0604223503179346,0.036023713898312305,0.036023716680435275,0.9999999227696855,0.528341665163405,0.9174920944778332,0.05616619645674245,0.052965873949587,0.5283416080741995
increasing_centering,0.1,2.0,0.0,0.13768414854500888,0.07552448152445729,0.06215966702055159,1.8230399701641415,0.09664174962903929,0.09664175761070812,0.9999999174097303,0.445202252983283,0.890074120993771,0.13768414010595556,0.07552447434437068,0.4452022005939562
increasing_centering,0.06,0.5,0.001,0.00841150718101472,0.02410960176365429,-0.01569809458263957,0.3488861932881544,0.010465844290878221,0.011414297273233063,0.9169065813119307,0.7811908000477084,0.9446497306140953,0.009095154120566447,0.023128818283127305,0.7460505326429606
increasing_centering,0.1,0.5,0.001,0.028161804420268683,0.040689851568903555,-0.012528047148634872,0.6921088019350458,0.028076991352714145,0.030621430880158344,0.9169065763973522,0.6853318157042709,0.9217778626869712,0.028508861561992598,0.03869420315045911,0.6449145180849373
increasing_centering,0.06,2.0,0.001,0.01674110849871367,0.018404389588862934,-0.0016632810901492656,0.9096258486532056,0.010465579748105766,0.011414008756629686,0.9169065813119307,0.6023377726990471,0.9200069439626847,0.015683498698171237,0.017147939971333865,0.556405951507633
increasing_centering,0.1,2.0,0.001,0.04072490761988092,0.027233324941679585,0.013491582678201337,1.4954071053422116,0.028076281656971666,0.030620656869195018,0.9169065763973521,0.505262115374387,0.8921239662230722,0.038633641059235814,0.025026685450256315,0.4612863741401095
