stage,model,variant,D_mm2_s,etl,conditions,total_abs_min,total_abs_median,total_abs_max,median_paired_delta_total_abs,minimum_paired_delta_total_abs,primary_abs_min,primary_abs_median,primary_abs_max,stimulated_abs_min,stimulated_abs_median,stimulated_abs_max,unwanted_l1_share_min,unwanted_l1_share_median,unwanted_l1_share_max
heldout,finite_RF_static_Bloch,high_low_permutation_alternating,,8.0,4,0.03090001540626507,0.0458078260000707,0.05967059959345711,7.37890651672582e-05,-0.008626688941700409,,,,,,,,,
heldout,finite_RF_static_Bloch,weak_increasing_centering,,8.0,4,0.030397082246694008,0.04646353285944721,0.06044288720374493,-0.0008738092642400063,-0.005923011723703922,,,,,,,,,
heldout,finite_RF_static_Bloch,increasing_centering,,8.0,4,0.040375731759208805,0.04884741959344136,0.05730630448756837,-0.00013561076441206618,-0.0014582410112807462,,,,,,,,,
heldout,finite_RF_static_Bloch,increasing_alternating_centering,,6.0,1,0.0348536766962847,0.0348536766962847,0.0348536766962847,-0.024498818506352153,-0.024498818506352153,,,,,,,,,
heldout,finite_RF_static_Bloch,original,,6.0,1,0.05935249520263685,0.05935249520263685,0.05935249520263685,0.0,0.0,,,,,,,,,
heldout,finite_RF_static_Bloch,increasing_alternating_centering,,4.0,1,0.10956565758894714,0.10956565758894714,0.10956565758894714,-0.015848294241067387,-0.015848294241067387,,,,,,,,,
heldout,finite_RF_static_Bloch,original,,8.0,4,0.033028717502065506,0.048983030357853424,0.058764545498849116,0.0,0.0,,,,,,,,,
heldout,finite_RF_static_Bloch,high_low_permutation_alternating,,4.0,1,0.1101990462528365,0.1101990462528365,0.1101990462528365,-0.015214905577178028,-0.015214905577178028,,,,,,,,,
heldout,finite_RF_static_Bloch,increasing_alternating_centering,,8.0,4,0.02043675907281132,0.033785186753957995,0.04253761169098393,-0.01624180662290089,-0.019089945275154157,,,,,,,,,
heldout,finite_RF_static_Bloch,weak_increasing_centering,,4.0,1,0.11282957306374403,0.11282957306374403,0.11282957306374403,-0.012584378766270499,-0.012584378766270499,,,,,,,,,
heldout,finite_RF_static_Bloch,original,,12.0,1,0.02218071892322186,0.02218071892322186,0.02218071892322186,0.0,0.0,,,,,,,,,
heldout,finite_RF_static_Bloch,increasing_centering,,4.0,1,0.11501398344812329,0.11501398344812329,0.11501398344812329,-0.010399968381891236,-0.010399968381891236,,,,,,,,,
heldout,finite_RF_static_Bloch,high_low_permutation_alternating,,6.0,1,0.03721069787005972,0.03721069787005972,0.03721069787005972,-0.02214179733257713,-0.02214179733257713,,,,,,,,,
heldout,finite_RF_static_Bloch,increasing_centering,,12.0,1,0.02465343314264583,0.02465343314264583,0.02465343314264583,0.002472714219423973,0.002472714219423973,,,,,,,,,
heldout,finite_RF_static_Bloch,weak_increasing_centering,,6.0,1,0.05158999451067733,0.05158999451067733,0.05158999451067733,-0.007762500691959523,-0.007762500691959523,,,,,,,,,
heldout,finite_RF_static_Bloch,increasing_alternating_centering,,12.0,1,0.017809307100534938,0.017809307100534938,0.017809307100534938,-0.004371411822686921,-0.004371411822686921,,,,,,,,,
heldout,finite_RF_static_Bloch,original,,4.0,1,0.12541395183001453,0.12541395183001453,0.12541395183001453,0.0,0.0,,,,,,,,,
heldout,finite_RF_static_Bloch,increasing_centering,,6.0,1,0.06377226848442713,0.06377226848442713,0.06377226848442713,0.0044197732817902805,0.0044197732817902805,,,,,,,,,
heldout,finite_RF_static_Bloch,high_low_permutation_alternating,,12.0,1,0.01591996400327805,0.01591996400327805,0.01591996400327805,-0.006260754919943809,-0.006260754919943809,,,,,,,,,
heldout,finite_RF_static_Bloch,weak_increasing_centering,,12.0,1,0.02215202806239097,0.02215202806239097,0.02215202806239097,-2.8690860830887094e-05,-2.8690860830887094e-05,,,,,,,,,
robust,finite_RF_static_Bloch,increasing_alternating_centering,,8.0,24,0.004768896357374749,0.02870130990356845,0.04296321998265882,-0.012725549262477508,-0.04262524749637763,,,,,,,,,
robust,finite_RF_static_Bloch,increasing_centering,,8.0,24,0.015192847740598073,0.046229718100547455,0.05647113917624298,-0.0038575852545204604,-0.0238243763894201,,,,,,,,,
robust,finite_RF_static_Bloch,original,,8.0,24,0.0011126382786846487,0.04282959068819671,0.07039205354452457,0.0,0.0,,,,,,,,,
robust,finite_RF_static_Bloch,high_low_permutation_alternating,,8.0,24,0.017200827099149232,0.054608056700991114,0.05925862857986773,0.005989018081905825,-0.016155712346900764,,,,,,,,,
robust,finite_RF_static_Bloch,weak_increasing_centering,,8.0,24,0.009636025562263248,0.0498328354585031,0.05952690005731254,-0.00020565046573093812,-0.019025133233541262,,,,,,,,,
screen,finite_RF_static_Bloch,inc_alt_center_rf180,,8.0,4,0.0329518293413786,0.03708294795042864,0.04214156015809868,-0.01470456042890764,-0.030832114046847915,,,,,,,,,
screen,finite_RF_static_Bloch,increasing_centering_taper,,8.0,4,0.04419668136835971,0.04927765996672709,0.05230835238823657,-0.004309500304325066,-0.023523561991353116,,,,,,,,,
screen,finite_RF_static_Bloch,weak_increasing_centering,,8.0,4,0.05138711546421933,0.052552396144085155,0.05952690005731254,-0.00011930157950217762,-0.018164052990423146,,,,,,,,,
screen,finite_RF_static_Bloch,irregular_energy_matched,,8.0,4,0.031814639328799375,0.03517781603547851,0.035762619058769776,-0.016909441011647274,-0.0385774142157252,,,,,,,,,
screen,finite_RF_static_Bloch,centering,,8.0,4,0.0029913229418244,0.05314386508437893,0.07424661943497134,0.0014598462860363106,0.0007442119025324254,,,,,,,,,
screen,finite_RF_static_Bloch,quadratic,,8.0,4,0.026251440344177084,0.035966558670906396,0.04243676529681009,-0.02146623503454731,-0.027955288247714483,,,,,,,,,
screen,finite_RF_static_Bloch,high_low_alternating,,8.0,4,0.01773573495848715,0.0254176859482913,0.039293342450811695,-0.02355520046672852,-0.05265631858603742,,,,,,,,,
screen,finite_RF_static_Bloch,original,,8.0,4,0.0011126382786846487,0.05225125517864628,0.07039205354452457,0.0,0.0,,,,,,,,,
screen,finite_RF_static_Bloch,increasing_rf180,,8.0,4,0.038163853236104106,0.046641424543841646,0.05542609153270222,-0.0029985795889389925,-0.02018846410355364,,,,,,,,,
screen,finite_RF_static_Bloch,inc_alt_center_flip160,,8.0,4,0.02677809289348578,0.03470563548748445,0.04451092600843217,-0.017746926351823455,-0.043211347329715544,,,,,,,,,
screen,finite_RF_static_Bloch,high_low_energy_matched,,8.0,4,0.015616885585754034,0.02337260497080426,0.03395532185968826,-0.028878650207842024,-0.05477516795877054,,,,,,,,,
screen,finite_RF_static_Bloch,original_duration500,,8.0,4,0.0011000258805416044,0.052248588359850516,0.0703909848300601,-3.3399520775675984e-06,-1.2612398143044311e-05,,,,,,,,,
screen,finite_RF_static_Bloch,increasing_alternating,,8.0,4,0.030908570166980533,0.0384222988317538,0.043037492281611425,-0.013416224923561527,-0.028180024109575062,,,,,,,,,
screen,finite_RF_static_Bloch,increasing,,8.0,4,0.04104776613088294,0.05438887927532772,0.05863919129792968,0.0003154712313491667,-0.021661142716549064,,,,,,,,,
screen,finite_RF_static_Bloch,high_low_permutation_alternating_centering,,8.0,4,0.052441986429601906,0.056207822363760415,0.05844634141559176,0.0031929087439505517,-0.01196197278899417,,,,,,,,,
screen,finite_RF_static_Bloch,geometric,,8.0,4,0.028756968855537992,0.034709148595714806,0.041869645258055206,-0.019900304700855548,-0.03691868845313844,,,,,,,,,
screen,finite_RF_static_Bloch,inc_alt_center_flip_train,,8.0,4,0.02426878951792054,0.03274133678802716,0.04177511507441375,-0.020078293019246782,-0.044986514769348715,,,,,,,,,
screen,finite_RF_static_Bloch,increasing_rf90_exploratory,,8.0,4,0.04656522248070286,0.04864453592237483,0.05006412313053582,-0.0036067192562714463,-0.02382683106382171,,,,,,,,,
screen,finite_RF_static_Bloch,increasing_taper,,8.0,4,0.0460170269532895,0.050665251592752085,0.05509823518744957,-0.0016936241082767464,-0.022801606961948113,,,,,,,,,
screen,finite_RF_static_Bloch,high_low_permutation,,8.0,4,0.03994727390644371,0.04188491709023427,0.044715606193304565,-0.010366338088412006,-0.030444779638080864,,,,,,,,,
screen,finite_RF_static_Bloch,original_rf180,,8.0,4,0.008839637442967837,0.04963222141230503,0.07087301911558647,0.000496651141042595,-0.05386927140446417,,,,,,,,,
screen,finite_RF_static_Bloch,weak_increasing_alternating_centering,,8.0,4,0.03588294369102528,0.03914142494199003,0.044241850964083285,-0.012188857851092,-0.032808066035060354,,,,,,,,,
screen,finite_RF_static_Bloch,ramp_modulated,,8.0,4,0.01615035114346206,0.036884140902891084,0.057978913861499226,-0.013952116892916564,-0.025643250366398498,,,,,,,,,
screen,finite_RF_static_Bloch,inc_alt_center_duration500,,8.0,4,0.031169650692508984,0.0378709395179873,0.04297204069479771,-0.013165364972978367,-0.029849914225088092,,,,,,,,,
screen,finite_RF_static_Bloch,high_low,,8.0,4,0.016611580128531395,0.024923843260976547,0.039335247505983446,-0.023442516431634985,-0.05378047341599318,,,,,,,,,
screen,finite_RF_static_Bloch,alternating,,8.0,4,0.016564841854221527,0.02513937271530199,0.03847042105746104,-0.023304401882044246,-0.05382721169030305,,,,,,,,,
screen,finite_RF_static_Bloch,original_flip160,,8.0,4,0.0021568647919162917,0.04327669949166518,0.07044331697124326,0.0002854397535055045,-0.025158909064834138,,,,,,,,,
screen,finite_RF_static_Bloch,increasing_centering_rf90_exploratory,,8.0,4,0.04639517031154515,0.04769780478661669,0.0482113665470665,-0.00455345039202959,-0.023996883232979424,,,,,,,,,
screen,finite_RF_static_Bloch,increasing_alternating_centering,,8.0,4,0.031170458407442383,0.037866101520014725,0.04296321998265882,-0.013171289122958441,-0.029856562633211993,,,,,,,,,
screen,finite_RF_static_Bloch,original_taper,,8.0,4,0.0095626599746914,0.043937649465597604,0.07065361624780649,0.001075751495382353,-0.018517151713580145,,,,,,,,,
screen,finite_RF_static_Bloch,increasing_centering_rf180,,8.0,4,0.034724156830448744,0.0478610738104659,0.05476601846192269,-0.0027670315105725145,-0.018872334797817622,,,,,,,,,
screen,finite_RF_static_Bloch,alternating_centering,,8.0,4,0.01474642507763138,0.024291350328313956,0.039247022225212556,-0.025254531527224313,-0.053740065480410985,,,,,,,,,
screen,finite_RF_static_Bloch,original_rf90_exploratory,,8.0,4,0.04102095857594736,0.05098667464915503,0.060613265916498564,0.0028804075939940395,-0.01806876387499659,,,,,,,,,
screen,finite_RF_static_Bloch,high_low_permutation_alternating,,8.0,4,0.05255669348077866,0.05514851405882599,0.05925862857986773,0.0023768099015272458,-0.011133424964656843,,,,,,,,,
screen,finite_RF_static_Bloch,increasing_centering,,8.0,4,0.04195268692509646,0.0525101563594407,0.05647113917624298,-0.0016324729162634811,-0.020756221922335547,,,,,,,,,
screen,finite_RF_static_Bloch,irregular_seeded,,8.0,4,0.02702042298890294,0.035398515368947676,0.03942323424518714,-0.016852739809698605,-0.04337163055562163,,,,,,,,,
screen,finite_RF_static_Bloch,inc_alt_rf180,,8.0,4,0.033126946044940486,0.03737426959958682,0.04393904578217914,-0.01371825926508647,-0.030061889255156828,,,,,,,,,
screen,finite_RF_static_Bloch,original_flip_train,,8.0,4,0.001942502630942475,0.03445331498838744,0.07504004500227533,-0.0005220175169317611,-0.03372198099439634,,,,,,,,,
screen,finite_RF_static_Bloch,inc_alt_rf90_exploratory,,8.0,4,0.03192153768895725,0.039061169267740156,0.04341574738714803,-0.013086341188691758,-0.03847051585556732,,,,,,,,,
screen,finite_RF_static_Bloch,inc_alt_center_rf90_exploratory,,8.0,4,0.029826885490002335,0.038153767505868255,0.04272100431182757,-0.014097487672778023,-0.04056516805452224,,,,,,,,,
screen,finite_RF_static_Bloch,decreasing,,8.0,4,0.03783205354360798,0.045859694653405336,0.06095475797322088,-0.003928471209852815,-0.024876855303824025,,,,,,,,,
sensitivity_dense,finite_RF_static_Bloch,original,,8.0,3,0.0026406166794996962,0.03932784179741294,0.06932637225278762,0.0,0.0,,,,,,,,,
sensitivity_dense,finite_RF_static_Bloch,high_low_permutation_alternating,,8.0,2,0.056622190231846586,0.05723696617837899,0.05785174212491139,0.00290985915327871,-0.012704182020941035,,,,,,,,,
sensitivity_dense,finite_RF_static_Bloch,high_low_permutation_alternating_centering,,8.0,3,0.05592802440259109,0.056132679440541615,0.05721446884854807,0.017886627051135133,-0.013193692812246006,,,,,,,,,
sensitivity_dense,finite_RF_static_Bloch,increasing_alternating_centering,,8.0,3,0.03244849470237127,0.039177279337627734,0.04045466495502566,0.0011268231576127205,-0.030149092915159888,,,,,,,,,
sensitivity_dense,finite_RF_static_Bloch,weak_increasing_centering,,8.0,3,0.05243554461230147,0.05744503572838313,0.05884663038354087,0.01310770281488853,-0.011881336524404491,,,,,,,,,
sensitivity_dense,finite_RF_static_Bloch,increasing_centering,,8.0,1,0.050290540708980445,0.050290540708980445,0.050290540708980445,0.04764992402948075,0.04764992402948075,,,,,,,,,
sensitivity_dt2us,finite_RF_static_Bloch,weak_increasing_centering,,8.0,2,0.051396756177055934,0.05181623599962089,0.05223571582218585,-0.004277130889631341,-0.018164446813552143,,,,,,,,,
sensitivity_dt2us,finite_RF_static_Bloch,original,,8.0,2,0.041786571142766474,0.05609336688925223,0.07040016263573799,0.0,0.0,,,,,,,,,
sensitivity_dt2us,finite_RF_static_Bloch,increasing_alternating_centering,,8.0,2,0.042909531615403465,0.04294754966345243,0.04298556771150141,-0.013145817225799796,-0.027414594924236584,,,,,,,,,
sensitivity_dt2us,finite_RF_static_Bloch,high_low_permutation_alternating_centering,,8.0,2,0.058445408252866045,0.05844731547701694,0.05844922270116784,0.00235394858776471,-0.011954754382871947,,,,,,,,,
sensitivity_dt2us,finite_RF_static_Bloch,high_low_permutation_alternating,,8.0,2,0.056705373193900205,0.05799029524569256,0.05927521729748492,0.0018969283564403278,-0.011124945338253076,,,,,,,,,
timing_transfer,finite_RF_static_Bloch,high_low_permutation_alternating_centering,,8.0,2,0.031514639949102766,0.04459074816754452,0.057666856385986266,,,,,,,,,,,
timing_transfer_heldout,finite_RF_static_Bloch,high_low_permutation_alternating_centering,,8.0,4,0.03002790061195822,0.04459074816754452,0.05883154366577137,-0.0011432887673589257,-0.009498803736007259,,,,,,,,,
timing_transfer_heldout,finite_RF_static_Bloch,high_low_permutation_alternating_centering,,12.0,1,0.014068765902609444,0.014068765902609444,0.014068765902609444,-0.008111953020612414,-0.008111953020612414,,,,,,,,,
timing_transfer_heldout,finite_RF_static_Bloch,high_low_permutation_alternating_centering,,4.0,1,0.11166711475084529,0.11166711475084529,0.11166711475084529,-0.013746837079169238,-0.013746837079169238,,,,,,,,,
timing_transfer_heldout,finite_RF_static_Bloch,high_low_permutation_alternating_centering,,6.0,1,0.03934435774281909,0.03934435774281909,0.03934435774281909,-0.020008137459817762,-0.020008137459817762,,,,,,,,,
timing_transfer_robust,finite_RF_static_Bloch,high_low_permutation_alternating_centering,,8.0,24,0.014463256785514371,0.05549827072259454,0.05953312509635833,0.004524234661871221,-0.018481102046002854,,,,,,,,,
heldout,instant_RF_exact_pathways,weak_increasing_centering,0.001,8.0,4,0.041128847512073026,0.04277629435532267,0.04438378539051199,0.008058829749282856,-0.000929628456853307,0.04072645915485978,0.042306240352616806,0.04388605540223039,0.0005674839188399355,0.0009659898848187509,0.001423164059439716,0.17877298563741953,0.1834057384995637,0.18818262292823518
heldout,instant_RF_exact_pathways,original,0.001,8.0,4,0.02414331889454323,0.03401378699017196,0.04523033218038351,0.0,0.0,0.042234568698601996,0.04378849559899842,0.04534245579699076,0.02312780631049096,0.0401469543891329,0.05954294716560976,0.6739369337150377,0.6745829852273284,0.6752432523739686
heldout,instant_RF_exact_pathways,weak_increasing_centering,0.001,4.0,1,0.11359352599926449,0.11359352599926449,0.11359352599926449,-0.0027224936956042334,-0.0027224936956042334,0.11416731370437391,0.11416731370437391,0.11416731370437391,0.00043072906597304764,0.00043072906597304764,0.00043072906597304764,0.032800395677524415,0.032800395677524415,0.032800395677524415
heldout,instant_RF_exact_pathways,increasing_centering,0.001,8.0,4,0.03790925313406382,0.04032452988700627,0.04281175297026464,0.005688079863668953,-0.0024185792101188708,0.038581599904789654,0.040078181914956865,0.041574795994172326,0.0005059005591150683,0.0009151064926666562,0.0013813600295938544,0.13888272812224825,0.1420343830587285,0.14529451045371122
heldout,instant_RF_exact_pathways,increasing_alternating_centering,0.001,8.0,4,0.037322840757575415,0.03934463719801956,0.041414097315094975,0.004767016455532595,-0.003816234865288537,0.038178031564056344,0.03965895913998273,0.04113991844951115,0.0003968075289405219,0.0006825787197541715,0.0010111640864888197,0.07067537753462855,0.07226686780387412,0.07391919990813807
heldout,instant_RF_exact_pathways,weak_increasing_centering,0.001,6.0,1,0.19545643475491714,0.19545643475491714,0.19545643475491714,0.07251151717150854,0.07251151717150854,0.18931545378993675,0.18931545378993675,0.18931545378993675,0.00820328386441299,0.00820328386441299,0.00820328386441299,0.11226140372728191,0.11226140372728191,0.11226140372728191
heldout,instant_RF_exact_pathways,high_low_permutation_alternating,0.001,8.0,4,0.03874124153022391,0.040298933512738236,0.04183626705166352,0.00573559681048798,-0.0033940651287199947,0.03832089160775753,0.03973082347521471,0.041140785554737644,0.0003648386478367756,0.0005156983529781335,0.000684398512564755,0.09193104548026743,0.09273668606894797,0.09354684595995849
heldout,instant_RF_exact_pathways,increasing_alternating_centering,0.001,4.0,1,0.11125287366847023,0.11125287366847023,0.11125287366847023,-0.005063146026398499,-0.005063146026398499,0.11073156903617745,0.11073156903617745,0.11073156903617745,1.9246143934036268e-05,1.9246143934036268e-05,1.9246143934036268e-05,0.013400819393976901,0.013400819393976901,0.013400819393976901
heldout,instant_RF_exact_pathways,increasing_centering,0.001,6.0,1,0.18565003303358446,0.18565003303358446,0.18565003303358446,0.06270511545017586,0.06270511545017586,0.18197873860159539,0.18197873860159539,0.18197873860159539,0.0026654705494555224,0.0026654705494555224,0.0026654705494555224,0.06930652755282415,0.06930652755282415,0.06930652755282415
heldout,instant_RF_exact_pathways,high_low_permutation_alternating,0.001,4.0,1,0.11250386598634816,0.11250386598634816,0.11250386598634816,-0.0038121537085205603,-0.0038121537085205603,0.11239406310794758,0.11239406310794758,0.11239406310794758,0.0004526431282892922,0.0004526431282892922,0.0004526431282892922,0.012542769896768061,0.012542769896768061,0.012542769896768061
heldout,instant_RF_exact_pathways,original,0.001,4.0,1,0.11631601969486872,0.11631601969486872,0.11631601969486872,0.0,0.0,0.11672372940461506,0.11672372940461506,0.11672372940461506,0.011210965485184847,0.011210965485184847,0.011210965485184847,0.17711756817499275,0.17711756817499275,0.17711756817499275
heldout,instant_RF_exact_pathways,increasing_centering,0.001,4.0,1,0.11164694460680105,0.11164694460680105,0.11164694460680105,-0.004669075088067673,-0.004669075088067673,0.11131528597752381,0.11131528597752381,0.11131528597752381,0.0002724405012385935,0.0002724405012385935,0.0002724405012385935,0.022468200913044092,0.022468200913044092,0.022468200913044092
heldout,instant_RF_exact_pathways,high_low_permutation_alternating,0.001,6.0,1,0.18132503537006567,0.18132503537006567,0.18132503537006567,0.05838011778665707,0.05838011778665707,0.18149825487612564,0.18149825487612564,0.18149825487612564,0.0007938488887330385,0.0007938488887330385,0.0007938488887330385,0.035403970413743796,0.035403970413743796,0.035403970413743796
heldout,instant_RF_exact_pathways,original,0.001,6.0,1,0.1229449175834086,0.1229449175834086,0.1229449175834086,0.0,0.0,0.1938410532667097,0.1938410532667097,0.1938410532667097,0.10761138240180695,0.10761138240180695,0.10761138240180695,0.4474715706568605,0.4474715706568605,0.4474715706568605
heldout,instant_RF_exact_pathways,increasing_alternating_centering,0.001,6.0,1,0.17793152111778968,0.17793152111778968,0.17793152111778968,0.054986603534381076,0.054986603534381076,0.1805492403723587,0.1805492403723587,0.1805492403723587,0.002384430636716578,0.002384430636716578,0.002384430636716578,0.04286154210892659,0.04286154210892659,0.04286154210892659
robust,instant_RF_exact_pathways,original,0.001,8.0,18,0.014654926186682755,0.035495477318766025,0.11480038442313419,0.0,0.0,0.00697867711450292,0.021150296934422406,0.06440314884583012,2.580849971402978e-13,0.03218608658734535,0.12533186868530544,6.878443227868703e-08,0.9207878697725411,0.9777843570256418
robust,instant_RF_exact_pathways,high_low_permutation_alternating,0.001,8.0,18,0.019547094721180835,0.02624311354720088,0.08310190896628639,-0.007694606951873663,-0.0316984754568478,0.006331996218047244,0.019190399269371848,0.058435214616055095,2.211418349399352e-13,0.0071211797239156376,0.0241160189475842,1.1317680275613906e-08,0.4843855665536335,0.819345868173543
robust,instant_RF_exact_pathways,increasing_alternating_centering,0.001,8.0,18,0.006148843860102325,0.019245738537875763,0.05658037344429986,-0.015438132305355593,-0.05822001097883433,0.006331862761452412,0.01918999480208353,0.05843398300842457,4.0325692805203664e-14,0.00042251245055811913,0.002971874998335696,1.5872982269010163e-08,0.31756480796612463,0.6325718858341618
robust,instant_RF_exact_pathways,increasing_centering,0.001,8.0,18,0.024896533166597574,0.02961162895552336,0.10464373007168248,-0.00413797924113371,-0.010156654351451702,0.006398794953702895,0.019392846390907957,0.05905167084090442,2.1707833205559004e-14,0.01020722969579188,0.0399822065982537,2.843107843945519e-08,0.6241268862933902,0.883824867157842
robust,instant_RF_exact_pathways,weak_increasing_centering,0.001,8.0,18,0.020136555262810607,0.025691270107856656,0.09215354801206532,-0.00718560102888895,-0.022646836411068863,0.0067545218955513495,0.020470949063409197,0.06233451869448667,2.7186945877576603e-14,0.011041591929262688,0.034235973156010624,4.1399802310601195e-08,0.6955908146981311,0.9115599636649551
screen,instant_RF_exact_pathways,increasing,0.0,8.0,4,0.10041346403825833,0.12877008580015062,0.1566583925936393,-1.342015107375083e-08,-0.019588792887059975,0.06675094615324349,0.11170466926211471,0.15665839237098594,2.376969417703231e-13,0.01623706424756961,0.033935872095129736,9.413140600094017e-09,0.2847264893864734,0.5694529693598062
screen,instant_RF_exact_pathways,original_duration500,0.001,8.0,4,0.03217745886496329,0.04384727301315808,0.04975855753044492,0.00010938587598179755,2.5863065443665345e-05,0.02120174185430507,0.035480149692242266,0.04975855753017947,2.6055602432884767e-13,0.0073622699426994795,0.05720189771402217,6.870185620990593e-08,0.46031009925952276,0.9206201298171893
screen,instant_RF_exact_pathways,increasing_centering_taper,0.001,8.0,4,0.02978472993781477,0.03435153931659096,0.03895830382087655,-0.009366370272986571,-0.011601879707102102,0.010596759589197573,0.024407915233556975,0.0382190708779164,0.0002011573630490564,0.009549678687609134,0.01908590993533714,0.03907740244323407,0.42579835972694136,0.8125193170106487
screen,instant_RF_exact_pathways,ramp_modulated,0.001,8.0,4,0.006528634736077308,0.04325039366729003,0.046831499613676976,-0.0028052561086948195,-0.025622961063442314,0.019954544604365607,0.03339302187851409,0.04683149915266258,1.4345579273293965e-12,0.008044887223615831,0.01832528466587334,2.1595343280615027e-08,0.3594993291574186,0.7189986367194939
screen,instant_RF_exact_pathways,inc_alt_center_flip160,0.001,8.0,4,0.008421235313795291,0.021482997205459473,0.03514822867809689,-0.01941117843301341,-0.029417783483131132,0.007768297453631442,0.021510106912825466,0.03525191637201949,0.0001085451983289876,0.0005430988647318372,0.0007951112818217594,0.05139727116829959,0.3015201149292979,0.5516429586902963
screen,instant_RF_exact_pathways,weak_increasing_alternating_centering,0.0,8.0,4,0.061490374333075325,0.11106481281734261,0.15665840135205011,-0.01604989568524201,-0.058980197783533174,0.06675094966217641,0.11170467513415422,0.1566584006061321,5.268273369797674e-13,0.0006163184418637406,0.0054272769472778195,6.9645370814974085e-09,0.17118059339317804,0.342361179821819
screen,instant_RF_exact_pathways,inc_alt_center_rf180,0.001,8.0,4,0.017949291938495215,0.03166444594966056,0.04503620365846411,-0.009229729688812324,-0.019889726858431208,0.019189582887137506,0.0321128932729214,0.04503620365870533,9.225158406429545e-14,0.00032121808320235225,0.0012677141635677389,1.587298226901016e-08,0.15866885137573974,0.3173376868784974
screen,instant_RF_exact_pathways,quadratic,0.001,8.0,4,0.008305012274973078,0.035927088316916905,0.04668363016531966,-0.0078107988202593785,-0.023846583524546543,0.019891538756511694,0.03328758446074411,0.04668363016497654,1.823946779792746e-13,0.0001765085102302968,0.0022474617029869587,2.9095294789962135e-08,0.3391362417616625,0.6782724544280303
screen,instant_RF_exact_pathways,original_taper,0.0,8.0,4,0.01658446473701194,0.07780580609568963,0.14955108389517976,-0.038889429499178375,-0.14007394111465177,0.03647525274649331,0.08401482261299387,0.13155439247949444,0.017380137750493758,0.05226144044440323,0.1154220011589675,0.5028343862016235,0.7333601314991687,0.9638858767967137
screen,instant_RF_exact_pathways,high_low,0.001,8.0,4,0.005683951083869606,0.025471139498799367,0.044179259621627845,-0.01596257087210335,-0.031075998248197147,0.018824445571818196,0.03150185260018904,0.04417925962855989,6.933733153690458e-12,0.01315723189329183,0.02634602836970388,4.576320924369068e-08,0.42320568658156427,0.8464113273999193
screen,instant_RF_exact_pathways,inc_alt_center_flip_train,0.001,8.0,4,0.008434605613891205,0.020478593290841163,0.033124835022142016,-0.020415582347631717,-0.029404413183035216,0.007558764381615015,0.02029633702270685,0.0330339096637987,8.225645757440211e-05,0.0006287876844749598,0.0008096994362470503,0.055813701860210375,0.32397806721086375,0.5921424325615169
screen,instant_RF_exact_pathways,inc_alt_center_duration500,0.001,8.0,4,0.019179465901599232,0.03266205124066716,0.04565117673595718,-0.008478854581995803,-0.018166092526947026,0.019451618224962528,0.032551397480480235,0.045651176735997945,4.1504894992168185e-14,9.801796835770183e-05,0.0004175515875298777,1.5569123072925578e-08,0.1565312470249087,0.3130624784806944
screen,instant_RF_exact_pathways,irregular_seeded,0.0,8.0,4,0.03950601941708714,0.1040156974591109,0.15665839249422545,-0.029032502951573464,-0.06909756878195511,0.06675094620717689,0.11170466935236986,0.15665839249756283,3.3394383636429685e-12,0.007815083763400309,0.021671157179427962,9.86280022796765e-09,0.28949833778311773,0.5789966657034353
screen,instant_RF_exact_pathways,inc_alt_rf90_exploratory,0.001,8.0,4,0.01986043105738845,0.0325965183147076,0.04490827289932639,-0.008297657338921235,-0.017978587739537973,0.019135072481174242,0.032021672590363745,0.04490827269955324,6.37658859984931e-14,0.00027938629390799485,0.0006262687088766478,1.681286690953181e-08,0.15886245738351112,0.3177248979541554
screen,instant_RF_exact_pathways,increasing_centering_rf90_exploratory,0.001,8.0,4,0.032537895862503274,0.03985529898539365,0.04551226784155517,-0.004124487731905515,-0.005301122934423148,0.019392430121734524,0.03245234888452241,0.0455122676473103,3.490519381912695e-14,0.005295894101397307,0.01065410352486732,2.8431078439455192e-08,0.31118307819902286,0.6223661279669672
screen,instant_RF_exact_pathways,high_low_alternating,0.0,8.0,4,0.010796130861075538,0.08428118421061613,0.15665838443393693,-0.04338745153127414,-0.10856658667555492,0.0667509427810821,0.11170466361895615,0.15665838445683022,2.289977744130043e-11,0.030898582660695464,0.06436634545096225,1.383246593526145e-08,0.4252351311328536,0.8504702484332414
screen,instant_RF_exact_pathways,increasing_centering_rf180,0.001,8.0,4,0.028705546025551233,0.04029840485906881,0.04551226764703001,-0.0041244884922263594,-0.00913347277137519,0.019392430121734527,0.0324523488845224,0.04551226764731029,2.347136732527998e-14,0.0044017292654222155,0.010469136863147304,2.84310784394552e-08,0.3111830781990229,0.6223661279669673
screen,instant_RF_exact_pathways,original_rf90_exploratory,0.0,8.0,4,0.12786873241055505,0.14327063148558297,0.15665840660236208,0.0036990805223224565,-3.394194370009984e-10,0.06675095194006753,0.11170467894610128,0.15665840595213512,5.5290020019770504e-12,0.026526276454588445,0.053483312758104425,2.2924986031976418e-08,0.4580909953125937,0.9161819677002013
screen,instant_RF_exact_pathways,irregular_energy_matched,0.001,8.0,4,0.007900211419183066,0.030255168925400377,0.04547637488830582,-0.013482718211775904,-0.024251384380336555,0.019377136491309958,0.032426755690315515,0.04547637488932108,1.0165736064215544e-12,0.0024707543475325174,0.007301233776441527,3.016103826537791e-08,0.3240024071775981,0.648004784194158
screen,instant_RF_exact_pathways,original_flip160,0.0,8.0,4,0.04795438526455849,0.09768011132490914,0.13544496416632867,-0.03541503378714104,-0.07766697175665144,0.027022017780859216,0.07482289329624439,0.12262376881162959,0.004922006370643891,0.04311213360058559,0.20257728057876162,0.7067219355129665,0.8398392158106897,0.9729564961084127
screen,instant_RF_exact_pathways,geometric,0.0,8.0,4,0.05324168361274934,0.11528756202503383,0.15665839611053115,-0.011827146477550787,-0.06722888850385916,0.066750947240614,0.11170467108177976,0.1566583949229455,2.7713707120055174e-13,0.0062166408098037335,0.013687441740326375,9.798891438197681e-09,0.2608011612314432,0.521602312663995
screen,instant_RF_exact_pathways,increasing_rf90_exploratory,0.0,8.0,4,0.10352500190356857,0.13191692123802293,0.15665839258167494,-1.342717066699084e-08,-0.016945570213039926,0.06675094615324347,0.11170466926211467,0.15665839237098594,9.013880768328288e-13,0.017615569613654326,0.03538324378543215,9.413140600094017e-09,0.2847264893864734,0.5694529693598063
screen,instant_RF_exact_pathways,alternating,0.001,8.0,4,0.0024991282288771024,0.026713801301263364,0.049334965508186154,-0.014977129628559165,-0.033746379985350024,0.02102125252750903,0.03517810902140584,0.04933496551530265,7.118792969549771e-12,0.011087587993439806,0.024215136902977507,3.5465910569701224e-08,0.4322452598191651,0.8644904841724198
screen,instant_RF_exact_pathways,inc_alt_center_flip_train,0.0,8.0,4,0.029288126061791597,0.07133742709803026,0.11610928835093912,-0.056203046383475924,-0.09033091599560701,0.026293154727141492,0.07060078906947226,0.11490842341180309,0.0011567116964663817,0.002424236779474359,0.0034938834462717137,0.06128421075290526,0.30336199499321703,0.5454397792335287
screen,instant_RF_exact_pathways,high_low_energy_matched,0.001,8.0,4,0.004153509854705578,0.026028786370091123,0.04554788264257813,-0.014865389283537705,-0.033685508942220846,0.019407604850477583,0.03247774310217879,0.04554788135388,6.881233839719758e-12,0.012237172024392215,0.02653043772863104,2.861439062142554e-08,0.42285605283596844,0.8457120770575464
screen,instant_RF_exact_pathways,original_rf90_exploratory,0.001,8.0,4,0.04181998027379472,0.04669225910384255,0.049636756144796,0.0019904810721190803,-3.5483616045439703e-10,0.021149842941416676,0.035393299224445895,0.049636755507475115,1.7676036182282541e-12,0.008773046035979311,0.01769183097200961,6.878443227868702e-08,0.4603467966587494,0.9206935245330666
screen,instant_RF_exact_pathways,high_low_permutation_alternating,0.0,8.0,4,0.09790646131898478,0.1280974997472213,0.15665839071743265,-1.5292242416808932e-08,-0.020933963124942598,0.06675094544894973,0.11170466808351118,0.15665839071807264,6.396730312907836e-13,0.015096728019094839,0.0326129760378837,4.021243255539205e-09,0.2463760986334853,0.49275219324572744
screen,instant_RF_exact_pathways,weak_increasing_alternating_centering,0.001,8.0,4,0.018755082364192713,0.03365833113436791,0.04767642254769676,-0.007235844519260917,-0.01908393643273371,0.02031455970573125,0.03399549075940592,0.04767642181308059,1.8149786417481126e-13,0.00030229139917239755,0.0015964289239928555,2.016595334814382e-08,0.20545604268320938,0.4109120652004654
screen,instant_RF_exact_pathways,high_low_permutation,0.0,8.0,4,0.06012976670332623,0.11415073705081505,0.1566583928993185,-0.018720629027173405,-0.0488274902624746,0.06675094610028288,0.11170466917348759,0.1566583922466923,7.979272229494918e-13,0.0023410897090831773,0.007335412459761992,9.5688774514049e-09,0.1829431062451844,0.36588620292149143
screen,instant_RF_exact_pathways,high_low_permutation,0.001,8.0,4,0.017528363465562264,0.03313020387254009,0.04547876191292882,-0.009390613298787492,-0.017057372295966645,0.019378153298796344,0.03242845727134942,0.04547876124390253,2.168056508669357e-13,0.0006779138292737916,0.0023642252431861437,2.7550439976509738e-08,0.2190883728501621,0.43817671814988424
screen,instant_RF_exact_pathways,inc_alt_center_rf180,0.0,8.0,4,0.062339289787373194,0.11096152564780994,0.15665839168032708,-0.01615318280409131,-0.058131282329235305,0.0667509458593561,0.11170466877030756,0.15665839168125908,1.8966095021217828e-13,0.0006498828940462563,0.004560269866340431,5.57138924824071e-09,0.12907598221290234,0.2581519588544155
screen,instant_RF_exact_pathways,alternating_centering,0.001,8.0,4,0.002563130322518972,0.02654994046376892,0.04940593868416002,-0.014909642160881458,-0.03414507450205245,0.02105149365651492,0.03522871617393906,0.04940593869136321,7.206861971852223e-12,0.011249864406760497,0.023805420249576065,4.167301071169838e-08,0.4324918975023537,0.8649837533316966
screen,instant_RF_exact_pathways,increasing_taper,0.0,8.0,4,0.09671208647873251,0.11798409454128655,0.13370474913123734,-0.02335607117915118,-0.02542202958050685,0.03647524958435309,0.08401481532951724,0.1315543810746814,0.0003255161659805038,0.030950063378738003,0.06429420941725279,0.064806894959492,0.42583278328446256,0.7868586716094331
screen,instant_RF_exact_pathways,original_flip160,0.001,8.0,4,0.014606781901266238,0.03142854039783759,0.042758537662915014,-0.012211515871538204,-0.023352861954119765,0.008561846916257821,0.02370741383671638,0.03885298075717495,0.0003879427286493483,0.013723726376156311,0.06539997376595612,0.7081805694117601,0.8408400945257484,0.9734996196397365
screen,instant_RF_exact_pathways,inc_alt_center_rf90_exploratory,0.0,8.0,4,0.06844531233924563,0.11279582673799152,0.15665839188042377,-0.01431888176459311,-0.05202525977736287,0.06675094585935609,0.11170466877030755,0.15665839168125906,2.2306576046728627e-13,0.0009428424362815407,0.0021031536329770826,5.571389248240712e-09,0.12907598221290237,0.2581519588544155
screen,instant_RF_exact_pathways,alternating,0.0,8.0,4,0.011485705501155652,0.08585098869238646,0.15665840497462277,-0.04304265410721411,-0.10542699792005418,0.06675095153298499,0.11170467826486717,0.15665840499674932,2.2131032214160528e-11,0.029592814195728505,0.06643508958906799,1.1720616137231662e-08,0.42819306945395347,0.8563861271872909
screen,instant_RF_exact_pathways,decreasing,0.0,8.0,4,0.09804592069405238,0.12886404130219764,0.15665839275833568,-1.3337808177360522e-08,-0.019400881882955384,0.06675094615324341,0.11170466926211459,0.1566583923709858,2.4796387501148556e-13,0.016401607553210774,0.0341165556572743,1.295459377794275e-08,0.2812364204816115,0.5624728280086293
screen,instant_RF_exact_pathways,increasing_centering_rf90_exploratory,0.0,8.0,4,0.10426063919523676,0.13151867696581707,0.15665839352771818,-1.2441221067249764e-08,-0.01620993292137174,0.06675094656125671,0.11170466994490633,0.15665839332855588,1.1009369074277362e-13,0.017394444099487098,0.03497465753462551,1.0483816718859995e-08,0.2649081779641039,0.5298163454443912
screen,instant_RF_exact_pathways,inc_alt_rf180,0.0,8.0,4,0.06264771076381195,0.11079962041550816,0.1566583902682862,-0.01631508803639309,-0.057822861352796545,0.06675094525765861,0.11170466776339419,0.1566583902691298,2.770066988342396e-13,0.0008092540359140568,0.004241505777763072,5.738103582978197e-09,0.12634578811406758,0.2526915704900316
screen,instant_RF_exact_pathways,increasing_centering,0.001,8.0,4,0.02808637601240312,0.037849595742372406,0.0455122679513638,-0.004124487693233859,-0.007652094959514261,0.019392430121734527,0.0324523488845224,0.04551226764731028,2.1707833205559004e-14,0.004631969531741551,0.010755649736719695,2.8431078439455205e-08,0.3111830781990229,0.6223661279669674
screen,instant_RF_exact_pathways,high_low_alternating,0.001,8.0,4,0.010579744145318678,0.027032838108958474,0.04327262765644729,-0.013967990457034337,-0.027045968796567885,0.018438136606275104,0.030855382134738048,0.043272627663200995,6.755804177470832e-12,0.014969104155226008,0.030393163341171855,4.389119595034412e-08,0.41966807554171665,0.8393361071922374
screen,instant_RF_exact_pathways,quadratic,0.0,8.0,4,0.05484178133570909,0.11615816444508512,0.1566583963441744,-0.02136461966264288,-0.04481263950156518,0.06675094784569602,0.111704672094357,0.156658396343018,6.128561876538005e-13,0.0004536654896814455,0.007761945055308763,1.0105950064658867e-08,0.2877655041868527,0.5755309982677556
screen,instant_RF_exact_pathways,original_duration500,0.0,8.0,4,0.0975702842631995,0.13856453232084054,0.15665840572906448,-2.2348511929948245e-10,-7.267889392814642e-07,0.06675095184463735,0.11170467878640322,0.1566584057281691,8.777480465790559e-13,0.023365526190560336,0.17312636513743285,2.2931163009673908e-08,0.4580912222719258,0.9161824216126887
screen,instant_RF_exact_pathways,geometric,0.001,8.0,4,0.016380170554092324,0.032669452401747345,0.04626236700669086,-0.008224723251881482,-0.0214588482428341,0.01971204130096437,0.03298720364128316,0.046262365981601966,8.310062726812971e-14,0.00194718620443331,0.003954655412842517,2.7652664148987773e-08,0.31137250974973446,0.6227449918468049
screen,instant_RF_exact_pathways,centering,0.0,8.0,4,0.11016550519169209,0.1448448538125898,0.15665840757995753,0.0062803651479963335,9.878417805975204e-10,0.06675095235980205,0.1117046796485079,0.15665840693721378,3.6361771666585245e-12,0.029618416326098417,0.1856323577639108,2.6122174245886643e-08,0.4601890921994123,0.9203781582766505
screen,instant_RF_exact_pathways,increasing_centering_taper,0.0,8.0,4,0.09992169259336432,0.11546136272107392,0.13401165949686877,-0.02159781298970293,-0.025732795845492346,0.036475249807307014,0.08401481584305537,0.13155438187880375,0.0006584501218011245,0.031748473528874874,0.0630303430522367,0.036766534773708816,0.4001289117965622,0.7634912888194156
screen,instant_RF_exact_pathways,irregular_seeded,0.001,8.0,4,0.0077879779913052095,0.0302299372616206,0.04555164860866783,-0.01350794987555568,-0.024363617808214413,0.01940921004945247,0.03248042932957966,0.04555164860970683,1.0403920085844488e-12,0.002558602437257906,0.007413493392337648,2.9220346556705374e-08,0.32432216800653874,0.6486443067927312
screen,instant_RF_exact_pathways,inc_alt_rf90_exploratory,0.0,8.0,4,0.06828694606835946,0.11277534242342417,0.15665839047982222,-0.014339366079160448,-0.05218362604824904,0.06675094525765858,0.11170466776339419,0.15665839026912984,2.1790888444236755e-13,0.0009093185144101444,0.0021845618943878275,5.738103582978196e-09,0.12634578811406763,0.2526915704900317
screen,instant_RF_exact_pathways,irregular_energy_matched,0.0,8.0,4,0.03991734225121949,0.10433538421853462,0.1566583922352117,-0.028826841710710146,-0.06845819491070196,0.06675094609678027,0.11170466916762611,0.156658392238472,3.262112190911408e-12,0.007483931704850617,0.021251042946578435,9.976456645990988e-09,0.28895786664207046,0.5779157233076844
screen,instant_RF_exact_pathways,high_low,0.0,8.0,4,0.010616555419528995,0.08436617486615307,0.15665838768194335,-0.04274853358574818,-0.1098540166970795,0.06675094416517362,0.11170466593517031,0.15665838770516702,2.322778871687967e-11,0.03154477658724945,0.06320409567328651,1.5328141374535737e-08,0.42474536830284654,0.8494907212775518
screen,instant_RF_exact_pathways,inc_alt_center_rf90_exploratory,0.001,8.0,4,0.020001468623362058,0.03273109282989494,0.04503620386957404,-0.008163082823733887,-0.017837550173564365,0.01918958288713751,0.032112893272921404,0.04503620365870532,6.528525394825507e-14,0.00028865552732693854,0.0006074755551532314,1.5872982269010163e-08,0.1586688513757398,0.31733768687849745
screen,instant_RF_exact_pathways,ramp_modulated,0.0,8.0,4,0.0012309795090502684,0.14229072104229756,0.15665839733551132,-8.812989851780806e-09,-0.09634003154308851,0.06675094805679349,0.11170467244761899,0.1566583968384445,4.755871380916685e-12,0.026867427730069237,0.06061291986772306,7.488160232937509e-09,0.32402986271766243,0.6480597179471648
screen,instant_RF_exact_pathways,original_flip_train,0.001,8.0,4,0.02103007116672704,0.03509243913166911,0.046886921338988405,-0.006935679400771107,-0.02390407374013621,0.008330909558721485,0.022369654558986783,0.03640839955925211,0.006451197597402478,0.020644371060955576,0.062543491307051,0.7185765069460267,0.8468389860495524,0.975101465153078
screen,instant_RF_exact_pathways,increasing_centering_rf180,0.0,8.0,4,0.09638478213899783,0.13187762723119584,0.15665839332760556,-1.3394867229288288e-08,-0.02408578997761067,0.06675094656125673,0.11170466994490633,0.15665839332855588,8.419932228550844e-14,0.014631293168396762,0.03446035656813,1.0483816718859995e-08,0.2649081779641039,0.529816345444391
screen,instant_RF_exact_pathways,increasing_taper,0.001,8.0,4,0.028939399664584906,0.03546417069163822,0.03888764298538252,-0.009824365812192568,-0.011522947030446672,0.010597362865971795,0.024409304783658943,0.03822124670134609,0.00010891829248570234,0.00939591001015038,0.019323301784227552,0.06735066545104774,0.4459338813081719,0.8245170971652961
screen,instant_RF_exact_pathways,alternating_centering,0.0,8.0,4,0.012385469277012891,0.08515928054857737,0.15665840616603338,-0.042592771817280634,-0.10681041501168208,0.06675095204075707,0.11170467911460064,0.1566584061884442,2.241837537320021e-11,0.03026650762693157,0.06508770270240906,1.4023608963382413e-08,0.42802550930349215,0.8560510045833754
screen,instant_RF_exact_pathways,increasing_rf180,0.0,8.0,4,0.0979734117558808,0.1302977947113091,0.1566583923703656,-1.4268061759858952e-08,-0.0224971603607277,0.06675094615324348,0.1117046692621147,0.15665839237098594,2.4782148490398927e-13,0.01546939695705395,0.03278413565165045,9.413140600094017e-09,0.2847264893864733,0.5694529693598063
screen,instant_RF_exact_pathways,inc_alt_center_flip160,0.0,8.0,4,0.029267069365854558,0.07480855434742704,0.12302334311242796,-0.052687830740878544,-0.09044014947794524,0.027022015319274954,0.07482288648021543,0.12262375764115588,0.0003704547868372085,0.0022674514992780358,0.0029975156678045106,0.055753523527440625,0.28774002125816706,0.5197265189888934
screen,instant_RF_exact_pathways,increasing,0.001,8.0,4,0.029691236238235285,0.03779729175794183,0.04551485891977866,-0.004121896695396719,-0.008147782558691138,0.019393534138730455,0.03245419640669994,0.04551485867466945,7.814128656983976e-14,0.00489005386370267,0.010250478247504358,2.594324019200811e-08,0.3207391647492411,0.6414783035552419
screen,instant_RF_exact_pathways,original_rf180,0.0,8.0,4,0.09921005756368508,0.13894271400914138,0.15665840590504237,-1.7451015216218835e-09,-0.021260514552923424,0.06675095194006754,0.11170467894610131,0.15665840595213512,9.292575007892034e-13,0.023538836352915146,0.1729262290637325,2.2924986031976418e-08,0.4580909953125937,0.9161819677002013
screen,instant_RF_exact_pathways,weak_increasing_centering,0.0,8.0,4,0.09314419770851597,0.1272174261234382,0.1566584039839545,-0.00221340874674434,-0.02269412167289668,0.06675095017265037,0.11170467598840914,0.1566584018041679,9.630864722130017e-14,0.015175988741742483,0.03518827607257767,1.4382259653057855e-08,0.2880226659211094,0.5760453174599593
screen,instant_RF_exact_pathways,increasing_rf90_exploratory,0.001,8.0,4,0.03184249798193165,0.04011327942917896,0.045514858858944525,-0.0041218967398966334,-0.005996520814994771,0.019393534138730444,0.03245419640669994,0.04551485867466945,2.633877025410943e-13,0.005357521282270839,0.010770890097073096,2.594324019200811e-08,0.32073916474924113,0.6414783035552422
screen,instant_RF_exact_pathways,increasing_alternating_centering,0.0,8.0,4,0.06548202871327181,0.11267998259570663,0.15665839168126905,-0.0160444985842697,-0.05176899794718651,0.0667509458593561,0.1117046687703076,0.15665839168125903,7.982056488156754e-15,0.0007598745472626068,0.0018026191672599714,5.5713892482407125e-09,0.12907598221290234,0.2581519588544155
screen,instant_RF_exact_pathways,increasing_centering,0.0,8.0,4,0.09706460288255078,0.1295574293478992,0.15665839359810263,-0.0002532103969915406,-0.018014106749445466,0.06675094656125674,0.11170466994490633,0.1566583933285559,7.426100095462577e-14,0.015451777752782631,0.03550645864672994,1.0483816718859993e-08,0.2649081779641039,0.5298163454443912
screen,instant_RF_exact_pathways,inc_alt_center_duration500,0.0,8.0,4,0.06547789122214626,0.11267808326541057,0.15665839221020372,-0.016046567065127332,-0.05177279713718892,0.06675094608473142,0.11170466914746288,0.15665839221019434,7.222579505937216e-15,0.0007619439576311254,0.0017987302113477894,5.574847993007461e-09,0.12911606309920623,0.2582321206235645
screen,instant_RF_exact_pathways,original_taper,0.001,8.0,4,0.004843754302751648,0.024497028157578753,0.04739216448044486,-0.012967702645905542,-0.04479300117467449,0.011557076632097388,0.026619849625683166,0.04168262261926895,0.005529740641968289,0.017486824927980895,0.03698091253720588,0.5056849619929149,0.7355567532310383,0.9654285444691615
screen,instant_RF_exact_pathways,original,0.001,8.0,4,0.03215159579951962,0.04373788713717628,0.04963675550773804,0.0,0.0,0.02114984294141668,0.035393299224445895,0.0496367555074751,2.580849971402978e-13,0.007342143276342797,0.05711542048769598,6.878443227868703e-08,0.46034679665874945,0.9206935245330666
screen,instant_RF_exact_pathways,inc_alt_rf180,0.001,8.0,4,0.01796097182575688,0.031510401017951606,0.044908272699331876,-0.009383774620521278,-0.019878046971169544,0.019135072481174253,0.03202167259036373,0.04490827269955324,1.1043009125093781e-13,0.0003544161643171842,0.0011996914268995317,1.681286690953181e-08,0.1588624573835111,0.31772489795415537
screen,instant_RF_exact_pathways,centering,0.001,8.0,4,0.03620611118512122,0.04577840290062936,0.049642646862832804,0.0020302033855041333,5.890642797608259e-06,0.021152352899006552,0.03539749952419585,0.04964264614938518,1.1449921883215713e-12,0.009373832929742705,0.061214333893786256,7.807714537954325e-08,0.4624359459791197,0.924871813881094
screen,instant_RF_exact_pathways,increasing_rf180,0.001,8.0,4,0.02901918286793642,0.039303320073266576,0.045514858674494243,-0.004121897408140965,-0.008819835928990001,0.019393534138730455,0.032454196406699935,0.04551485867466944,8.24390001014802e-14,0.004674170100893364,0.009932826554939322,2.5943240192008115e-08,0.320739164749241,0.6414783035552419
screen,instant_RF_exact_pathways,original_rf180,0.001,8.0,4,0.03396190061728422,0.04421381324127491,0.04963675549236967,-1.6919880982402269e-09,-0.0038771181796422027,0.021149842941416683,0.03539329922444588,0.049636755507475094,2.7323845217559807e-13,0.00737783500133071,0.057050016896007825,6.878443227868704e-08,0.4603467966587494,0.9206935245330665
screen,instant_RF_exact_pathways,weak_increasing_centering,0.001,8.0,4,0.022909926554460603,0.03957414639997819,0.048042424126507936,-0.004163740752354041,-0.00924166924505902,0.02047050965266597,0.034256465895305795,0.04804242213794564,2.7186945877576603e-14,0.004677047633854799,0.011057843387708054,4.1399802310601195e-08,0.3477954280489667,0.6955908146981311
screen,instant_RF_exact_pathways,decreasing,0.001,8.0,4,0.02736773191122678,0.03761623392613187,0.04551485899348915,-0.004452880391428788,-0.008121409557835982,0.019393534112558432,0.03245419636290227,0.045514858613246105,7.372004076380021e-14,0.0048455264897475,0.010247849131795637,3.92223256483073e-08,0.30753211542783676,0.615064191633348
screen,instant_RF_exact_pathways,high_low_energy_matched,0.0,8.0,4,0.0062298509324679495,0.08534896865371903,0.15665839396349826,-0.04567058680534507,-0.10643102727118159,0.06675094620165614,0.11170466934313107,0.15665839248460606,2.2585289146645488e-11,0.029703108348448706,0.066710664231425,9.901051084927383e-09,0.4255019608515383,0.8510039118020255
screen,instant_RF_exact_pathways,increasing_alternating,0.001,8.0,4,0.018751540867469253,0.032105960065943455,0.044908272699496474,-0.009064269003926931,-0.01853537106666216,0.019135072481174253,0.032021672590363745,0.04490827269955324,5.701011438045085e-14,7.305830213135652e-05,0.00036995679439048303,1.681286690953181e-08,0.15886245738351107,0.31772489795415526
screen,instant_RF_exact_pathways,increasing_alternating,0.0,8.0,4,0.06554325036215997,0.1125449479310786,0.15665839026906309,-0.01601388831225728,-0.052039066171579274,0.06675094525765861,0.11170466776339422,0.1566583902691298,6.733685682958209e-14,0.0006300848730682269,0.0015430615397098357,5.738103582978197e-09,0.12634578811406758,0.2526915704900316
screen,instant_RF_exact_pathways,original_flip_train,0.0,8.0,4,0.06691755216756712,0.1093678057603793,0.1480713786994609,-0.019620243069070606,-0.07849091145659312,0.02629315712232982,0.07060079550088713,0.11490843387944448,0.022602119358244178,0.06436594537525824,0.19458008143808253,0.7171646404962827,0.8456979675867646,0.9742312946772465
screen,instant_RF_exact_pathways,increasing_alternating_centering,0.001,8.0,4,0.018919499178171994,0.03222764132274851,0.04503620365866576,-0.008916324484191376,-0.018419939281820417,0.019189582887137506,0.03211289327292141,0.04503620365870532,4.0325692805203664e-14,0.00010186891751081169,0.000422373524185364,1.5872982269010163e-08,0.15866885137573986,0.3173376868784975
screen,instant_RF_exact_pathways,high_low_permutation_alternating,0.001,8.0,4,0.02596799281972071,0.03559974873791101,0.04503715288600412,-0.005294426900561868,-0.011871025977205713,0.019189987345743894,0.03211357011598448,0.04503715288622506,2.211418349399352e-13,0.0031888560304053726,0.00674540809640723,1.131768027561391e-08,0.24176408112561482,0.4835281509335495
screen,instant_RF_exact_pathways,original,0.0,8.0,4,0.09757101105213878,0.1385644889841361,0.15665840595303046,0.0,0.0,0.06675095194006753,0.11170467894610131,0.15665840595213512,8.777067941569146e-13,0.023365449711890984,0.17312642447230486,2.2924986031976418e-08,0.4580909953125937,0.9161819677002013
timing_transfer_heldout,instant_RF_exact_pathways,high_low_permutation_alternating_centering,0.001,8.0,4,0.03887055236051813,0.04049247705060685,0.0421005683776194,0.005853666713384524,-0.003129763802764113,0.03828816381738848,0.03977336342841663,0.04125859486458884,0.00042822043481789603,0.000534395915497032,0.0006524253585826855,0.09529307805694487,0.09630575054857013,0.09733586438676488
timing_transfer_heldout,instant_RF_exact_pathways,high_low_permutation_alternating_centering,0.001,4.0,1,0.11182499900913485,0.11182499900913485,0.11182499900913485,-0.004491020685733871,-0.004491020685733871,0.11169942076537676,0.11169942076537676,0.11169942076537676,0.0005624536025598261,0.0005624536025598261,0.0005624536025598261,0.013082629340832205,0.013082629340832205,0.013082629340832205
timing_transfer_heldout,instant_RF_exact_pathways,high_low_permutation_alternating_centering,0.001,6.0,1,0.18076113107474287,0.18076113107474287,0.18076113107474287,0.05781621349133427,0.05781621349133427,0.18186806937601077,0.18186806937601077,0.18186806937601077,0.0014401724497742712,0.0014401724497742712,0.0014401724497742712,0.04092112456431686,0.04092112456431686,0.04092112456431686
timing_transfer,instant_RF_exact_pathways,high_low_permutation_alternating_centering,0.0,8.0,4,0.09748381359767155,0.12827838185180868,0.15665839213197466,,,0.06675094605163553,0.11170466909207842,0.1566583921325213,5.448970899219381e-13,0.01490619211599794,0.03299407880531345,4.1854629120081175e-09,0.2511934359103903,0.5023868676353178
timing_transfer,instant_RF_exact_pathways,high_low_permutation_alternating_centering,0.001,8.0,6,0.02614053564711118,0.040485560369068765,0.045166119696264315,,,0.01924493911995738,0.03977336342841663,0.045166119696470025,2.0577412685607677e-13,0.000534395915497032,0.00686758981166895,1.0812430524626204e-08,0.09630575054857013,0.49866578270027956
timing_transfer_robust,instant_RF_exact_pathways,high_low_permutation_alternating_centering,0.001,8.0,18,0.01976188816765052,0.0263797873899325,0.08478474347213928,-0.0075902001141874825,-0.030015640950994904,0.006350128300170366,0.01924535222315536,0.05860254765034674,2.0577412685607677e-13,0.0071498918691754,0.024092458171424004,1.0812430524626204e-08,0.4994392638217543,0.8294979876612186
