stage,variant,b,direction,phase,b1,b0,etl,seqid,case_id,echo,n,seed,rf_dt_s,total_real,total_imag,total_abs,total_phase_deg,peak,peak_offset_us,elapsed_s,model,cache,actual_excitation_phase_deg
timing_transfer_robust,high_low_permutation_alternating_centering,1000,read,45,0.8,0,8,346754e6d6faa501,07162c025ce9802f,1,4096,1,1e-05,0.20066135316715128,0.20412717667520464,0.28623920575676287,45.4905578904452,0.286393404686585,-50.000000000001435,1.0802257000468671,finite_RF_static_Bloch,runs\combined_factor_study\cases\07162c025ce9802f,45.0
timing_transfer_robust,high_low_permutation_alternating_centering,1000,read,45,0.8,0,8,346754e6d6faa501,07162c025ce9802f,2,4096,1,1e-05,-0.14441959878312138,0.14349218436638778,0.20358543043871086,135.1845591297996,0.20380934691418903,-50.00000000000837,1.0803196000633761,finite_RF_static_Bloch,runs\combined_factor_study\cases\07162c025ce9802f,45.0
timing_transfer_robust,high_low_permutation_alternating_centering,1000,read,45,0.8,0,8,346754e6d6faa501,07162c025ce9802f,3,4096,1,1e-05,0.09888324373989045,0.1058913421860414,0.14488227028344047,46.96009581154332,0.14490101993631024,-49.99999999999449,1.0803642000537366,finite_RF_static_Bloch,runs\combined_factor_study\cases\07162c025ce9802f,45.0
timing_transfer_robust,high_low_permutation_alternating_centering,1000,read,45,0.8,0,8,346754e6d6faa501,07162c025ce9802f,4,4096,1,1e-05,-0.07678930403051427,0.07671826522146606,0.10854625480449322,135.02651480750674,0.10860262870131884,-50.00000000000837,1.0804082000395283,finite_RF_static_Bloch,runs\combined_factor_study\cases\07162c025ce9802f,45.0
timing_transfer_robust,high_low_permutation_alternating_centering,1000,read,45,0.8,0,8,346754e6d6faa501,07162c025ce9802f,5,4096,1,1e-05,0.06724342807167505,0.06625586830812431,0.09440084058997593,44.57616275209985,0.09444997486269743,-49.99999999999449,1.0804505000123754,finite_RF_static_Bloch,runs\combined_factor_study\cases\07162c025ce9802f,45.0
timing_transfer_robust,high_low_permutation_alternating_centering,1000,read,45,0.8,0,8,346754e6d6faa501,07162c025ce9802f,6,4096,1,1e-05,-0.05649594143321725,0.05254274580846452,0.07715265086514156,137.07634803016487,0.07727860924799121,-49.99999999999449,1.0804896000772715,finite_RF_static_Bloch,runs\combined_factor_study\cases\07162c025ce9802f,45.0
timing_transfer_robust,high_low_permutation_alternating_centering,1000,read,45,0.8,0,8,346754e6d6faa501,07162c025ce9802f,7,4096,1,1e-05,0.04724242731509432,0.04865677124676896,0.06781834800982971,45.844950371423174,0.06781834800982971,0.0,1.080531100044027,finite_RF_static_Bloch,runs\combined_factor_study\cases\07162c025ce9802f,45.0
timing_transfer_robust,high_low_permutation_alternating_centering,1000,read,45,0.8,0,8,346754e6d6faa501,07162c025ce9802f,8,4096,1,1e-05,-0.04213216181105489,0.04206036049376821,0.05953312509635833,135.0488631452536,0.05953312509635834,0.0,1.0805701001081616,finite_RF_static_Bloch,runs\combined_factor_study\cases\07162c025ce9802f,45.0
timing_transfer_robust,high_low_permutation_alternating_centering,1000,slice,90,1.2,100,8,11e2e9c194fba4fa,0d4fabe3e55defa1,1,4096,1,1e-05,0.15998313617700183,0.00016428734099324107,0.1599832205306529,0.058837251116062014,0.15998322053065292,0.0,1.049853099975735,finite_RF_static_Bloch,runs\combined_factor_study\cases\0d4fabe3e55defa1,90.0
timing_transfer_robust,high_low_permutation_alternating_centering,1000,slice,90,1.2,100,8,11e2e9c194fba4fa,0d4fabe3e55defa1,2,4096,1,1e-05,-0.08228622618381479,-0.005199101630498436,0.08245031035319501,-176.38467890971694,0.08298602044639346,-149.99999999999736,1.0499153999844566,finite_RF_static_Bloch,runs\combined_factor_study\cases\0d4fabe3e55defa1,90.0
timing_transfer_robust,high_low_permutation_alternating_centering,1000,slice,90,1.2,100,8,11e2e9c194fba4fa,0d4fabe3e55defa1,3,4096,1,1e-05,0.05015378551048488,-0.0022488813164204388,0.05020417978821154,-2.567406519130397,0.050259762720690375,-49.99999999999449,1.0499404999427497,finite_RF_static_Bloch,runs\combined_factor_study\cases\0d4fabe3e55defa1,90.0
timing_transfer_robust,high_low_permutation_alternating_centering,1000,slice,90,1.2,100,8,11e2e9c194fba4fa,0d4fabe3e55defa1,4,4096,1,1e-05,-0.04065150076341123,0.001910848583614188,0.04069638628462144,177.30875790150216,0.040847885627038734,100.00000000000287,1.0499631999991834,finite_RF_static_Bloch,runs\combined_factor_study\cases\0d4fabe3e55defa1,90.0
timing_transfer_robust,high_low_permutation_alternating_centering,1000,slice,90,1.2,100,8,11e2e9c194fba4fa,0d4fabe3e55defa1,5,4096,1,1e-05,0.04083737337410711,-0.001633145603728528,0.04087001625469716,-2.2901207056056987,0.04091599832164652,-49.99999999999449,1.049985299934633,finite_RF_static_Bloch,runs\combined_factor_study\cases\0d4fabe3e55defa1,90.0
timing_transfer_robust,high_low_permutation_alternating_centering,1000,slice,90,1.2,100,8,11e2e9c194fba4fa,0d4fabe3e55defa1,6,4096,1,1e-05,-0.026681124052163413,-0.00217638946678081,0.026769741347238443,-175.33668592755046,0.02725176596522005,-199.99999999997797,1.0500071999849752,finite_RF_static_Bloch,runs\combined_factor_study\cases\0d4fabe3e55defa1,90.0
timing_transfer_robust,high_low_permutation_alternating_centering,1000,slice,90,1.2,100,8,11e2e9c194fba4fa,0d4fabe3e55defa1,7,4096,1,1e-05,0.017722698760823274,0.0014029423988975703,0.01777814103728259,4.5261392672954965,0.01871179765516264,-299.9999999999947,1.050029799924232,finite_RF_static_Bloch,runs\combined_factor_study\cases\0d4fabe3e55defa1,90.0
timing_transfer_robust,high_low_permutation_alternating_centering,1000,slice,90,1.2,100,8,11e2e9c194fba4fa,0d4fabe3e55defa1,8,4096,1,1e-05,-0.013813675285253854,-0.004285810536793984,0.014463256785514371,-162.7630510065073,0.014656053358312075,99.99999999998899,1.0500512999715284,finite_RF_static_Bloch,runs\combined_factor_study\cases\0d4fabe3e55defa1,90.0
timing_transfer_robust,high_low_permutation_alternating_centering,1000,read,45,1.2,0,8,346754e6d6faa501,0dd434eb18fa2d2a,1,4096,1,1e-05,0.10393212598622521,0.10272264549287394,0.146129492947424,44.664671006845104,0.146129492947424,0.0,1.2746457000030205,finite_RF_static_Bloch,runs\combined_factor_study\cases\0dd434eb18fa2d2a,45.0
timing_transfer_robust,high_low_permutation_alternating_centering,1000,read,45,1.2,0,8,346754e6d6faa501,0dd434eb18fa2d2a,2,4096,1,1e-05,-0.060241638178230195,0.05952791374762159,0.08469136606255137,135.3414299619635,0.08480431495071576,-50.00000000000837,1.2747791999718174,finite_RF_static_Bloch,runs\combined_factor_study\cases\0dd434eb18fa2d2a,45.0
timing_transfer_robust,high_low_permutation_alternating_centering,1000,read,45,1.2,0,8,346754e6d6faa501,0dd434eb18fa2d2a,3,4096,1,1e-05,0.03756582813781564,0.045589187565626556,0.05907254410107779,50.51122472126276,0.059277842118996116,-49.99999999999449,1.2748324000276625,finite_RF_static_Bloch,runs\combined_factor_study\cases\0dd434eb18fa2d2a,45.0
timing_transfer_robust,high_low_permutation_alternating_centering,1000,read,45,1.2,0,8,346754e6d6faa501,0dd434eb18fa2d2a,4,4096,1,1e-05,-0.028049354099172405,0.025916114303694705,0.03818915089371495,137.2637074596222,0.038247986431795715,-50.00000000000837,1.2748772000195459,finite_RF_static_Bloch,runs\combined_factor_study\cases\0dd434eb18fa2d2a,45.0
timing_transfer_robust,high_low_permutation_alternating_centering,1000,read,45,1.2,0,8,346754e6d6faa501,0dd434eb18fa2d2a,5,4096,1,1e-05,0.023331656489572222,0.026255233025785443,0.035124115017829166,48.374176289988064,0.03527199921966471,-100.00000000000287,1.2749226000159979,finite_RF_static_Bloch,runs\combined_factor_study\cases\0dd434eb18fa2d2a,45.0
timing_transfer_robust,high_low_permutation_alternating_centering,1000,read,45,1.2,0,8,346754e6d6faa501,0dd434eb18fa2d2a,6,4096,1,1e-05,-0.020461444543455845,0.01696759533852841,0.02658138454589922,140.33287539777317,0.02667684939502655,-49.99999999999449,1.2749711000360548,finite_RF_static_Bloch,runs\combined_factor_study\cases\0dd434eb18fa2d2a,45.0
timing_transfer_robust,high_low_permutation_alternating_centering,1000,read,45,1.2,0,8,346754e6d6faa501,0dd434eb18fa2d2a,7,4096,1,1e-05,0.021027797725578116,0.01748965288982218,0.027350616727859968,39.75163981358039,0.027674085917906172,-500.00000000000045,1.2750156000256538,finite_RF_static_Bloch,runs\combined_factor_study\cases\0dd434eb18fa2d2a,45.0
timing_transfer_robust,high_low_permutation_alternating_centering,1000,read,45,1.2,0,8,346754e6d6faa501,0dd434eb18fa2d2a,8,4096,1,1e-05,-0.0154586566600675,0.011870944665890913,0.019490751473314034,142.4787767320434,0.019736838643884303,-599.9999999999894,1.2750623000320047,finite_RF_static_Bloch,runs\combined_factor_study\cases\0dd434eb18fa2d2a,45.0
timing_transfer_robust,high_low_permutation_alternating_centering,1000,read,45,0.7,0,8,346754e6d6faa501,134f560ea3f744a2,1,4096,1,1e-05,0.18597701781128417,0.19143807751949807,0.2669007094002188,45.828991321573255,0.26701453447517265,-50.000000000001435,2.708528400049545,finite_RF_static_Bloch,runs\combined_factor_study\cases\134f560ea3f744a2,45.0
timing_transfer_robust,high_low_permutation_alternating_centering,1000,read,45,0.7,0,8,346754e6d6faa501,134f560ea3f744a2,2,4096,1,1e-05,-0.12436790408105075,0.12702774875884373,0.1777735203011218,134.3938153415459,0.17799351887061995,-100.00000000000287,2.7086438999976963,finite_RF_static_Bloch,runs\combined_factor_study\cases\134f560ea3f744a2,45.0
timing_transfer_robust,high_low_permutation_alternating_centering,1000,read,45,0.7,0,8,346754e6d6faa501,134f560ea3f744a2,3,4096,1,1e-05,0.08125885252415,0.08531589170738263,0.11782106132337884,46.395201155485715,0.11787742426254168,-49.99999999999449,2.7087011000839993,finite_RF_static_Bloch,runs\combined_factor_study\cases\134f560ea3f744a2,45.0
timing_transfer_robust,high_low_permutation_alternating_centering,1000,read,45,0.7,0,8,346754e6d6faa501,134f560ea3f744a2,4,4096,1,1e-05,-0.05901365588005816,0.05891049487739172,0.08338499857305941,135.0501227994212,0.08338499857305941,0.0,2.708795399987139,finite_RF_static_Bloch,runs\combined_factor_study\cases\134f560ea3f744a2,45.0
timing_transfer_robust,high_low_permutation_alternating_centering,1000,read,45,0.7,0,8,346754e6d6faa501,134f560ea3f744a2,5,4096,1,1e-05,0.05308262800872611,0.05657297301222333,0.07757748817636817,46.82311290473146,0.07765651141494061,-49.99999999999449,2.708848200039938,finite_RF_static_Bloch,runs\combined_factor_study\cases\134f560ea3f744a2,45.0
timing_transfer_robust,high_low_permutation_alternating_centering,1000,read,45,0.7,0,8,346754e6d6faa501,134f560ea3f744a2,6,4096,1,1e-05,-0.052895321817932696,0.04891141214896317,0.0720433293832844,137.24095984996686,0.07252940520523975,-599.9999999999894,2.708898700075224,finite_RF_static_Bloch,runs\combined_factor_study\cases\134f560ea3f744a2,45.0
timing_transfer_robust,high_low_permutation_alternating_centering,1000,read,45,0.7,0,8,346754e6d6faa501,134f560ea3f744a2,7,4096,1,1e-05,0.04875666337737759,0.0464746500378485,0.06735803827187521,43.6272927381297,0.06737270392757067,49.99999999999449,2.7089484999887645,finite_RF_static_Bloch,runs\combined_factor_study\cases\134f560ea3f744a2,45.0
timing_transfer_robust,high_low_permutation_alternating_centering,1000,read,45,0.7,0,8,346754e6d6faa501,134f560ea3f744a2,8,4096,1,1e-05,-0.04132157395609375,0.038008317131638734,0.05614360734213779,137.39159999605084,0.05630114505426766,-150.00000000001123,2.708989900071174,finite_RF_static_Bloch,runs\combined_factor_study\cases\134f560ea3f744a2,45.0
timing_transfer_robust,high_low_permutation_alternating_centering,1000,read,0,0.7,0,8,1a71dc69e9c7763f,168648989897dad5,1,4096,1,1e-05,-0.00590206667592787,0.27226254016453016,0.27232650471059455,91.24185484603007,0.2723863964300917,-50.000000000001435,0.9780392000684515,finite_RF_static_Bloch,runs\combined_factor_study\cases\168648989897dad5,0.0
timing_transfer_robust,high_low_permutation_alternating_centering,1000,read,0,0.7,0,8,1a71dc69e9c7763f,168648989897dad5,2,4096,1,1e-05,0.0016541128161381789,0.17845185209812725,0.17845951811674376,89.46892695172997,0.1787257309949427,-100.00000000000287,0.9781883000396192,finite_RF_static_Bloch,runs\combined_factor_study\cases\168648989897dad5,0.0
timing_transfer_robust,high_low_permutation_alternating_centering,1000,read,0,0.7,0,8,1a71dc69e9c7763f,168648989897dad5,3,4096,1,1e-05,-0.0029222869319879335,0.11826473532636808,0.11830083424358749,91.41547387644759,0.11838567696559257,-49.99999999999449,0.9782586999936029,finite_RF_static_Bloch,runs\combined_factor_study\cases\168648989897dad5,0.0
timing_transfer_robust,high_low_permutation_alternating_centering,1000,read,0,0.7,0,8,1a71dc69e9c7763f,168648989897dad5,4,4096,1,1e-05,0.0009161442912402032,0.0795856813408059,0.07959095422749166,89.34047328580381,0.07959095422749166,0.0,0.9783050999976695,finite_RF_static_Bloch,runs\combined_factor_study\cases\168648989897dad5,0.0
timing_transfer_robust,high_low_permutation_alternating_centering,1000,read,0,0.7,0,8,1a71dc69e9c7763f,168648989897dad5,5,4096,1,1e-05,-0.0006498452306755854,0.07764872470089655,0.07765144394342872,90.47949943735297,0.07781586787429734,-49.99999999999449,0.9783492999849841,finite_RF_static_Bloch,runs\combined_factor_study\cases\168648989897dad5,0.0
timing_transfer_robust,high_low_permutation_alternating_centering,1000,read,0,0.7,0,8,1a71dc69e9c7763f,168648989897dad5,6,4096,1,1e-05,-0.0023204340350000035,0.07075651435531304,0.07079455302369247,91.87832097660086,0.07085444789969628,-49.99999999999449,0.9783976000035182,finite_RF_static_Bloch,runs\combined_factor_study\cases\168648989897dad5,0.0
timing_transfer_robust,high_low_permutation_alternating_centering,1000,read,0,0.7,0,8,1a71dc69e9c7763f,168648989897dad5,7,4096,1,1e-05,0.001030624015429588,0.06664211647533422,0.06665008532757623,89.11398823307702,0.06665008532757623,0.0,0.9784450000151992,finite_RF_static_Bloch,runs\combined_factor_study\cases\168648989897dad5,0.0
timing_transfer_robust,high_low_permutation_alternating_centering,1000,read,0,0.7,0,8,1a71dc69e9c7763f,168648989897dad5,8,4096,1,1e-05,-0.002455492001298156,0.054414651405320896,0.054470025964111955,92.58375171325656,0.05458220252632451,-99.99999999998899,0.9785006999736652,finite_RF_static_Bloch,runs\combined_factor_study\cases\168648989897dad5,0.0
timing_transfer_robust,high_low_permutation_alternating_centering,0,oblique,45,0.8,100,8,6a2e3fc8cfdbc4ad,189d6ba090229d7e,1,4096,1,1e-05,0.2128770940937687,0.214728911166706,0.30236594133705996,45.24812710325573,0.3027967423703996,-50.000000000001435,2.132866899948567,finite_RF_static_Bloch,runs\combined_factor_study\cases\189d6ba090229d7e,45.0
timing_transfer_robust,high_low_permutation_alternating_centering,0,oblique,45,0.8,100,8,6a2e3fc8cfdbc4ad,189d6ba090229d7e,2,4096,1,1e-05,-0.1452573071511991,0.15160347900403193,0.20996023463252214,133.77534014126593,0.20998429025799983,-49.99999999999449,2.132947099977173,finite_RF_static_Bloch,runs\combined_factor_study\cases\189d6ba090229d7e,45.0
timing_transfer_robust,high_low_permutation_alternating_centering,0,oblique,45,0.8,100,8,6a2e3fc8cfdbc4ad,189d6ba090229d7e,3,4096,1,1e-05,0.11142989429011899,0.1034910741643515,0.15207571723716576,42.88455178088672,0.1522898315045081,-100.00000000000287,2.1329775999765843,finite_RF_static_Bloch,runs\combined_factor_study\cases\189d6ba090229d7e,45.0
timing_transfer_robust,high_low_permutation_alternating_centering,0,oblique,45,0.8,100,8,6a2e3fc8cfdbc4ad,189d6ba090229d7e,4,4096,1,1e-05,-0.0719739084530816,0.08418463151880158,0.1107578244728966,130.52888885444682,0.11095920720521434,-100.00000000000287,2.133004199946299,finite_RF_static_Bloch,runs\combined_factor_study\cases\189d6ba090229d7e,45.0
timing_transfer_robust,high_low_permutation_alternating_centering,0,oblique,45,0.8,100,8,6a2e3fc8cfdbc4ad,189d6ba090229d7e,5,4096,1,1e-05,0.07380068951060177,0.07247156932217935,0.10343437596978915,44.479389447627135,0.10343437596978915,0.0,2.133029899909161,finite_RF_static_Bloch,runs\combined_factor_study\cases\189d6ba090229d7e,45.0
timing_transfer_robust,high_low_permutation_alternating_centering,0,oblique,45,0.8,100,8,6a2e3fc8cfdbc4ad,189d6ba090229d7e,6,4096,1,1e-05,-0.055224511567518744,0.05982894318386115,0.08142020093544781,132.70824967319763,0.08149250704310336,-49.99999999999449,2.1330549999838695,finite_RF_static_Bloch,runs\combined_factor_study\cases\189d6ba090229d7e,45.0
timing_transfer_robust,high_low_permutation_alternating_centering,0,oblique,45,0.8,100,8,6a2e3fc8cfdbc4ad,189d6ba090229d7e,7,4096,1,1e-05,0.048075644635719963,0.04786848707929012,0.06784290428924895,44.876290138635255,0.06794708364181216,-99.99999999998899,2.1330793999368325,finite_RF_static_Bloch,runs\combined_factor_study\cases\189d6ba090229d7e,45.0
timing_transfer_robust,high_low_permutation_alternating_centering,0,oblique,45,0.8,100,8,6a2e3fc8cfdbc4ad,189d6ba090229d7e,8,4096,1,1e-05,-0.04034195718416338,0.04166044232122511,0.05799194740521304,134.0788425061371,0.05799194740521304,0.0,2.1331070999149233,finite_RF_static_Bloch,runs\combined_factor_study\cases\189d6ba090229d7e,45.0
timing_transfer_robust,high_low_permutation_alternating_centering,1000,read,45,0.8,100,8,346754e6d6faa501,1f4385f31f097453,1,4096,1,1e-05,0.2100934330296364,0.19962506304596528,0.28980927590103794,43.53640253446312,0.29008616821409405,-50.000000000001435,0.9245354000013322,finite_RF_static_Bloch,runs\combined_factor_study\cases\1f4385f31f097453,45.0
timing_transfer_robust,high_low_permutation_alternating_centering,1000,read,45,0.8,100,8,346754e6d6faa501,1f4385f31f097453,2,4096,1,1e-05,-0.14138969523126332,0.14626508902305713,0.20343186128163984,134.02900017701376,0.20380191936712827,-100.00000000000287,0.9245884000556543,finite_RF_static_Bloch,runs\combined_factor_study\cases\1f4385f31f097453,45.0
timing_transfer_robust,high_low_permutation_alternating_centering,1000,read,45,0.8,100,8,346754e6d6faa501,1f4385f31f097453,3,4096,1,1e-05,0.10839426155769437,0.09962128315023111,0.14721995786963255,42.58500293309841,0.14723435318454808,-49.99999999999449,0.9246151000261307,finite_RF_static_Bloch,runs\combined_factor_study\cases\1f4385f31f097453,45.0
timing_transfer_robust,high_low_permutation_alternating_centering,1000,read,45,0.8,100,8,346754e6d6faa501,1f4385f31f097453,4,4096,1,1e-05,-0.07029837941422842,0.079096426465532,0.10582110766706293,131.6296725552629,0.10606832257194937,-100.00000000000287,0.9246400999836624,finite_RF_static_Bloch,runs\combined_factor_study\cases\1f4385f31f097453,45.0
timing_transfer_robust,high_low_permutation_alternating_centering,1000,read,45,0.8,100,8,346754e6d6faa501,1f4385f31f097453,5,4096,1,1e-05,0.06985892480748888,0.06707541509847002,0.09684720277783167,43.83549007562119,0.09684720277783167,0.0,0.9246638000477105,finite_RF_static_Bloch,runs\combined_factor_study\cases\1f4385f31f097453,45.0
timing_transfer_robust,high_low_permutation_alternating_centering,1000,read,45,0.8,100,8,346754e6d6faa501,1f4385f31f097453,6,4096,1,1e-05,-0.05586551758222474,0.053339933866888664,0.0772405631754062,136.32483768290442,0.07741686747732575,-99.99999999998899,0.9246872999938205,finite_RF_static_Bloch,runs\combined_factor_study\cases\1f4385f31f097453,45.0
timing_transfer_robust,high_low_permutation_alternating_centering,1000,read,45,0.8,100,8,346754e6d6faa501,1f4385f31f097453,7,4096,1,1e-05,0.048930231675554346,0.047341017264372315,0.06808332752920511,44.05426583843193,0.06812544990482237,-49.99999999999449,0.9247109000571072,finite_RF_static_Bloch,runs\combined_factor_study\cases\1f4385f31f097453,45.0
timing_transfer_robust,high_low_permutation_alternating_centering,1000,read,45,0.8,100,8,346754e6d6faa501,1f4385f31f097453,8,4096,1,1e-05,-0.04144877312464823,0.040386322079861176,0.05787102733386408,135.74381951678777,0.05787102733386408,0.0,0.9247382000321522,finite_RF_static_Bloch,runs\combined_factor_study\cases\1f4385f31f097453,45.0
timing_transfer_robust,high_low_permutation_alternating_centering,1000,read,0,1,0,8,1a71dc69e9c7763f,22ca420f9a3d9085,1,4096,1,1e-05,-0.004910058550749369,0.2484525511242275,0.24850106405226652,91.13216392705218,0.24850106405226652,0.0,1.1786340000107884,finite_RF_static_Bloch,runs\combined_factor_study\cases\22ca420f9a3d9085,0.0
timing_transfer_robust,high_low_permutation_alternating_centering,1000,read,0,1,0,8,1a71dc69e9c7763f,22ca420f9a3d9085,2,4096,1,1e-05,0.00029111478832184734,0.1671063258278055,0.16710657940215481,89.9001855150099,0.167530026112753,-100.00000000000287,1.1787182999541983,finite_RF_static_Bloch,runs\combined_factor_study\cases\22ca420f9a3d9085,0.0
timing_transfer_robust,high_low_permutation_alternating_centering,1000,read,0,1,0,8,1a71dc69e9c7763f,22ca420f9a3d9085,3,4096,1,1e-05,-0.0053884484268042175,0.12809493402339917,0.12820821931103837,92.40878720607117,0.12840161140279072,-500.00000000000045,1.1787585000274703,finite_RF_static_Bloch,runs\combined_factor_study\cases\22ca420f9a3d9085,0.0
timing_transfer_robust,high_low_permutation_alternating_centering,1000,read,0,1,0,8,1a71dc69e9c7763f,22ca420f9a3d9085,4,4096,1,1e-05,0.0013640799111811215,0.10407720382531821,0.10408614254597448,89.24910024244002,0.10419668028690232,-50.00000000000837,1.1787949999561533,finite_RF_static_Bloch,runs\combined_factor_study\cases\22ca420f9a3d9085,0.0
timing_transfer_robust,high_low_permutation_alternating_centering,1000,read,0,1,0,8,1a71dc69e9c7763f,22ca420f9a3d9085,5,4096,1,1e-05,-0.004631909908835412,0.09278738726948277,0.0929029268952305,92.85781051592843,0.09325302427844309,-450.00000000000597,1.1788271999685094,finite_RF_static_Bloch,runs\combined_factor_study\cases\22ca420f9a3d9085,0.0
timing_transfer_robust,high_low_permutation_alternating_centering,1000,read,0,1,0,8,1a71dc69e9c7763f,22ca420f9a3d9085,6,4096,1,1e-05,0.002489605808556862,0.07624441799396384,0.07628505366269514,88.12978778971048,0.07638260320298138,-49.99999999999449,1.1788564999587834,finite_RF_static_Bloch,runs\combined_factor_study\cases\22ca420f9a3d9085,0.0
timing_transfer_robust,high_low_permutation_alternating_centering,1000,read,0,1,0,8,1a71dc69e9c7763f,22ca420f9a3d9085,7,4096,1,1e-05,-0.0013944752280900406,0.062232321436459806,0.06224794287791855,91.28364449889442,0.06227346473090957,-49.99999999999449,1.1788853999460116,finite_RF_static_Bloch,runs\combined_factor_study\cases\22ca420f9a3d9085,0.0
timing_transfer_robust,high_low_permutation_alternating_centering,1000,read,0,1,0,8,1a71dc69e9c7763f,22ca420f9a3d9085,8,4096,1,1e-05,-0.0013718749165696818,0.05242403933212165,0.052441986429601906,91.49902046022272,0.05245612649655834,-49.99999999999449,1.1789146999362856,finite_RF_static_Bloch,runs\combined_factor_study\cases\22ca420f9a3d9085,0.0
timing_transfer_robust,high_low_permutation_alternating_centering,1000,oblique,90,0.7,100,8,9973b2a8072f1408,2ece6539738e5b9c,1,4096,1,1e-05,0.27293198798816865,-0.00883327742739521,0.27307489239635924,-1.8536959401035198,0.2732438189786267,-50.000000000001435,2.628456399892457,finite_RF_static_Bloch,runs\combined_factor_study\cases\2ece6539738e5b9c,90.0
timing_transfer_robust,high_low_permutation_alternating_centering,1000,oblique,90,0.7,100,8,9973b2a8072f1408,2ece6539738e5b9c,2,4096,1,1e-05,-0.1794767543143593,-0.0005037840169324825,0.17947746136368378,-179.83917347815617,0.17947746136368378,0.0,2.6285273999674246,finite_RF_static_Bloch,runs\combined_factor_study\cases\2ece6539738e5b9c,90.0
timing_transfer_robust,high_low_permutation_alternating_centering,1000,oblique,90,0.7,100,8,9973b2a8072f1408,2ece6539738e5b9c,3,4096,1,1e-05,0.12107823575913744,-0.005338230132909212,0.12119585750138974,-2.524484313898862,0.12122500452511599,-49.99999999999449,2.628558799973689,finite_RF_static_Bloch,runs\combined_factor_study\cases\2ece6539738e5b9c,90.0
timing_transfer_robust,high_low_permutation_alternating_centering,1000,oblique,90,0.7,100,8,9973b2a8072f1408,2ece6539738e5b9c,4,4096,1,1e-05,-0.08337333110992906,0.005766068834577963,0.08357248285273662,176.04374465398655,0.08366662079006784,-50.00000000000837,2.628586099948734,finite_RF_static_Bloch,runs\combined_factor_study\cases\2ece6539738e5b9c,90.0
timing_transfer_robust,high_low_permutation_alternating_centering,1000,oblique,90,0.7,100,8,9973b2a8072f1408,2ece6539738e5b9c,5,4096,1,1e-05,0.07937205083206834,-0.0023138464112327337,0.07940577018393069,-1.6698081551540431,0.07940577018393068,0.0,2.6286112999077886,finite_RF_static_Bloch,runs\combined_factor_study\cases\2ece6539738e5b9c,90.0
timing_transfer_robust,high_low_permutation_alternating_centering,1000,oblique,90,0.7,100,8,9973b2a8072f1408,2ece6539738e5b9c,6,4096,1,1e-05,-0.0680025922202402,-0.001373935085826468,0.06801647040454495,-178.84254452182614,0.06801647040454495,0.0,2.6286360999802127,finite_RF_static_Bloch,runs\combined_factor_study\cases\2ece6539738e5b9c,90.0
timing_transfer_robust,high_low_permutation_alternating_centering,1000,oblique,90,0.7,100,8,9973b2a8072f1408,2ece6539738e5b9c,7,4096,1,1e-05,0.06155657737584984,-0.0006821008479656322,0.061560356397569564,-0.6348614887809996,0.062221607479964205,-500.00000000000045,2.628661199938506,finite_RF_static_Bloch,runs\combined_factor_study\cases\2ece6539738e5b9c,90.0
timing_transfer_robust,high_low_permutation_alternating_centering,1000,oblique,90,0.7,100,8,9973b2a8072f1408,2ece6539738e5b9c,8,4096,1,1e-05,-0.0559279409716087,0.0026221124036499635,0.05598937448106669,177.31572378290736,0.0560390491627508,-200.00000000000574,2.6287025999045,finite_RF_static_Bloch,runs\combined_factor_study\cases\2ece6539738e5b9c,90.0
timing_transfer_robust,high_low_permutation_alternating_centering,1000,read,0,1.2,0,8,1a71dc69e9c7763f,2f128dea220365b9,1,4096,1,1e-05,-0.006544732920541909,0.15002786713635896,0.15017055119591924,92.49785580680991,0.15017055119591924,0.0,1.318239500047639,finite_RF_static_Bloch,runs\combined_factor_study\cases\2f128dea220365b9,0.0
timing_transfer_robust,high_low_permutation_alternating_centering,1000,read,0,1.2,0,8,1a71dc69e9c7763f,2f128dea220365b9,2,4096,1,1e-05,0.0018064020990161541,0.08153883897391626,0.0815588459319869,88.73088346146542,0.08198110015560578,-100.00000000000287,1.318332300055772,finite_RF_static_Bloch,runs\combined_factor_study\cases\2f128dea220365b9,0.0
timing_transfer_robust,high_low_permutation_alternating_centering,1000,read,0,1.2,0,8,1a71dc69e9c7763f,2f128dea220365b9,3,4096,1,1e-05,-0.0028254671593974908,0.05699111834540227,0.057061114911369205,92.83824758038963,0.057090044317998585,-49.99999999999449,1.3183657000772655,finite_RF_static_Bloch,runs\combined_factor_study\cases\2f128dea220365b9,0.0
timing_transfer_robust,high_low_permutation_alternating_centering,1000,read,0,1.2,0,8,1a71dc69e9c7763f,2f128dea220365b9,4,4096,1,1e-05,0.0009113845654628843,0.034360018454547156,0.03437210336920022,88.48061059107496,0.03484699732546529,449.9999999999921,1.3184050000272691,finite_RF_static_Bloch,runs\combined_factor_study\cases\2f128dea220365b9,0.0
timing_transfer_robust,high_low_permutation_alternating_centering,1000,read,0,1.2,0,8,1a71dc69e9c7763f,2f128dea220365b9,5,4096,1,1e-05,-0.0018231165920651934,0.03585413622094579,0.03590045735444606,92.91087754593919,0.03593379012231534,-49.99999999999449,1.3184601999819279,finite_RF_static_Bloch,runs\combined_factor_study\cases\2f128dea220365b9,0.0
timing_transfer_robust,high_low_permutation_alternating_centering,1000,read,0,1.2,0,8,1a71dc69e9c7763f,2f128dea220365b9,6,4096,1,1e-05,-0.0004754331853484761,0.02344885021027305,0.023453669497491284,91.16153171288259,0.023628638212042054,-1349.99999999999,1.3184909999836236,finite_RF_static_Bloch,runs\combined_factor_study\cases\2f128dea220365b9,0.0
timing_transfer_robust,high_low_permutation_alternating_centering,1000,read,0,1.2,0,8,1a71dc69e9c7763f,2f128dea220365b9,7,4096,1,1e-05,0.003455038206076055,0.024165730203711794,0.024411468724434296,81.86341269174025,0.02448086319881344,-49.99999999999449,1.3185190000804141,finite_RF_static_Bloch,runs\combined_factor_study\cases\2f128dea220365b9,0.0
timing_transfer_robust,high_low_permutation_alternating_centering,1000,read,0,1.2,0,8,1a71dc69e9c7763f,2f128dea220365b9,8,4096,1,1e-05,-0.0038440076386946093,0.01729529148996989,0.01771732210153011,102.53073191951951,0.018307940643498208,-599.9999999999894,1.3185457000508904,finite_RF_static_Bloch,runs\combined_factor_study\cases\2f128dea220365b9,0.0
timing_transfer_robust,high_low_permutation_alternating_centering,1000,read,45,1,0,8,346754e6d6faa501,37ad5e269a0ae890,1,4096,1,1e-05,0.17290324386316275,0.17319577529625765,0.24472905082739174,45.048427795434456,0.2448440719222892,-50.000000000001435,1.3272031999658793,finite_RF_static_Bloch,runs\combined_factor_study\cases\37ad5e269a0ae890,45.0
timing_transfer_robust,high_low_permutation_alternating_centering,1000,read,45,1,0,8,346754e6d6faa501,37ad5e269a0ae890,2,4096,1,1e-05,-0.12182726412823203,0.11863669885898845,0.170048665390612,135.76017709850885,0.17021734373621722,-50.00000000000837,1.3273267999757081,finite_RF_static_Bloch,runs\combined_factor_study\cases\37ad5e269a0ae890,45.0
timing_transfer_robust,high_low_permutation_alternating_centering,1000,read,45,1,0,8,346754e6d6faa501,37ad5e269a0ae890,3,4096,1,1e-05,0.08391675958856706,0.09429708983863111,0.1262298050853293,48.33351133233852,0.12630461118886646,-49.99999999999449,1.327376600005664,finite_RF_static_Bloch,runs\combined_factor_study\cases\37ad5e269a0ae890,45.0
timing_transfer_robust,high_low_permutation_alternating_centering,1000,read,45,1,0,8,346754e6d6faa501,37ad5e269a0ae890,4,4096,1,1e-05,-0.07285897234077937,0.07312807916824177,0.10322860947136259,134.89438331805266,0.10329024315163776,-50.00000000000837,1.327423800015822,finite_RF_static_Bloch,runs\combined_factor_study\cases\37ad5e269a0ae890,45.0
timing_transfer_robust,high_low_permutation_alternating_centering,1000,read,45,1,0,8,346754e6d6faa501,37ad5e269a0ae890,5,4096,1,1e-05,0.06163594244449022,0.06280042827780995,0.08799365427629917,45.536162985340596,0.088159802479188,-49.99999999999449,1.3274830000009388,finite_RF_static_Bloch,runs\combined_factor_study\cases\37ad5e269a0ae890,45.0
timing_transfer_robust,high_low_permutation_alternating_centering,1000,read,45,1,0,8,346754e6d6faa501,37ad5e269a0ae890,6,4096,1,1e-05,-0.054115827221438706,0.05384744698893597,0.07634179918686011,135.14242827541014,0.07648840453075689,-49.99999999999449,1.3275278999935836,finite_RF_static_Bloch,runs\combined_factor_study\cases\37ad5e269a0ae890,45.0
timing_transfer_robust,high_low_permutation_alternating_centering,1000,read,45,1,0,8,346754e6d6faa501,37ad5e269a0ae890,7,4096,1,1e-05,0.046396223389196675,0.045022728727258335,0.06465025635547421,44.13924273805869,0.06465025635547421,0.0,1.327576300012879,finite_RF_static_Bloch,runs\combined_factor_study\cases\37ad5e269a0ae890,45.0
timing_transfer_robust,high_low_permutation_alternating_centering,1000,read,45,1,0,8,346754e6d6faa501,37ad5e269a0ae890,8,4096,1,1e-05,-0.038971784507760315,0.03727859101804544,0.053930449061824114,136.2720842283368,0.053930449061824114,0.0,1.327619899995625,finite_RF_static_Bloch,runs\combined_factor_study\cases\37ad5e269a0ae890,45.0
timing_transfer_robust,high_low_permutation_alternating_centering,1000,read,90,1,0,8,5dd811482568c653,4312612fc660606e,1,4096,1,1e-05,0.24801095795424974,-0.004883178596691768,0.24805902664203094,-1.127971844426363,0.24833080151775808,-50.000000000001435,1.3916488999966532,finite_RF_static_Bloch,runs\combined_factor_study\cases\4312612fc660606e,90.0
timing_transfer_robust,high_low_permutation_alternating_centering,1000,read,90,1,0,8,5dd811482568c653,4312612fc660606e,2,4096,1,1e-05,-0.1707952953030239,-0.0009845364990666411,0.17079813292236287,-179.6697264917063,0.17079813292236287,0.0,1.391759500023909,finite_RF_static_Bloch,runs\combined_factor_study\cases\4312612fc660606e,90.0
timing_transfer_robust,high_low_permutation_alternating_centering,1000,read,90,1,0,8,5dd811482568c653,4312612fc660606e,3,4096,1,1e-05,0.12173298583615078,0.005843990356516776,0.1218731802484515,2.7484671527048947,0.12216052942648022,-100.00000000000287,1.391795799951069,finite_RF_static_Bloch,runs\combined_factor_study\cases\4312612fc660606e,90.0
timing_transfer_robust,high_low_permutation_alternating_centering,1000,read,90,1,0,8,5dd811482568c653,4312612fc660606e,4,4096,1,1e-05,-0.10314977487912436,2.0695140920821715e-05,0.10314977695517762,179.98850463593672,0.10314977695517763,0.0,1.3918291999725625,finite_RF_static_Bloch,runs\combined_factor_study\cases\4312612fc660606e,90.0
timing_transfer_robust,high_low_permutation_alternating_centering,1000,read,90,1,0,8,5dd811482568c653,4312612fc660606e,5,4096,1,1e-05,0.08945407553413373,-0.005785068462083204,0.08964094291548641,-3.7002123285074737,0.08978387726387878,-49.99999999999449,1.391861299984157,finite_RF_static_Bloch,runs\combined_factor_study\cases\4312612fc660606e,90.0
timing_transfer_robust,high_low_permutation_alternating_centering,1000,read,90,1,0,8,5dd811482568c653,4312612fc660606e,6,4096,1,1e-05,-0.07748510616616164,-0.0012550036642447501,0.07749526896384455,-179.0720781068171,0.07761613531086697,-49.99999999999449,1.3918908999767154,finite_RF_static_Bloch,runs\combined_factor_study\cases\4312612fc660606e,90.0
timing_transfer_robust,high_low_permutation_alternating_centering,1000,read,90,1,0,8,5dd811482568c653,4312612fc660606e,7,4096,1,1e-05,0.06466902279849261,0.00031720127892688867,0.0646698007292686,0.28103329851939785,0.0655359154855061,-900.0000000000119,1.391923199989833,finite_RF_static_Bloch,runs\combined_factor_study\cases\4312612fc660606e,90.0
timing_transfer_robust,high_low_permutation_alternating_centering,1000,read,90,1,0,8,5dd811482568c653,4312612fc660606e,8,4096,1,1e-05,-0.053983956976024615,-0.00041654121596121666,0.05398556397199043,-179.55791347310736,0.053985563971990426,0.0,1.3919539999915287,finite_RF_static_Bloch,runs\combined_factor_study\cases\4312612fc660606e,90.0
timing_transfer_robust,high_low_permutation_alternating_centering,0,read,45,0.8,100,8,2fa904ad8dfa73ed,55da712b51191eb3,1,4096,1,1e-05,0.21286700509222947,0.21471561909896605,0.30234939877894174,45.247711470524074,0.3027801391430363,-50.000000000001435,2.8606183000374585,finite_RF_static_Bloch,runs\combined_factor_study\cases\55da712b51191eb3,45.0
timing_transfer_robust,high_low_permutation_alternating_centering,0,read,45,0.8,100,8,2fa904ad8dfa73ed,55da712b51191eb3,2,4096,1,1e-05,-0.1452587527587313,0.15160334294431035,0.20996113651081336,133.7756506717667,0.2099850676660834,-50.00000000000837,2.860720199998468,finite_RF_static_Bloch,runs\combined_factor_study\cases\55da712b51191eb3,45.0
timing_transfer_robust,high_low_permutation_alternating_centering,0,read,45,0.8,100,8,2fa904ad8dfa73ed,55da712b51191eb3,3,4096,1,1e-05,0.11142984616624124,0.1034841179790278,0.15207094821342285,42.88264373019046,0.15228529677540045,-100.00000000000287,2.8607803999911994,finite_RF_static_Bloch,runs\combined_factor_study\cases\55da712b51191eb3,45.0
timing_transfer_robust,high_low_permutation_alternating_centering,0,read,45,0.8,100,8,2fa904ad8dfa73ed,55da712b51191eb3,4,4096,1,1e-05,-0.07197485531984808,0.08418796123581652,0.11076097063206158,130.5281418527477,0.11096210119782288,-100.00000000000287,2.8608363999519497,finite_RF_static_Bloch,runs\combined_factor_study\cases\55da712b51191eb3,45.0
timing_transfer_robust,high_low_permutation_alternating_centering,0,read,45,0.8,100,8,2fa904ad8dfa73ed,55da712b51191eb3,5,4096,1,1e-05,0.07379630171055596,0.07247141277405797,0.10343113561990555,44.48103059735028,0.10343113561990555,0.0,2.8608907000161707,finite_RF_static_Bloch,runs\combined_factor_study\cases\55da712b51191eb3,45.0
timing_transfer_robust,high_low_permutation_alternating_centering,0,read,45,0.8,100,8,2fa904ad8dfa73ed,55da712b51191eb3,6,4096,1,1e-05,-0.055219983593999204,0.05982671911904255,0.08141549550712292,132.7069697536741,0.08148781777379369,-49.99999999999449,2.860945799970068,finite_RF_static_Bloch,runs\combined_factor_study\cases\55da712b51191eb3,45.0
timing_transfer_robust,high_low_permutation_alternating_centering,0,read,45,0.8,100,8,2fa904ad8dfa73ed,55da712b51191eb3,7,4096,1,1e-05,0.04807724499205329,0.04786892446016204,0.06784434696419896,44.87559828000016,0.06794845185866666,-99.99999999998899,2.861001200042665,finite_RF_static_Bloch,runs\combined_factor_study\cases\55da712b51191eb3,45.0
timing_transfer_robust,high_low_permutation_alternating_centering,0,read,45,0.8,100,8,2fa904ad8dfa73ed,55da712b51191eb3,8,4096,1,1e-05,-0.0403425156263755,0.041662206344799,0.05799360313500931,134.0780264815704,0.05799360313500931,0.0,2.861056499998085,finite_RF_static_Bloch,runs\combined_factor_study\cases\55da712b51191eb3,45.0
timing_transfer_robust,high_low_permutation_alternating_centering,1000,oblique,90,1.2,100,8,9973b2a8072f1408,569112445fd6b5ac,1,4096,1,1e-05,0.15532820196875002,-0.0010604193365490106,0.15533182164648082,-0.3911498867427487,0.1553318216464808,0.0,1.280880199978128,finite_RF_static_Bloch,runs\combined_factor_study\cases\569112445fd6b5ac,90.0
timing_transfer_robust,high_low_permutation_alternating_centering,1000,oblique,90,1.2,100,8,9973b2a8072f1408,569112445fd6b5ac,2,4096,1,1e-05,-0.09863516098155657,-0.0024702461426837643,0.09866608889513673,-178.565368605563,0.09896633289982139,-100.00000000000287,1.2810078000184149,finite_RF_static_Bloch,runs\combined_factor_study\cases\569112445fd6b5ac,90.0
timing_transfer_robust,high_low_permutation_alternating_centering,1000,oblique,90,1.2,100,8,9973b2a8072f1408,569112445fd6b5ac,3,4096,1,1e-05,0.05521234873521383,-0.0015482628280168815,0.05523405263642608,-1.6062653822004833,0.05523467471359575,49.99999999999449,1.2810482999775559,finite_RF_static_Bloch,runs\combined_factor_study\cases\569112445fd6b5ac,90.0
timing_transfer_robust,high_low_permutation_alternating_centering,1000,oblique,90,1.2,100,8,9973b2a8072f1408,569112445fd6b5ac,4,4096,1,1e-05,-0.04169579695068863,-0.002259804694382476,0.041756989841340436,-176.89775156914396,0.04184901200401001,49.99999999999449,1.2810884000500664,finite_RF_static_Bloch,runs\combined_factor_study\cases\569112445fd6b5ac,90.0
timing_transfer_robust,high_low_permutation_alternating_centering,1000,oblique,90,1.2,100,8,9973b2a8072f1408,569112445fd6b5ac,5,4096,1,1e-05,0.04334030365120442,-0.002928066114566487,0.04343910095466843,-3.8650232335530426,0.04343910095466843,0.0,1.28112770000007,finite_RF_static_Bloch,runs\combined_factor_study\cases\569112445fd6b5ac,90.0
timing_transfer_robust,high_low_permutation_alternating_centering,1000,oblique,90,1.2,100,8,9973b2a8072f1408,569112445fd6b5ac,6,4096,1,1e-05,-0.02259235347398292,-0.00019875743143670096,0.0225932277466045,-179.49595033571296,0.02261430373133857,100.00000000001674,1.2811667999485508,finite_RF_static_Bloch,runs\combined_factor_study\cases\569112445fd6b5ac,90.0
timing_transfer_robust,high_low_permutation_alternating_centering,1000,oblique,90,1.2,100,8,9973b2a8072f1408,569112445fd6b5ac,7,4096,1,1e-05,0.018417269269205533,-0.005496920701702449,0.019220092209332074,-16.618552800172697,0.019672327700102833,-349.9999999999892,1.2812035999959335,finite_RF_static_Bloch,runs\combined_factor_study\cases\569112445fd6b5ac,90.0
timing_transfer_robust,high_low_permutation_alternating_centering,1000,oblique,90,1.2,100,8,9973b2a8072f1408,569112445fd6b5ac,8,4096,1,1e-05,-0.013482451349137677,-0.005984398420471862,0.014750915864339085,-156.06520442191243,0.014849441204735895,99.99999999998899,1.2812344999983907,finite_RF_static_Bloch,runs\combined_factor_study\cases\569112445fd6b5ac,90.0
timing_transfer_robust,high_low_permutation_alternating_centering,1000,read,0,0.8,0,8,1a71dc69e9c7763f,734374198a402189,1,4096,1,1e-05,-0.005448413794415983,0.2909624802876619,0.2910134879142601,91.07276593143351,0.2910796142930561,-50.000000000001435,1.0203930001007393,finite_RF_static_Bloch,runs\combined_factor_study\cases\734374198a402189,0.0
timing_transfer_robust,high_low_permutation_alternating_centering,1000,read,0,0.8,0,8,1a71dc69e9c7763f,734374198a402189,2,4096,1,1e-05,0.00021784565898888943,0.20295730822437952,0.2029574251374335,89.93850119435872,0.20330043546147633,-100.00000000000287,1.0204662000760436,finite_RF_static_Bloch,runs\combined_factor_study\cases\734374198a402189,0.0
timing_transfer_robust,high_low_permutation_alternating_centering,1000,read,0,0.8,0,8,1a71dc69e9c7763f,734374198a402189,3,4096,1,1e-05,-0.004464533787436299,0.14787006157093502,0.14793744343786422,91.72936466491846,0.14797408667854112,-49.99999999999449,1.0205031000077724,finite_RF_static_Bloch,runs\combined_factor_study\cases\734374198a402189,0.0
timing_transfer_robust,high_low_permutation_alternating_centering,1000,read,0,0.8,0,8,1a71dc69e9c7763f,734374198a402189,4,4096,1,1e-05,-0.00014055664962749417,0.10596304481665925,0.10596313803860799,90.07600100673571,0.10600967635042903,-50.00000000000837,1.0205393000505865,finite_RF_static_Bloch,runs\combined_factor_study\cases\734374198a402189,0.0
timing_transfer_robust,high_low_permutation_alternating_centering,1000,read,0,0.8,0,8,1a71dc69e9c7763f,734374198a402189,5,4096,1,1e-05,0.002604779633141759,0.09275729797036703,0.09279386404122142,88.3914616815091,0.09289132998680948,-49.99999999999449,1.0205737000796944,finite_RF_static_Bloch,runs\combined_factor_study\cases\734374198a402189,0.0
timing_transfer_robust,high_low_permutation_alternating_centering,1000,read,0,0.8,0,8,1a71dc69e9c7763f,734374198a402189,6,4096,1,1e-05,-0.0015342088003068692,0.07630880564840539,0.07632422692781791,91.15179168487056,0.07642631639543195,-49.99999999999449,1.0206070001004264,finite_RF_static_Bloch,runs\combined_factor_study\cases\734374198a402189,0.0
timing_transfer_robust,high_low_permutation_alternating_centering,1000,read,0,0.8,0,8,1a71dc69e9c7763f,734374198a402189,7,4096,1,1e-05,-0.0023424784686839834,0.06857770512664774,0.06861770067419701,91.95634961983004,0.068617700674197,0.0,1.0206397000001743,finite_RF_static_Bloch,runs\combined_factor_study\cases\734374198a402189,0.0
timing_transfer_robust,high_low_permutation_alternating_centering,1000,read,0,0.8,0,8,1a71dc69e9c7763f,734374198a402189,8,4096,1,1e-05,-0.001474826731191421,0.05841146482678523,0.058430080755530404,91.44634957465577,0.058430080755530404,0.0,1.020673600025475,finite_RF_static_Bloch,runs\combined_factor_study\cases\734374198a402189,0.0
timing_transfer_robust,high_low_permutation_alternating_centering,1000,read,90,0.7,100,8,5dd811482568c653,96f1274dc3329ff0,1,4096,1,1e-05,0.271395990578976,-0.008470494404771094,0.2715281439884361,-1.787668578441071,0.2716339469530909,-50.000000000001435,1.2192686999915168,finite_RF_static_Bloch,runs\combined_factor_study\cases\96f1274dc3329ff0,90.0
timing_transfer_robust,high_low_permutation_alternating_centering,1000,read,90,0.7,100,8,5dd811482568c653,96f1274dc3329ff0,2,4096,1,1e-05,-0.17525324700216627,0.0011958283867504749,0.17525732678074507,179.60905228613169,0.17539752681111953,-100.00000000000287,1.219340099953115,finite_RF_static_Bloch,runs\combined_factor_study\cases\96f1274dc3329ff0,90.0
timing_transfer_robust,high_low_permutation_alternating_centering,1000,read,90,0.7,100,8,5dd811482568c653,96f1274dc3329ff0,3,4096,1,1e-05,0.12148795135800147,-0.008571783982293447,0.12178997415962955,-4.035910410615138,0.12178997415962954,0.0,1.219380399910733,finite_RF_static_Bloch,runs\combined_factor_study\cases\96f1274dc3329ff0,90.0
timing_transfer_robust,high_low_permutation_alternating_centering,1000,read,90,0.7,100,8,5dd811482568c653,96f1274dc3329ff0,4,4096,1,1e-05,-0.07726316426068996,0.00014863762055197587,0.07726330723387785,179.88977544590773,0.0775911770919939,-200.00000000000574,1.2194181999657303,finite_RF_static_Bloch,runs\combined_factor_study\cases\96f1274dc3329ff0,90.0
timing_transfer_robust,high_low_permutation_alternating_centering,1000,read,90,0.7,100,8,5dd811482568c653,96f1274dc3329ff0,5,4096,1,1e-05,0.07806262748332354,5.97094603308724e-05,0.07806265031895723,0.043825060942403314,0.07809993597031797,49.99999999999449,1.2194546998944134,finite_RF_static_Bloch,runs\combined_factor_study\cases\96f1274dc3329ff0,90.0
timing_transfer_robust,high_low_permutation_alternating_centering,1000,read,90,0.7,100,8,5dd811482568c653,96f1274dc3329ff0,6,4096,1,1e-05,-0.0657981941706456,0.0009414835318073485,0.06580492950652439,179.18023051244023,0.06580572136827155,-49.99999999999449,1.2194901999318972,finite_RF_static_Bloch,runs\combined_factor_study\cases\96f1274dc3329ff0,90.0
timing_transfer_robust,high_low_permutation_alternating_centering,1000,read,90,0.7,100,8,5dd811482568c653,96f1274dc3329ff0,7,4096,1,1e-05,0.05665441163863755,0.00031630170392887066,0.0566552945883092,0.319879138665446,0.05701070405238936,-250.00000000000023,1.219525899970904,finite_RF_static_Bloch,runs\combined_factor_study\cases\96f1274dc3329ff0,90.0
timing_transfer_robust,high_low_permutation_alternating_centering,1000,read,90,0.7,100,8,5dd811482568c653,96f1274dc3329ff0,8,4096,1,1e-05,-0.05270754907649022,0.003118243388570651,0.05279970806245987,176.61425766945547,0.05304846715118409,-250.00000000000023,1.2195630999049172,finite_RF_static_Bloch,runs\combined_factor_study\cases\96f1274dc3329ff0,90.0
timing_transfer_robust,high_low_permutation_alternating_centering,1000,read,90,1.2,0,8,5dd811482568c653,a7ba1c5e509c3636,1,4096,1,1e-05,0.15131796682894325,-0.007730325450285314,0.1515152963129878,-2.9245060651392216,0.15176204864452256,-50.000000000001435,1.1443107000086457,finite_RF_static_Bloch,runs\combined_factor_study\cases\a7ba1c5e509c3636,90.0
timing_transfer_robust,high_low_permutation_alternating_centering,1000,read,90,1.2,0,8,5dd811482568c653,a7ba1c5e509c3636,2,4096,1,1e-05,-0.08576020167126598,0.000576497550229301,0.08576213931637686,179.61485189675125,0.08576213931637686,0.0,1.144431099994108,finite_RF_static_Bloch,runs\combined_factor_study\cases\a7ba1c5e509c3636,90.0
timing_transfer_robust,high_low_permutation_alternating_centering,1000,read,90,1.2,0,8,5dd811482568c653,a7ba1c5e509c3636,3,4096,1,1e-05,0.05480864401485266,0.008586395053435485,0.05547714519295766,8.903663500079988,0.056496426139529606,-549.9999999999949,1.1444722999585792,finite_RF_static_Bloch,runs\combined_factor_study\cases\a7ba1c5e509c3636,90.0
timing_transfer_robust,high_low_permutation_alternating_centering,1000,read,90,1.2,0,8,5dd811482568c653,a7ba1c5e509c3636,4,4096,1,1e-05,-0.04064859184176531,0.0025268531206441114,0.04072705495627861,176.44287892560573,0.040819330175671256,49.99999999999449,1.144510000012815,finite_RF_static_Bloch,runs\combined_factor_study\cases\a7ba1c5e509c3636,90.0
timing_transfer_robust,high_low_permutation_alternating_centering,1000,read,90,1.2,0,8,5dd811482568c653,a7ba1c5e509c3636,5,4096,1,1e-05,0.03357463870871083,0.0009829194061984382,0.03358902342997702,1.6768922879344623,0.03423532198553383,-200.00000000000574,1.1445436999201775,finite_RF_static_Bloch,runs\combined_factor_study\cases\a7ba1c5e509c3636,90.0
timing_transfer_robust,high_low_permutation_alternating_centering,1000,read,90,1.2,0,8,5dd811482568c653,a7ba1c5e509c3636,6,4096,1,1e-05,-0.028867906649392632,-0.0004679138244676759,0.02887169855871274,-179.07138608372833,0.028888884850126754,-49.99999999999449,1.1445761999348179,finite_RF_static_Bloch,runs\combined_factor_study\cases\a7ba1c5e509c3636,90.0
timing_transfer_robust,high_low_permutation_alternating_centering,1000,read,90,1.2,0,8,5dd811482568c653,a7ba1c5e509c3636,7,4096,1,1e-05,0.02836947267701425,0.0012271557916111665,0.028396001326044886,2.476854073643903,0.028681200491496976,-1450.0000000000068,1.1446088999509811,finite_RF_static_Bloch,runs\combined_factor_study\cases\a7ba1c5e509c3636,90.0
timing_transfer_robust,high_low_permutation_alternating_centering,1000,read,90,1.2,0,8,5dd811482568c653,a7ba1c5e509c3636,8,4096,1,1e-05,-0.01991239274763626,-0.0011748728144984994,0.01994702261156699,-176.62334388073177,0.020002983394476873,99.99999999998899,1.14464129996486,finite_RF_static_Bloch,runs\combined_factor_study\cases\a7ba1c5e509c3636,90.0
timing_transfer_robust,high_low_permutation_alternating_centering,1000,oblique,45,0.8,100,8,22d8a8a79ab10414,b9651d9813f4dee0,1,4096,1,1e-05,0.2098748967805026,0.20047442827640166,0.29023691820886044,43.6876718258068,0.29040596741245217,-50.000000000001435,2.1733909999020398,finite_RF_static_Bloch,runs\combined_factor_study\cases\b9651d9813f4dee0,45.0
timing_transfer_robust,high_low_permutation_alternating_centering,1000,oblique,45,0.8,100,8,22d8a8a79ab10414,b9651d9813f4dee0,2,4096,1,1e-05,-0.13887187434585263,0.1421043541657142,0.19869334401832645,134.3408720667472,0.19886984898682938,-50.00000000000837,2.1734925999771804,finite_RF_static_Bloch,runs\combined_factor_study\cases\b9651d9813f4dee0,45.0
timing_transfer_robust,high_low_permutation_alternating_centering,1000,oblique,45,0.8,100,8,22d8a8a79ab10414,b9651d9813f4dee0,3,4096,1,1e-05,0.10428163578127936,0.09811139937742185,0.14317997852009676,43.253798409153575,0.14317997852009678,0.0,2.173535699956119,finite_RF_static_Bloch,runs\combined_factor_study\cases\b9651d9813f4dee0,45.0
timing_transfer_robust,high_low_permutation_alternating_centering,1000,oblique,45,0.8,100,8,22d8a8a79ab10414,b9651d9813f4dee0,4,4096,1,1e-05,-0.06987497715875746,0.08120462548330382,0.10712937801005153,130.71134517782656,0.1077205079044563,-149.99999999999736,2.1735757999122143,finite_RF_static_Bloch,runs\combined_factor_study\cases\b9651d9813f4dee0,45.0
timing_transfer_robust,high_low_permutation_alternating_centering,1000,oblique,45,0.8,100,8,22d8a8a79ab10414,b9651d9813f4dee0,5,4096,1,1e-05,0.0697017937435821,0.06781005433051523,0.0972447608839689,44.21183629643762,0.0972447608839689,0.0,2.173612999962643,finite_RF_static_Bloch,runs\combined_factor_study\cases\b9651d9813f4dee0,45.0
timing_transfer_robust,high_low_permutation_alternating_centering,1000,oblique,45,0.8,100,8,22d8a8a79ab10414,b9651d9813f4dee0,6,4096,1,1e-05,-0.060246757554990954,0.055148686358030635,0.08167649235187743,137.5296332075142,0.08175404069899539,-49.99999999999449,2.1736485000001267,finite_RF_static_Bloch,runs\combined_factor_study\cases\b9651d9813f4dee0,45.0
timing_transfer_robust,high_low_permutation_alternating_centering,1000,oblique,45,0.8,100,8,22d8a8a79ab10414,b9651d9813f4dee0,7,4096,1,1e-05,0.04684302343170359,0.048006565347430946,0.06707383365128528,45.70282536949683,0.06745330045809855,-349.9999999999892,2.1737168999388814,finite_RF_static_Bloch,runs\combined_factor_study\cases\b9651d9813f4dee0,45.0
timing_transfer_robust,high_low_permutation_alternating_centering,1000,oblique,45,0.8,100,8,22d8a8a79ab10414,b9651d9813f4dee0,8,4096,1,1e-05,-0.03976807730420681,0.03851239147428989,0.05535977122010464,135.9189946072089,0.055382402766192156,-49.99999999999449,2.1737521999748424,finite_RF_static_Bloch,runs\combined_factor_study\cases\b9651d9813f4dee0,45.0
timing_transfer_robust,high_low_permutation_alternating_centering,1000,read,90,0.8,0,8,5dd811482568c653,c17c8ec43c4e1339,1,4096,1,1e-05,0.28710010648972295,-0.0027558501448304547,0.28711333277371676,-0.5499605518006698,0.2873763453224863,-50.000000000001435,1.447646199958399,finite_RF_static_Bloch,runs\combined_factor_study\cases\c17c8ec43c4e1339,90.0
timing_transfer_robust,high_low_permutation_alternating_centering,1000,read,90,0.8,0,8,5dd811482568c653,c17c8ec43c4e1339,2,4096,1,1e-05,-0.20176795633885053,-0.0006624247989117974,0.20176904374004082,-179.8118927824526,0.2018696855962758,-50.00000000000837,1.4477665999438614,finite_RF_static_Bloch,runs\combined_factor_study\cases\c17c8ec43c4e1339,90.0
timing_transfer_robust,high_low_permutation_alternating_centering,1000,read,90,0.8,0,8,5dd811482568c653,c17c8ec43c4e1339,3,4096,1,1e-05,0.14202423612141318,0.0010835367698592653,0.14202836934148952,0.43711468616858534,0.14211563546554767,-49.99999999999449,1.4478053000057116,finite_RF_static_Bloch,runs\combined_factor_study\cases\c17c8ec43c4e1339,90.0
timing_transfer_robust,high_low_permutation_alternating_centering,1000,read,90,0.8,0,8,5dd811482568c653,c17c8ec43c4e1339,4,4096,1,1e-05,-0.10877110656094297,0.0022221672114920927,0.10879380336033775,178.8296239916462,0.10880663717830759,-50.00000000000837,1.4478415999328718,finite_RF_static_Bloch,runs\combined_factor_study\cases\c17c8ec43c4e1339,90.0
timing_transfer_robust,high_low_permutation_alternating_centering,1000,read,90,0.8,0,8,5dd811482568c653,c17c8ec43c4e1339,5,4096,1,1e-05,0.09112384928631614,0.0018769926421171763,0.09114317862645466,1.18002643031355,0.09119883649727753,-49.99999999999449,1.447884100023657,finite_RF_static_Bloch,runs\combined_factor_study\cases\c17c8ec43c4e1339,90.0
timing_transfer_robust,high_low_permutation_alternating_centering,1000,read,90,0.8,0,8,5dd811482568c653,c17c8ec43c4e1339,6,4096,1,1e-05,-0.07772818836781674,-0.002571813525523434,0.07777072387314436,-178.10493044690674,0.07784511051598779,-49.99999999999449,1.447923699975945,finite_RF_static_Bloch,runs\combined_factor_study\cases\c17c8ec43c4e1339,90.0
timing_transfer_robust,high_low_permutation_alternating_centering,1000,read,90,0.8,0,8,5dd811482568c653,c17c8ec43c4e1339,7,4096,1,1e-05,0.06660515717592011,-0.0008008529743812063,0.06660997168529346,-0.6888848596453936,0.06671776442589993,-200.00000000000574,1.4479573999997228,finite_RF_static_Bloch,runs\combined_factor_study\cases\c17c8ec43c4e1339,90.0
timing_transfer_robust,high_low_permutation_alternating_centering,1000,read,90,0.8,0,8,5dd811482568c653,c17c8ec43c4e1339,8,4096,1,1e-05,-0.05843831103130495,0.0009688285072080322,0.05844634141559176,179.05020013857097,0.05853961271125922,-349.9999999999892,1.4479928999207914,finite_RF_static_Bloch,runs\combined_factor_study\cases\c17c8ec43c4e1339,90.0
timing_transfer_robust,high_low_permutation_alternating_centering,1000,slice,45,0.8,100,8,0568fef0c926be0f,d2ae684ed4803133,1,4096,1,1e-05,0.2111291751614131,0.19996063090836588,0.29079164795022977,43.4437632159489,0.2909699261559041,-50.000000000001435,2.1711088999873027,finite_RF_static_Bloch,runs\combined_factor_study\cases\d2ae684ed4803133,45.0
timing_transfer_robust,high_low_permutation_alternating_centering,1000,slice,45,0.8,100,8,0568fef0c926be0f,d2ae684ed4803133,2,4096,1,1e-05,-0.1409805439386265,0.1464715664819149,0.203296417963763,133.9056467271689,0.2034348867711531,-50.00000000000837,2.1712572999531403,finite_RF_static_Bloch,runs\combined_factor_study\cases\d2ae684ed4803133,45.0
timing_transfer_robust,high_low_permutation_alternating_centering,1000,slice,45,0.8,100,8,0568fef0c926be0f,d2ae684ed4803133,3,4096,1,1e-05,0.1085285969364759,0.10086573576304567,0.14816326469142274,42.90417552768708,0.1481897908513419,-49.99999999999449,2.171316000050865,finite_RF_static_Bloch,runs\combined_factor_study\cases\d2ae684ed4803133,45.0
timing_transfer_robust,high_low_permutation_alternating_centering,1000,slice,45,0.8,100,8,0568fef0c926be0f,d2ae684ed4803133,4,4096,1,1e-05,-0.07149643067356176,0.08267403896544381,0.1093011267916262,130.8532190299051,0.10964770209551382,-100.00000000000287,2.171356500010006,finite_RF_static_Bloch,runs\combined_factor_study\cases\d2ae684ed4803133,45.0
timing_transfer_robust,high_low_permutation_alternating_centering,1000,slice,45,0.8,100,8,0568fef0c926be0f,d2ae684ed4803133,5,4096,1,1e-05,0.07042724145110509,0.06688318032169478,0.09712546601358778,43.521491168678516,0.09712546601358778,0.0,2.1713926000520587,finite_RF_static_Bloch,runs\combined_factor_study\cases\d2ae684ed4803133,45.0
timing_transfer_robust,high_low_permutation_alternating_centering,1000,slice,45,0.8,100,8,0568fef0c926be0f,d2ae684ed4803133,6,4096,1,1e-05,-0.0552423466954703,0.0512119604360505,0.07532849235266918,137.16819674166263,0.07549416089567404,-99.99999999998899,2.1714274999685585,finite_RF_static_Bloch,runs\combined_factor_study\cases\d2ae684ed4803133,45.0
timing_transfer_robust,high_low_permutation_alternating_centering,1000,slice,45,0.8,100,8,0568fef0c926be0f,d2ae684ed4803133,7,4096,1,1e-05,0.04985580414683144,0.04984658058279058,0.07050023264446614,44.99469951203739,0.07069261960884725,-400.0000000000115,2.171465400024317,finite_RF_static_Bloch,runs\combined_factor_study\cases\d2ae684ed4803133,45.0
timing_transfer_robust,high_low_permutation_alternating_centering,1000,slice,45,0.8,100,8,0568fef0c926be0f,d2ae684ed4803133,8,4096,1,1e-05,-0.04053477173392658,0.039145877618333866,0.05635128617903149,135.9986077388079,0.056372217019730365,-49.99999999999449,2.171500200056471,finite_RF_static_Bloch,runs\combined_factor_study\cases\d2ae684ed4803133,45.0
timing_transfer_robust,high_low_permutation_alternating_centering,1000,slice,90,0.7,100,8,11e2e9c194fba4fa,d559858ea700916f,1,4096,1,1e-05,0.2736355314549804,-0.007620277992815379,0.2737416166959955,-1.5951764392216832,0.27408936019381186,-100.00000000000287,2.7718657000223175,finite_RF_static_Bloch,runs\combined_factor_study\cases\d559858ea700916f,90.0
timing_transfer_robust,high_low_permutation_alternating_centering,1000,slice,90,0.7,100,8,11e2e9c194fba4fa,d559858ea700916f,2,4096,1,1e-05,-0.17567376946165397,0.0035749761074723467,0.17571014122991122,178.83418694102141,0.17571014122991124,0.0,2.7719696999993175,finite_RF_static_Bloch,runs\combined_factor_study\cases\d559858ea700916f,90.0
timing_transfer_robust,high_low_permutation_alternating_centering,1000,slice,90,0.7,100,8,11e2e9c194fba4fa,d559858ea700916f,3,4096,1,1e-05,0.12053415056680207,-0.006113198479664003,0.12068907427150263,-2.903414605475757,0.12091651840406263,-100.00000000000287,2.7720325000118464,finite_RF_static_Bloch,runs\combined_factor_study\cases\d559858ea700916f,90.0
timing_transfer_robust,high_low_permutation_alternating_centering,1000,slice,90,0.7,100,8,11e2e9c194fba4fa,d559858ea700916f,4,4096,1,1e-05,-0.08199246088414996,0.003519439198645963,0.08206796021659017,177.54214834895694,0.08209209068259991,-50.00000000000837,2.7720767999999225,finite_RF_static_Bloch,runs\combined_factor_study\cases\d559858ea700916f,90.0
timing_transfer_robust,high_low_permutation_alternating_centering,1000,slice,90,0.7,100,8,11e2e9c194fba4fa,d559858ea700916f,5,4096,1,1e-05,0.07934689761776016,-0.00045213225206321974,0.0793481857709215,-0.3264776599217812,0.07934818577092151,0.0,2.7721127999247983,finite_RF_static_Bloch,runs\combined_factor_study\cases\d559858ea700916f,90.0
timing_transfer_robust,high_low_permutation_alternating_centering,1000,slice,90,0.7,100,8,11e2e9c194fba4fa,d559858ea700916f,6,4096,1,1e-05,-0.06395471348574831,-0.004201233987029193,0.06409255607368086,-176.24159644909864,0.06409255607368086,0.0,2.772186200018041,finite_RF_static_Bloch,runs\combined_factor_study\cases\d559858ea700916f,90.0
timing_transfer_robust,high_low_permutation_alternating_centering,1000,slice,90,0.7,100,8,11e2e9c194fba4fa,d559858ea700916f,7,4096,1,1e-05,0.06027297469902675,-0.0015771042972733793,0.06029360444552969,-1.4988609188682047,0.06063238673846835,-200.00000000000574,2.7722315000137314,finite_RF_static_Bloch,runs\combined_factor_study\cases\d559858ea700916f,90.0
timing_transfer_robust,high_low_permutation_alternating_centering,1000,slice,90,0.7,100,8,11e2e9c194fba4fa,d559858ea700916f,8,4096,1,1e-05,-0.0556332749659408,0.0006236326185090457,0.05563677022508445,179.35775809535434,0.055755434926507905,-200.00000000000574,2.772269499953836,finite_RF_static_Bloch,runs\combined_factor_study\cases\d559858ea700916f,90.0
timing_transfer_robust,high_low_permutation_alternating_centering,1000,read,90,0.7,0,8,5dd811482568c653,e49b39afa96765bc,1,4096,1,1e-05,0.2662756493854716,-0.0015859293401517913,0.2662803722160658,-0.3412478143229709,0.26651720503473647,-50.000000000001435,1.0070145999779925,finite_RF_static_Bloch,runs\combined_factor_study\cases\e49b39afa96765bc,90.0
timing_transfer_robust,high_low_permutation_alternating_centering,1000,read,90,0.7,0,8,5dd811482568c653,e49b39afa96765bc,2,4096,1,1e-05,-0.17412354472678,0.0009684596996110105,0.17412623794939325,179.68132924621963,0.17424253367530565,-50.00000000000837,1.0070758999790996,finite_RF_static_Bloch,runs\combined_factor_study\cases\e49b39afa96765bc,90.0
timing_transfer_robust,high_low_permutation_alternating_centering,1000,read,90,0.7,0,8,5dd811482568c653,e49b39afa96765bc,3,4096,1,1e-05,0.11579074226786161,0.001330449549215775,0.11579838552823335,0.6583064253206882,0.11585097913302865,-49.99999999999449,1.0071029999526218,finite_RF_static_Bloch,runs\combined_factor_study\cases\e49b39afa96765bc,90.0
timing_transfer_robust,high_low_permutation_alternating_centering,1000,read,90,0.7,0,8,5dd811482568c653,e49b39afa96765bc,4,4096,1,1e-05,-0.0849694547230198,0.003436098947468689,0.0850389029321528,177.68426482826973,0.0850389029321528,0.0,1.0071286000311375,finite_RF_static_Bloch,runs\combined_factor_study\cases\e49b39afa96765bc,90.0
timing_transfer_robust,high_low_permutation_alternating_centering,1000,read,90,0.7,0,8,5dd811482568c653,e49b39afa96765bc,5,4096,1,1e-05,0.07324425020281651,0.0035808820893261594,0.07333173190584308,2.798939155884291,0.07351622207985196,-200.00000000000574,1.0071553000016138,finite_RF_static_Bloch,runs\combined_factor_study\cases\e49b39afa96765bc,90.0
timing_transfer_robust,high_low_permutation_alternating_centering,1000,read,90,0.7,0,8,5dd811482568c653,e49b39afa96765bc,6,4096,1,1e-05,-0.07312948832244975,-0.0020192871348812,0.07315736178154876,-178.4183228643906,0.07350073038726955,-199.99999999997797,1.0071782999439165,finite_RF_static_Bloch,runs\combined_factor_study\cases\e49b39afa96765bc,90.0
timing_transfer_robust,high_low_permutation_alternating_centering,1000,read,90,0.7,0,8,5dd811482568c653,e49b39afa96765bc,7,4096,1,1e-05,0.06746113701352877,-0.0018642300326829268,0.06748689028820974,-1.5829163446449166,0.06748698799037683,49.99999999999449,1.0072017000056803,finite_RF_static_Bloch,runs\combined_factor_study\cases\e49b39afa96765bc,90.0
timing_transfer_robust,high_low_permutation_alternating_centering,1000,read,90,0.7,0,8,5dd811482568c653,e49b39afa96765bc,8,4096,1,1e-05,-0.05775357707197859,-0.0015114383418332142,0.05777335121377446,-178.50088461847483,0.058178513686078,-250.00000000000023,1.0072241999441758,finite_RF_static_Bloch,runs\combined_factor_study\cases\e49b39afa96765bc,90.0
timing_transfer_robust,high_low_permutation_alternating_centering,0,slice,45,0.8,100,8,749d98b6da75deee,f065b16b523ab2e9,1,4096,1,1e-05,0.21319696516669912,0.21531627621431665,0.30300832457061405,45.28336717922051,0.30345299168235546,-100.00000000000287,2.33081980003044,finite_RF_static_Bloch,runs\combined_factor_study\cases\f065b16b523ab2e9,45.0
timing_transfer_robust,high_low_permutation_alternating_centering,0,slice,45,0.8,100,8,749d98b6da75deee,f065b16b523ab2e9,2,4096,1,1e-05,-0.1453139364362946,0.1516418102014227,0.2100270904521028,133.7792605397882,0.21005054532551987,-50.00000000000837,2.330875699990429,finite_RF_static_Bloch,runs\combined_factor_study\cases\f065b16b523ab2e9,45.0
timing_transfer_robust,high_low_permutation_alternating_centering,0,slice,45,0.8,100,8,749d98b6da75deee,f065b16b523ab2e9,3,4096,1,1e-05,0.1113940806375228,0.10357726917974645,0.15210815853139695,42.917522168411274,0.1523207566239285,-100.00000000000287,2.3309059001039714,finite_RF_static_Bloch,runs\combined_factor_study\cases\f065b16b523ab2e9,45.0
timing_transfer_robust,high_low_permutation_alternating_centering,0,slice,45,0.8,100,8,749d98b6da75deee,f065b16b523ab2e9,4,4096,1,1e-05,-0.07201292033235712,0.0842002929282122,0.11079508122651996,130.53895992024616,0.1109982649482134,-100.00000000000287,2.330934400088154,finite_RF_static_Bloch,runs\combined_factor_study\cases\f065b16b523ab2e9,45.0
timing_transfer_robust,high_low_permutation_alternating_centering,0,slice,45,0.8,100,8,749d98b6da75deee,f065b16b523ab2e9,5,4096,1,1e-05,0.0738075854670252,0.07248029117972728,0.10344540725411777,44.480160107224634,0.10344540725411777,0.0,2.3309614000609145,finite_RF_static_Bloch,runs\combined_factor_study\cases\f065b16b523ab2e9,45.0
timing_transfer_robust,high_low_permutation_alternating_centering,0,slice,45,0.8,100,8,749d98b6da75deee,f065b16b523ab2e9,6,4096,1,1e-05,-0.055268292081935115,0.05981132391528707,0.081436960762012,132.73929158534142,0.08151069973628157,-49.99999999999449,2.3309903000481427,finite_RF_static_Bloch,runs\combined_factor_study\cases\f065b16b523ab2e9,45.0
timing_transfer_robust,high_low_permutation_alternating_centering,0,slice,45,0.8,100,8,749d98b6da75deee,f065b16b523ab2e9,7,4096,1,1e-05,0.04804278080650865,0.0478961771306647,0.06783916694177666,44.91244677314031,0.06794233965967582,-99.99999999998899,2.331016800017096,finite_RF_static_Bloch,runs\combined_factor_study\cases\f065b16b523ab2e9,45.0
timing_transfer_robust,high_low_permutation_alternating_centering,0,slice,45,0.8,100,8,749d98b6da75deee,f065b16b523ab2e9,8,4096,1,1e-05,-0.04035421294758719,0.041666510142388695,0.05800483229925756,134.08336974995794,0.05800483229925756,0.0,2.331042900099419,finite_RF_static_Bloch,runs\combined_factor_study\cases\f065b16b523ab2e9,45.0
timing_transfer_robust,high_low_permutation_alternating_centering,1000,read,90,1.2,100,8,5dd811482568c653,f6caf1cb60fe1222,1,4096,1,1e-05,0.15935648264056107,-0.004128878966581316,0.1594099626782847,-1.484184511453376,0.15940996267828467,0.0,1.065777700045146,finite_RF_static_Bloch,runs\combined_factor_study\cases\f6caf1cb60fe1222,90.0
timing_transfer_robust,high_low_permutation_alternating_centering,1000,read,90,1.2,100,8,5dd811482568c653,f6caf1cb60fe1222,2,4096,1,1e-05,-0.09487064052566717,-0.007262086787778981,0.09514818095089152,-175.62270179937292,0.09522654535599849,-350.00000000000307,1.0659432000247762,finite_RF_static_Bloch,runs\combined_factor_study\cases\f6caf1cb60fe1222,90.0
timing_transfer_robust,high_low_permutation_alternating_centering,1000,read,90,1.2,100,8,5dd811482568c653,f6caf1cb60fe1222,3,4096,1,1e-05,0.05656003749522297,-0.009961664184844572,0.057430589364838,-9.98880302733458,0.05751354591100455,100.00000000000287,1.0659923000494018,finite_RF_static_Bloch,runs\combined_factor_study\cases\f6caf1cb60fe1222,90.0
timing_transfer_robust,high_low_permutation_alternating_centering,1000,read,90,1.2,100,8,5dd811482568c653,f6caf1cb60fe1222,4,4096,1,1e-05,-0.03680001056738881,-0.007587785614641894,0.03757413030655127,-168.34946971890307,0.03794662258013344,100.00000000000287,1.0660681000445038,finite_RF_static_Bloch,runs\combined_factor_study\cases\f6caf1cb60fe1222,90.0
timing_transfer_robust,high_low_permutation_alternating_centering,1000,read,90,1.2,100,8,5dd811482568c653,f6caf1cb60fe1222,5,4096,1,1e-05,0.037232137357404056,-0.006019819340726372,0.037715650293950735,-9.184297504085285,0.03777914664752895,-100.00000000000287,1.0661302000517026,finite_RF_static_Bloch,runs\combined_factor_study\cases\f6caf1cb60fe1222,90.0
timing_transfer_robust,high_low_permutation_alternating_centering,1000,read,90,1.2,100,8,5dd811482568c653,f6caf1cb60fe1222,6,4096,1,1e-05,-0.022177475822453413,-0.0003672183751560641,0.022180515845907595,-179.05137353462433,0.022265771370331207,100.00000000001674,1.0661933000665158,finite_RF_static_Bloch,runs\combined_factor_study\cases\f6caf1cb60fe1222,90.0
timing_transfer_robust,high_low_permutation_alternating_centering,1000,read,90,1.2,100,8,5dd811482568c653,f6caf1cb60fe1222,7,4096,1,1e-05,0.01693555427810344,-0.001704847887955353,0.0170211487575796,-5.74841663422564,0.017175962738401232,200.00000000000574,1.0662380000576377,finite_RF_static_Bloch,runs\combined_factor_study\cases\f6caf1cb60fe1222,90.0
timing_transfer_robust,high_low_permutation_alternating_centering,1000,read,90,1.2,100,8,5dd811482568c653,f6caf1cb60fe1222,8,4096,1,1e-05,-0.01554918895596982,-0.001814615500412612,0.015654715155594225,-173.3435993230976,0.01570061474610546,49.99999999999449,1.066305399988778,finite_RF_static_Bloch,runs\combined_factor_study\cases\f6caf1cb60fe1222,90.0
