stage,variant,b,direction,phase,b1,b0,etl,seqid,case_id,echo,D_MRzero,D_mm2_s,l1,unwanted_l1_share,cancellation,elapsed_s,model,cache,primary_real,primary_imag,primary_abs,primary_phase_deg,primary_l1,stimulated_real,stimulated_imag,stimulated_abs,stimulated_phase_deg,stimulated_l1,other_real,other_imag,other_abs,other_phase_deg,other_l1,total_real,total_imag,total_abs,total_phase_deg,total_l1,stimulated_l1_share,stimulated_relative_phase_deg,group_closure_abs,actual_excitation_phase_deg
timing_transfer,high_low_permutation_alternating_centering,1000,read,0,1,0,8,1a71dc69e9c7763f,042bb4108b9c0895,1,0,0.0,0.6368838360725692,2.2561301536644556e-10,0.9999999997743924,3.7397164000431076,instant_RF_exact_pathways,runs\combined_factor_study\cases\042bb4108b9c0895,0.6368838359276379,1.257788118646924e-06,0.6368838359288799,0.00011315399552433165,0.6368838359288799,0.0,0.0,0.0,0.0,0.0,3.151736500872511e-15,1.436860292018881e-10,1.436860292364546e-10,89.99874322367589,1.436893259621485e-10,0.636883835927641,1.257931804676126e-06,0.6368838359288833,0.00011316692190522477,0.6368838359288833,0.0,0.0,0.0,0.0
timing_transfer,high_low_permutation_alternating_centering,1000,read,0,1,0,8,1a71dc69e9c7763f,042bb4108b9c0895,2,0,0.0,0.5214104562273683,6.26723447114393e-10,0.9999999993732849,3.7399366999743506,instant_RF_exact_pathways,runs\combined_factor_study\cases\042bb4108b9c0895,0.5214104559005877,2.279157580845156e-08,0.5214104559005881,2.5044781659033642e-06,0.5214104559005881,5.395764651689065e-15,1.1974113237249609e-20,5.395764651702351e-15,0.00012714901338223582,6.760683802917019e-15,-1.2476915108316348e-15,-3.267664172847089e-10,3.267664172870909e-10,-90.00021877235213,3.2677340896816264e-10,0.5214104559005919,2.2464809391178825e-08,0.5214104559005924,2.4685710674083577e-06,0.5214104559005924,1.2966145427603258e-14,0.00012464453521633242,0.0,0.0
timing_transfer,high_low_permutation_alternating_centering,1000,read,0,1,0,8,1a71dc69e9c7763f,042bb4108b9c0895,3,0,0.0,0.4268281684553551,1.1323041101684183e-09,0.999999998867826,3.740015299990773,instant_RF_exact_pathways,runs\combined_factor_study\cases\042bb4108b9c0895,0.4268281679712234,8.42947124880456e-07,0.4268281679720558,0.00011315399552433162,0.4268281679720558,5.778359166815282e-14,-2.1794932845907787e-20,5.778359166815692e-14,-2.161093886328559e-05,8.714868475020736e-14,-3.232347213554165e-15,4.832049027775026e-10,4.832049027883138e-10,90.00038327395312,4.832120662476973e-10,0.426828167971278,8.434303297832117e-07,0.4268281679721113,0.0001132188591009162,0.4268281679721113,2.0417744467425618e-13,-0.0001347649343876172,0.0,0.0
timing_transfer,high_low_permutation_alternating_centering,1000,read,0,1,0,8,1a71dc69e9c7763f,042bb4108b9c0895,4,0,0.0,0.3493680694904131,1.4386519587161884e-09,0.9999999985612672,3.740124800009653,instant_RF_exact_pathways,runs\combined_factor_study\cases\042bb4108b9c0895,0.3493680689877937,1.52713639308103e-08,0.34936806898779404,2.50447816590335e-06,0.34936806898779404,-2.5021840863244244e-14,1.995822721821373e-19,2.502184086404021e-14,179.99954299038492,2.487649082917737e-13,-3.196092927079135e-15,-5.023629752848544e-10,5.023629752950213e-10,-90.00036452255573,5.023703061295595e-10,0.34936806898776546,1.476900095572503e-08,0.3493680689877658,2.422091477447975e-06,0.3493680689877658,7.120424847485955e-13,179.99954048590675,1.6543612251060553e-24,0.0
timing_transfer,high_low_permutation_alternating_centering,1000,read,0,1,0,8,1a71dc69e9c7763f,042bb4108b9c0895,5,0,0.0,0.2859348886315407,2.3376735581903534e-09,0.9999999976622291,3.740359199931845,instant_RF_exact_pathways,runs\combined_factor_study\cases\042bb4108b9c0895,0.28593488796256067,5.646956077353024e-07,0.2859348879631183,0.0001131539955243316,0.2859348879631183,-2.4660286860185683e-14,-4.249232966161826e-19,2.4660286863846626e-14,-179.99901273202343,4.3774569386834107e-13,-4.4224468959520025e-15,6.679778797954894e-10,6.679778798101291e-10,90.0003793352294,6.679845882326334e-10,0.2859348879625315,5.653635856146728e-07,0.28593488796309047,0.00011328784527443339,0.28593488796309047,1.5309278834889774e-12,-179.99912588601896,5.551115123166172e-17,0.0
timing_transfer,high_low_permutation_alternating_centering,1000,read,0,1,0,8,1a71dc69e9c7763f,042bb4108b9c0895,6,0,0.0,0.23399572972732127,2.5194358259461607e-09,0.9999999974798178,3.740997900022194,instant_RF_exact_pathways,runs\combined_factor_study\cases\042bb4108b9c0895,0.23399572913778383,1.0228278583877234e-08,0.23399572913778405,2.50447816590334e-06,0.23399572913778405,-1.7180426157299516e-13,4.391555019237195e-19,1.7180426157355645e-13,179.99985354404728,6.662255406538833e-13,-2.8030930579549237e-15,-5.888651595085842e-10,5.888651595152558e-10,-90.000272737144,5.888709866698225e-10,0.23399572913760922,9.639413424807806e-09,0.2339957291376094,2.360289686733709e-06,0.2339957291376094,2.847169653182329e-12,179.99985103956914,0.0,0.0
timing_transfer,high_low_permutation_alternating_centering,1000,read,0,1,0,8,1a71dc69e9c7763f,042bb4108b9c0895,7,0,0.0,0.1914707373271418,4.1210888573810496e-09,0.9999999958772289,3.743597000022419,instant_RF_exact_pathways,runs\combined_factor_study\cases\042bb4108b9c0895,0.19147073653770047,3.781374308784593e-07,0.19147073653807387,0.00011315399552433165,0.19147073653807387,-3.1990255901625296e-13,-1.2747971301720685e-18,3.1990255901879297e-13,-179.99977167892774,1.0249511559631227e-12,-3.771141713661974e-15,7.880380359344352e-10,7.880380359434586e-10,90.00027418791262,7.880429939552932e-10,0.1914707365373768,3.789254689131191e-07,0.19147073653775176,0.00011338980834009018,0.19147073653775176,5.35304334370384e-12,-179.99988483292327,2.775557561583086e-17,0.0
timing_transfer,high_low_permutation_alternating_centering,1000,read,0,1,0,8,1a71dc69e9c7763f,042bb4108b9c0895,8,0,0.0,0.1566583927882092,4.1854629120081175e-09,0.9999999958110477,3.751356599968858,instant_RF_exact_pathways,runs\combined_factor_study\cases\042bb4108b9c0895,0.15665839213252114,6.84775608143773e-09,0.1566583921325213,2.504478165903351e-06,0.1566583921325213,-5.44897089921529e-13,6.67739723874258e-19,5.448970899219381e-13,179.99992978735125,1.3825955662377526e-12,-1.7010350640847084e-15,-6.438583541200284e-10,6.438583541222754e-10,-90.00015137200496,6.543053348289448e-10,0.15665839213197455,6.203897727985442e-09,0.15665839213197466,2.268995305689825e-06,0.15665839213197466,8.82554417692081e-12,179.99992728287307,0.0,0.0
timing_transfer,high_low_permutation_alternating_centering,1000,read,90,1,0,8,5dd811482568c653,0a7b46d66064aad5,1,1,0.001,0.2079343069623638,4.615359086053876e-10,0.9999999990769282,3.513709499966353,instant_RF_exact_pathways,runs\combined_factor_study\cases\0a7b46d66064aad5,-3.420686304230549e-07,-0.2079343068661133,0.20793430686639466,-90.00009425615774,0.20793430686639466,0.0,0.0,0.0,0.0,0.0,-9.686314212057606e-17,9.596915488444181e-11,9.596915488449069e-11,90.00005782951034,9.596915488449069e-11,-3.4206863051991803e-07,-0.20793430677014416,0.20793430677042551,-90.00009425615781,0.20793430677042551,0.0,180.0,0.0,90.0
timing_transfer,high_low_permutation_alternating_centering,1000,read,90,1,0,8,5dd811482568c653,0a7b46d66064aad5,2,1,0.001,0.16930703073803988,1.3743446011901856e-09,0.9999999972513264,3.513834399986081,instant_RF_exact_pathways,runs\combined_factor_study\cases\0a7b46d66064aad5,-6.202904159544354e-07,0.1693070305042174,0.16930703050535367,90.00020991463144,0.16930703050535367,-2.564845616710317e-21,-2.2944469314129933e-15,2.294446931414427e-15,-90.00006404804004,2.294446931417319e-15,2.34851194765299e-16,-2.3268129434325744e-10,2.3268129434337596e-10,-89.99994216990106,2.3268393763918118e-10,-6.202904157195868e-07,0.16930703027153382,0.1693070302726701,90.00020991463164,0.1693070302726701,1.3551988487515321e-14,179.99972603732851,2.7755575615628914e-17,90.0
timing_transfer,high_low_permutation_alternating_centering,1000,read,90,1,0,8,5dd811482568c653,0a7b46d66064aad5,3,1,0.001,0.13399444742977357,2.7986590819564314e-09,0.9999999944027115,3.5139025000389665,instant_RF_exact_pathways,runs\combined_factor_study\cases\0a7b46d66064aad5,-2.204316241945112e-07,-0.13399444705458746,0.1339944470547688,-90.00009425615774,0.1339944470547688,-6.500096703409902e-20,2.3368422896321228e-14,2.3368422896411632e-14,90.00015937237579,2.4703097654044623e-14,-3.7846514742206523e-16,3.74977410999979e-10,3.7497741100016995e-10,90.00005782869849,3.7498006583360306e-10,-2.2043162457304133e-07,-0.13399444667958668,0.13399444667976798,-90.00009425615816,0.13399444667976798,1.8435911433562579e-13,-179.99974637146647,2.6469779601696886e-23,90.0
timing_transfer,high_low_permutation_alternating_centering,1000,read,90,1,0,8,5dd811482568c653,0a7b46d66064aad5,4,1,0.001,0.10874764726725213,3.4976787710571968e-09,0.9999999930047052,3.514009000035003,instant_RF_exact_pathways,runs\combined_factor_study\cases\0a7b46d66064aad5,-3.9841891337997746e-07,0.10874764688615794,0.10874764688688779,90.00020991463144,0.10874764688688779,1.121382799072261e-19,-6.552456861837939e-14,6.552456861847534e-14,-89.99990194441115,6.975771101997782e-14,3.8383615961638822e-16,-3.802919534561164e-10,3.802919534563101e-10,-89.99994217024113,3.8029456414810334e-10,-3.9841891299602923e-07,0.10874764650580043,0.10874764650653028,90.00020991463197,0.10874764650653028,6.414640939177762e-13,179.99988814095744,2.77555756156794e-17,90.0
timing_transfer,high_low_permutation_alternating_centering,1000,read,90,1,0,8,5dd811482568c653,0a7b46d66064aad5,5,1,0.001,0.08667526461005277,6.181971597664482e-09,0.9999999876361485,3.51424789999146,instant_RF_exact_pathways,runs\combined_factor_study\cases\0a7b46d66064aad5,-1.4258776880180013e-07,-0.08667526407411147,0.08667526407422875,-90.00009425615774,0.08667526407422875,-5.444501684248571e-20,1.1388085027770168e-13,1.1388085027771468e-13,90.00002739239893,1.196532648558166e-13,-5.406870373154265e-16,5.357021992482542e-10,5.357021992485271e-10,90.00005782893057,5.357043570333957e-10,-1.4258776934254165e-07,-0.0866752635382954,0.08667526353841268,-90.00009425615869,0.08667526353841268,1.3804776413908862e-12,-179.99987835144336,1.38777878078397e-17,90.0
timing_transfer,high_low_permutation_alternating_centering,1000,read,90,1,0,8,5dd811482568c653,0a7b46d66064aad5,6,1,0.001,0.07004938237061048,6.31835396074675e-09,0.9999999873634141,3.51490259997081,instant_RF_exact_pathways,runs\combined_factor_study\cases\0a7b46d66064aad5,-2.566400232984109e-07,0.07004938192754356,0.07004938192801369,90.00020991463144,0.07004938192801369,3.816190714287501e-19,-1.720669224021381e-13,1.7206692240256128e-13,-89.99987292640637,1.7894930995465617e-13,4.46537546479005e-16,-4.4241621928969476e-10,4.424162192899201e-10,-89.9999421704818,4.4241785624904807e-10,-2.5664002285149176e-07,0.07004938148495532,0.07004938148542544,90.00020991463239,0.07004938148542544,2.5546165276360112e-12,179.9999171589622,4.1633363423477026e-17,90.0
timing_transfer,high_low_permutation_alternating_centering,1000,read,90,1,0,8,5dd811482568c653,0a7b46d66064aad5,7,1,0.001,0.05617393803549101,1.1274202960570023e-08,0.9999999774517586,3.516980899963528,instant_RF_exact_pathways,runs\combined_factor_study\cases\0a7b46d66064aad5,-9.241063738933112e-08,-0.056173937402098625,0.056173937402174634,-90.00009425615774,0.056173937402174634,7.194848946627197e-20,2.6702152524949086e-13,2.6702152524950055e-13,89.99998456175103,2.7505856050067974e-13,-6.389324995894001e-16,6.330401212174608e-10,6.330401212177832e-10,90.00005782909234,6.330413242887788e-10,-9.241063802819168e-08,-0.05617393676879149,0.0561739367688675,-90.00009425615946,0.0561739367688675,4.896551143110105e-12,-179.99992118209124,6.938893903907228e-18,90.0
timing_transfer,high_low_permutation_alternating_centering,1000,read,90,1,0,8,5dd811482568c653,0a7b46d66064aad5,8,1,0.001,0.045166120184825534,1.081243052462621e-08,0.9999999785975352,3.525158300064504,instant_RF_exact_pathways,runs\combined_factor_study\cases\0a7b46d66064aad5,-1.6547517896892832e-07,0.04516611969616687,0.04516611969647,90.00020991463144,0.04516611969647,8.864024262276877e-19,-3.370592412867727e-13,3.370592412879382e-13,-89.9998493228734,3.6774159354281657e-13,4.824249853097671e-16,-4.779737214979408e-10,4.779737214981843e-10,-89.99994217063754,4.879878003885056e-10,-1.6547517848561696e-07,0.04516611921785611,0.04516611921815924,90.00020991463303,0.04516611921815924,8.141978811506744e-12,179.99994076249519,2.0816681711738513e-17,90.0
timing_transfer,high_low_permutation_alternating_centering,1000,read,0,0.8,0,8,1a71dc69e9c7763f,12a870b8424f96b7,1,0,0.0,0.548473573322225,0.001097712879669048,0.9990263061733222,3.453808099962771,instant_RF_exact_pathways,runs\combined_factor_study\cases\12a870b8424f96b7,0.5478715068155627,1.0819967990145348e-06,0.5478715068166311,0.00011315399552433168,0.5478715068166311,0.0,0.0,0.0,0.0,0.0,6.775961182044321e-05,0.0005343063574540705,0.0005385857857480961,82.77245096444264,0.0006020665055939558,0.5479392664273832,0.000535388354253085,0.5479395279897853,0.05598336388094361,0.5479395279897853,0.0,0.0,0.0,0.0
timing_transfer,high_low_permutation_alternating_centering,1000,read,0,0.8,0,8,1a71dc69e9c7763f,12a870b8424f96b7,2,0,0.0,0.4076090537827295,0.0046711700976999,0.9955055168539898,3.453977799974382,instant_RF_exact_pathways,runs\combined_factor_study\cases\12a870b8424f96b7,0.40570504255914747,1.7733931356222677e-08,0.40570504255914785,2.5044781659033414e-06,0.40570504255914785,0.00010031183393412455,2.2260890459471477e-10,0.00010031183393437155,0.00012714901338223582,0.00012568683675019898,-2.9159645619105926e-05,0.0008388068914901564,0.000839313580340513,91.99098519164767,0.001778324386831465,0.40577619474746246,0.0008388248480304172,0.40577706176034184,0.1184422736087573,0.40577706176034184,0.00030835143523871443,0.00012464453521633247,0.0,0.0
timing_transfer,high_low_permutation_alternating_centering,1000,read,0,0.8,0,8,1a71dc69e9c7763f,12a870b8424f96b7,3,0,0.0,0.30438569297498524,0.01310331883595914,0.9899124349197833,3.45408649998717,instant_RF_exact_pathways,runs\combined_factor_study\cases\12a870b8424f96b7,0.30039723019024384,5.932574288958142e-07,0.30039723019082964,0.00011315399552433169,0.30039723019082964,0.0009603774397308593,-3.8414673498158344e-10,0.0009603774397309361,-2.2918058793990706e-05,0.0014658335665476117,-4.28473818627485e-05,0.0005038416283564508,0.000505660246210212,94.86081618074336,0.002522629217607944,0.301314760248112,0.0005044345016386115,0.30131518248761324,0.09591943308794727,0.30131518248761324,0.004815711120391179,-0.00013607205431832243,5.551157474611588e-17,0.0
timing_transfer,high_low_permutation_alternating_centering,1000,read,0,0.8,0,8,1a71dc69e9c7763f,12a870b8424f96b7,4,0,0.0,0.2300229408999833,0.033132213132266344,0.9660820452813488,3.4542314999271184,instant_RF_exact_pathways,runs\combined_factor_study\cases\12a870b8424f96b7,0.22240177179677412,9.721490592445043e-09,0.22240177179677434,2.5044781659033257e-06,0.22240177179677434,-0.0001943567963385006,2.9992670364578825e-09,0.00019435679636164259,179.99911582539923,0.0036877952278036225,8.252115232470548e-06,0.0015442954117555144,0.0015443174596484184,89.69383650880138,0.003933373875405353,0.2222156671156681,0.0015443081325131438,0.22222103320628667,0.3981758576185386,0.22222103320628667,0.016032293185083306,179.99911332092108,4.336808689942018e-19,0.0
timing_transfer,high_low_permutation_alternating_centering,1000,read,0,0.8,0,8,1a71dc69e9c7763f,12a870b8424f96b7,5,0,0.0,0.18624606182494366,0.11601017699351807,0.940457499181304,3.4546831999905407,instant_RF_exact_pathways,runs\combined_factor_study\cases\12a870b8424f96b7,0.16463962322796516,3.251484026957928e-07,0.16463962322828624,0.00011315399552433169,0.16463962322828624,0.010478380998863758,1.613591249518829e-08,0.010478380998876182,8.823115752960495e-05,0.01674747635456567,3.828003915846313e-05,-0.00027875429415622204,0.0002813704282765107,-82.180743106327,0.004858962242091739,0.17515628426598742,-0.0002784130098410304,0.17515650553625303,-0.09107225046413078,0.17515650553625303,0.08992123747726248,-2.492283799472673e-05,5.55149627486669e-17,0.0
timing_transfer,high_low_permutation_alternating_centering,1000,read,0,0.8,0,8,1a71dc69e9c7763f,12a870b8424f96b7,6,0,0.0,0.15266499506780473,0.20173358166548558,0.9004686805294367,3.4557074999902397,instant_RF_exact_pathways,runs\combined_factor_study\cases\12a870b8424f96b7,0.12186733881783268,5.326990780120518e-09,0.1218673388178328,2.5044781659033473e-06,0.1218673388178328,0.015513147601559479,4.998146453625078e-09,0.015513147601560286,1.845999951371564e-05,0.025970125375827387,8.715460569632892e-05,0.0008132564992068308,0.0008179132342713575,83.88310472194108,0.004827530874144437,0.13746764102508832,0.0008132668243440658,0.1374700466717391,0.33896131985436584,0.1374700466717391,0.1701118541568288,1.595552134781229e-05,1.665385358139112e-16,0.0
timing_transfer,high_low_permutation_alternating_centering,1000,read,0,0.8,0,8,1a71dc69e9c7763f,12a870b8424f96b7,7,0,0.0,0.1445829291481328,0.3761546137091756,0.823211040236932,3.4590158999199048,instant_RF_exact_pathways,runs\combined_factor_study\cases\12a870b8424f96b7,0.09019739328529991,1.7813171446239067e-07,0.09019739328547581,0.00011315399552433162,0.09019739328547581,0.02870178553406519,5.242451035497791e-08,0.028701785534113067,0.00010465213680911177,0.04621697058762197,0.00012253581871085587,-0.00036169197306032186,0.0003818849437244264,-71.28439018952642,0.008168565275035022,0.119021714638076,-0.00036146141683550485,0.11902226350453705,-0.17400312232794785,0.11902226350453705,0.3196571743284455,-8.501858715219839e-06,4.1635092746461945e-17,0.0
timing_transfer,high_low_permutation_alternating_centering,1000,read,0,0.8,0,8,1a71dc69e9c7763f,12a870b8424f96b7,8,0,0.0,0.134142251701501,0.5023868676353177,0.74471966102456,3.4679238999960944,instant_RF_exact_pathways,runs\combined_factor_study\cases\12a870b8424f96b7,0.06675094605163547,2.917776638356818e-09,0.06675094605163553,2.504478165903368e-06,0.06675094605163553,0.03299407880531314,4.5144587734221416e-09,0.03299407880531345,7.83957133730434e-06,0.05931952580586141,0.00015073552954850163,0.000722369375624208,0.0007379286650537268,78.21332302898512,0.008071779844004258,0.09989576038649742,0.0007223768078596183,0.09989837221621302,0.41431609042867407,0.09989837221621302,0.44221358336716854,5.335093171400971e-06,3.0531458513113174e-16,0.0
timing_transfer,high_low_permutation_alternating_centering,1000,read,90,0.8,0,8,5dd811482568c653,36407cb8283e7ac1,1,1,0.001,0.17923335091281167,0.002010866201569564,0.995978267596868,3.976754999952391,instant_RF_exact_pathways,runs\combined_factor_study\cases\36407cb8283e7ac1,-2.942603429575941e-07,-0.178872936625025,0.17887293662526704,-90.00009425615774,0.17887293662526704,0.0,0.0,0.0,0.0,0.0,-3.731851990805573e-10,0.00036041428754442564,0.00036041428754461885,90.00005932599684,0.0003604142875446312,-2.9463352815667465e-07,-0.17851252233748055,0.1785125223377237,-90.00009456623796,0.1785125223377237,0.0,180.0,0.0,90.0
timing_transfer,high_low_permutation_alternating_centering,1000,read,90,0.8,0,8,5dd811482568c653,36407cb8283e7ac1,2,1,0.001,0.13312839964505285,0.01045636173901297,0.9979135016652085,3.9768859000178054,instant_RF_exact_pathways,runs\combined_factor_study\cases\36407cb8283e7ac1,-4.826426987720515e-07,0.13173636093974417,0.1317363609406283,90.00020991463144,0.1317363609406283,-4.76826518906034e-11,-4.265571136104194e-05,4.265571136106859e-05,-90.00006404804004,4.265571136112236e-05,-1.1026073447212183e-09,0.0011569222316159676,0.001156922231616493,90.00005460587202,0.0013493829930634582,-4.837929887686633e-07,0.1328506274599991,0.13285062746088,90.00020865009782,0.13285062746088,0.0003204103067027853,179.99972603732851,2.7755575615628914e-17,90.0
timing_transfer,high_low_permutation_alternating_centering,1000,read,90,0.8,0,8,5dd811482568c653,36407cb8283e7ac1,3,1,0.001,0.09674876225580503,0.025270220150807245,0.9685828056409728,3.9769668999360874,instant_RF_exact_pathways,runs\combined_factor_study\cases\36407cb8283e7ac1,-1.5513748698711056e-07,-0.09430389973415512,0.09430389973428273,-90.00009425615774,0.09430389973428273,-1.088009261638445e-09,0.00039426574103499555,0.0003942657410364968,90.00015811249185,0.00041434163238070724,-1.4554263957783265e-10,0.00020044640523150301,0.00020044640523155584,90.0000416020381,0.002030520889141586,-1.5637103888832683e-07,-0.09370918758788863,0.09370918758801909,-90.00009560856087,0.09370918758801909,0.004282655640443052,-179.99974763135043,1.3877787807814457e-17,90.0
timing_transfer,high_low_permutation_alternating_centering,1000,read,90,0.8,0,8,5dd811482568c653,36407cb8283e7ac1,4,1,0.001,0.07349792406995792,0.05811077446963853,0.95367892393345,3.977091999957338,instant_RF_exact_pathways,runs\combined_factor_study\cases\36407cb8283e7ac1,-2.536267052389047e-07,0.06922690277987738,0.06922690278034198,90.00020991463144,0.06922690278034198,1.4707946938653216e-09,-0.0009263289924414657,0.0009263289924426334,-89.99990902764657,0.0010194277723053493,-1.7998844900480968e-09,0.0017928473504839203,0.0017928473504848239,90.00005752067229,0.0032515935173106,-2.5395579503508746e-07,0.07009342113791982,0.07009342113837988,90.00020758860107,0.07009342113837988,0.013870157357574098,179.999881057722,1.3877787807814457e-17,90.0
timing_transfer,high_low_permutation_alternating_centering,1000,read,90,0.8,0,8,5dd811482568c653,36407cb8283e7ac1,5,1,0.001,0.05804415654374547,0.14018724409837088,0.8893960093297596,3.977382499957457,instant_RF_exact_pathways,runs\combined_factor_study\cases\36407cb8283e7ac1,-8.210119688339113e-08,-0.04990710620179584,0.04990710620186337,-90.00009425615774,0.04990710620186337,-4.9549337157313125e-09,-0.0012644227241123485,0.001264422724122057,-90.00022452680126,0.004217299593309065,4.524528826515088e-10,-0.0004527122689382258,0.00045271226893845194,-89.99994273704871,0.003919750748573018,-8.660367771647088e-08,-0.05162424119484644,0.051624241194919075,-90.00009611812413,0.051624241194919075,0.07265674693938676,-0.0001302706435157146,2.77555756156794e-17,90.0
timing_transfer,high_low_permutation_alternating_centering,1000,read,90,0.8,0,8,5dd811482568c653,36407cb8283e7ac1,6,1,0.001,0.04640325143353467,0.21379592166940342,0.8573531479245026,3.978104699985124,instant_RF_exact_pathways,runs\combined_factor_study\cases\36407cb8283e7ac1,-1.3366071589754374e-07,0.036482425524600216,0.03648242552484506,90.00020991463144,0.03648242552484506,-1.1058777217146233e-08,0.0023738229094052423,0.0023738229094310017,90.00026692018963,0.006295655255415913,-9.751005664615932e-10,0.0009277252562009021,0.0009277252562014146,90.0000602216515,0.0036251706532736787,-1.4569459368115143e-07,0.03978397369020636,0.03978397369047314,90.00020982532769,0.03978397369047314,0.1356727182023752,5.700555819655937e-05,6.938893905169406e-18,90.0
timing_transfer,high_low_permutation_alternating_centering,1000,read,90,0.8,0,8,5dd811482568c653,36407cb8283e7ac1,7,1,0.001,0.043548165810442664,0.39234569818200793,0.7352668589716983,3.9809227000223473,instant_RF_exact_pathways,runs\combined_factor_study\cases\36407cb8283e7ac1,-4.353249355527255e-08,-0.026462230290962882,0.02646223029099869,-90.00009425615774,0.02646223029099869,-1.1041574630282777e-08,-0.0053147488162667645,0.005314748816278234,-90.00011903396518,0.010961708009629523,1.9779380227155068e-10,-0.00024254398214716512,0.0002425439821472458,-89.99995327548437,0.00612422750981443,-5.437627438328382e-08,-0.03201952308937671,0.03201952308942288,-90.00009730098162,0.03201952308942288,0.2517145740958154,-2.4777807434261108e-05,1.0408340855861873e-16,90.0
timing_transfer,high_low_permutation_alternating_centering,1000,read,90,0.8,0,8,5dd811482568c653,36407cb8283e7ac1,8,1,0.001,0.03838744385654388,0.49866578270027945,0.6818955097387197,3.9906152000185102,instant_RF_exact_pathways,runs\combined_factor_study\cases\36407cb8283e7ac1,-7.050771167685608e-08,0.01924493911982823,0.01924493911995739,90.00020991463144,0.01924493911995739,-2.4616111519266073e-08,0.006327927043504864,0.0063279270435527436,90.00022288488606,0.01350977244489954,-6.66601242376947e-10,0.0006033594326161027,0.0006033594326164709,90.00006330130225,0.005632732291686948,-9.579042443849935e-08,0.026176225595949204,0.026176225596124474,90.00020967068068,0.026176225596124474,0.35193206652118725,1.2970254629357825e-05,6.938893907996683e-18,90.0
timing_transfer,high_low_permutation_alternating_centering,1000,read,0,0.8,0,8,1a71dc69e9c7763f,538bbb0e7b64bd28,1,1,0.001,0.17923335091281165,0.002010866201569564,0.998010911958451,3.574798300047405,instant_RF_exact_pathways,runs\combined_factor_study\cases\538bbb0e7b64bd28,0.17887293662491818,3.532579125777479e-07,0.17887293662526701,0.0001131539955243316,0.17887293662526701,0.0,0.0,0.0,0.0,0.0,3.546684473854441e-06,0.00035686724303575496,0.000356884866760553,89.43059116373611,0.0003604142875446312,0.17887648330939204,0.00035722050094833273,0.17887683999786422,0.11442085327722949,0.17887683999786422,0.0,0.0,0.0,0.0
timing_transfer,high_low_permutation_alternating_centering,1000,read,0,0.8,0,8,1a71dc69e9c7763f,538bbb0e7b64bd28,2,1,0.001,0.13312839964505288,0.010456361739012968,0.9896527687085565,3.574942499981262,instant_RF_exact_pathways,runs\combined_factor_study\cases\538bbb0e7b64bd28,0.13173636094062818,5.758379455436808e-09,0.13173636094062832,2.5044781659033803e-06,0.13173636094062832,3.4183176883438216e-05,7.568976295132717e-11,3.418317688352201e-05,0.00012686661582793842,4.265571136112237e-05,-2.4521462210943508e-05,0.001132401557109482,0.0011326670246162116,91.24051114330628,0.0013493829930634582,0.1317460226553007,0.0011324073911787003,0.13175088930246578,0.49246698399626226,0.13175088930246578,0.0003204103067027853,0.00012436213766203502,0.0,0.0
timing_transfer,high_low_permutation_alternating_centering,1000,read,0,0.8,0,8,1a71dc69e9c7763f,538bbb0e7b64bd28,3,1,0.001,0.09674876225580499,0.025270220150807255,0.9771985625380144,3.5750188999809325,instant_RF_exact_pathways,runs\combined_factor_study\cases\538bbb0e7b64bd28,0.09430389973409878,1.8624169422490587e-07,0.09430389973428269,0.00011315399552433162,0.09430389973428269,0.0002599740228396311,-1.1830814931932293e-10,0.00025997402283965806,-2.607398063837222e-05,0.0004143416323807073,-2.1387444882836605e-05,0.0002236998241448287,0.00022471990147969462,95.46132261237216,0.002030520889141586,0.09454248631205557,0.00022388594753090427,0.09454275140370474,0.13568181256336487,0.09454275140370474,0.004282655640443054,-0.00013922797616270385,0.0,0.0
timing_transfer,high_low_permutation_alternating_centering,1000,read,0,0.8,0,8,1a71dc69e9c7763f,538bbb0e7b64bd28,4,1,0.001,0.0734979240699579,0.05811077446963855,0.9393980808371264,3.575145800015889,instant_RF_exact_pathways,runs\combined_factor_study\cases\538bbb0e7b64bd28,0.0692269027803419,3.0260041486458063e-09,0.06922690278034196,2.5044781659033816e-06,0.06922690278034196,-0.0002018696790224737,6.907133268962641e-10,0.00020186967902365537,179.9998039578867,0.0010194277723053488,-3.6392659905233792e-06,0.0017591804588522428,0.0017591842231740645,90.11852921812456,0.0032515935173106,0.06902139383532889,0.0017591841755697183,0.0690438088168313,1.460011249644081,0.0690438088168313,0.013870157357574095,179.99980145340857,1.3877787807814457e-17,0.0
timing_transfer,high_low_permutation_alternating_centering,1000,read,0,0.8,0,8,1a71dc69e9c7763f,538bbb0e7b64bd28,5,1,0.001,0.05804415654374544,0.14018724409837086,0.9003142326536251,3.57544400007464,instant_RF_exact_pathways,runs\combined_factor_study\cases\538bbb0e7b64bd28,0.04990710620176602,9.856203231347778e-08,0.049907106201863345,0.00011315399552433165,0.049907106201863345,0.0023474797947736197,3.5902617761602793e-09,0.0023474797947763654,8.762880412387265e-05,0.004217299593309063,1.6860875658201328e-06,-0.00042262859118896376,0.00042263195452029877,-89.77141823602484,0.003919750748573018,0.05225627208410547,-0.00042252643889487444,0.052257980258709064,-0.46326408599684865,0.052257980258709064,0.07265674693938677,-2.5525191400458996e-05,6.946513017424995e-18,0.0
timing_transfer,high_low_permutation_alternating_centering,1000,read,0,0.8,0,8,1a71dc69e9c7763f,538bbb0e7b64bd28,6,1,0.001,0.046403251433534666,0.21379592166940345,0.8570661252516438,3.5762113999808207,instant_RF_exact_pathways,runs\combined_factor_study\cases\538bbb0e7b64bd28,0.03648242552484502,1.5946975316970535e-09,0.036482425524845055,2.5044781659033918e-06,0.036482425524845055,0.0032635934254129895,1.0018179007450132e-09,0.0032635934254131435,1.7587955995492858e-05,0.006295655255415911,1.4592895721991057e-05,0.0008937184020094144,0.0008938375326063536,89.06454086694609,0.0036251706532736787,0.03976061184597998,0.0008937209985248474,0.03977065490521734,1.2876517152273093,0.03977065490521734,0.1356727182023752,1.5083477829589465e-05,2.082373912328988e-17,0.0
timing_transfer,high_low_permutation_alternating_centering,1000,read,0,0.8,0,8,1a71dc69e9c7763f,538bbb0e7b64bd28,7,1,0.001,0.04354816581044265,0.39234569818200804,0.7500029935473144,3.579533400014043,instant_RF_exact_pathways,runs\combined_factor_study\cases\538bbb0e7b64bd28,0.026462230290947072,5.226051749982493e-08,0.026462230290998676,0.0001131539955243316,0.026462230290998676,0.006180629613644602,1.1370092090844929e-08,0.006180629613655061,0.00010540322429960408,0.01096170800962952,1.7709891148168482e-05,-0.0002115833436264372,0.00021232322422340657,-85.21539714693847,0.00612422750981443,0.0326605697957399,-0.00021151971301684667,0.0326612547213268,-0.37105958296072944,0.0326612547213268,0.2517145740958154,-7.750771224727503e-06,5.551131666713382e-17,0.0
timing_transfer,high_low_permutation_alternating_centering,1000,read,0,0.8,0,8,1a71dc69e9c7763f,538bbb0e7b64bd28,8,1,0.001,0.038387443856543864,0.49866578270027956,0.6809657799774296,3.5940743000246584,instant_RF_exact_pathways,runs\combined_factor_study\cases\538bbb0e7b64bd28,0.019244939119957363,8.412230401554852e-10,0.01924493911995738,2.504478165903402e-06,0.01924493911995738,0.006867589811668901,8.212898323405297e-10,0.00686758981166895,6.851958611471566e-06,0.013509772444899535,2.1708423781975555e-05,0.0005737942673014928,0.0005742047690947496,87.83335560038499,0.005632732291686948,0.026134237355408305,0.0005737959298143653,0.02614053564711118,1.2577678653077713,0.02614053564711118,0.35193206652118725,4.347480445568165e-06,6.245004513516506e-17,0.0
timing_transfer,high_low_permutation_alternating_centering,1000,read,90,1,0,8,5dd811482568c653,645d6d090940e8c4,1,0,0.0,0.636883836072569,2.2561301536644559e-10,0.9999999995487739,4.098956200061366,instant_RF_exact_pathways,runs\combined_factor_study\cases\645d6d090940e8c4,-1.047725047289841e-06,-0.636883835928018,0.6368838359288798,-90.00009425615774,0.6368838359288798,0.0,0.0,0.0,0.0,0.0,-1.450359088033246e-16,1.436893259620753e-10,1.4368932596214848e-10,90.00005783272624,1.436893259621485e-10,-1.047725047434877e-06,-0.6368838357843287,0.6368838357851905,-90.00009425615778,0.6368838357851905,0.0,180.0,0.0,90.0
timing_transfer,high_low_permutation_alternating_centering,1000,read,90,1,0,8,5dd811482568c653,645d6d090940e8c4,2,0,0.0,0.5214104562273683,6.26723447114393e-10,0.9999999987465695,4.099094900069758,instant_RF_exact_pathways,runs\combined_factor_study\cases\645d6d090940e8c4,-1.910292251941308e-06,0.5214104558970888,0.5214104559005881,90.00020991463144,0.5214104559005881,-7.498838743573914e-21,-6.760683802904211e-15,6.76068380290837e-15,-90.00006355153174,6.760683802917016e-15,3.2981139950837057e-16,-3.267648397812782e-10,3.2676483978144463e-10,-89.99994217002894,3.2677340896816264e-10,-1.910292251611504e-06,0.5214104555703172,0.5214104555738165,90.00020991463153,0.5214104555738165,1.2966145427603252e-14,179.99972653383685,0.0,90.0
timing_transfer,high_low_permutation_alternating_centering,1000,read,90,1,0,8,5dd811482568c653,645d6d090940e8c4,3,0,0.0,0.426828168455355,1.1323041101684187e-09,0.999999997735425,4.0991703000618145,instant_RF_exact_pathways,runs\combined_factor_study\cases\645d6d090940e8c4,-7.021666075430062e-07,-0.42682816797147816,0.4268281679720557,-90.00009425615774,0.4268281679720557,-2.371235307400181e-19,8.297078531817961e-14,8.297078531851845e-14,90.00016374652213,8.714868475020731e-14,-4.876937684436757e-16,4.83202158134233e-10,4.832021581344791e-10,90.00005782837299,4.832120662476973e-10,-7.02166608030937e-07,-0.426828167488193,0.4268281674887706,-90.00009425615791,0.4268281674887706,2.041774446742561e-13,-179.99974199732014,1.0587911840678754e-22,90.0
timing_transfer,high_low_permutation_alternating_centering,1000,read,90,1,0,8,5dd811482568c653,645d6d090940e8c4,4,0,0.0,0.34936806949041305,1.4386519587161886e-09,0.9999999971227731,4.099300100002438,instant_RF_exact_pathways,runs\combined_factor_study\cases\645d6d090940e8c4,-1.2799803067054801e-06,0.34936806898544925,0.349368068987794,90.00020991463144,0.349368068987794,3.014329025577995e-19,-2.3284721218367154e-13,2.3284721218386667e-13,-89.99992582761476,2.487649082917737e-13,5.070463613471922e-16,-5.023592721443443e-10,5.023592721446002e-10,-89.99994216964205,5.023703061295595e-10,-1.2799803061981324e-06,0.3493680684828571,0.34936806848520185,90.00020991463165,0.34936806848520185,7.120424847485956e-13,179.9998642577538,0.0,90.0
timing_transfer,high_low_permutation_alternating_centering,1000,read,90,1,0,8,5dd811482568c653,645d6d090940e8c4,5,0,0.0,0.28593488863154065,2.337673558190354e-09,0.9999999953247719,4.099591800011694,instant_RF_exact_pathways,runs\combined_factor_study\cases\645d6d090940e8c4,-4.7038584921226857e-07,-0.2859348879627313,0.2859348879631182,-90.00009425615774,0.2859348879631182,-3.526843472542133e-19,4.142851499124672e-13,4.1428514991261736e-13,90.0000487763672,4.37745693868341e-13,-6.74183413400121e-16,6.679741315459026e-10,6.679741315462427e-10,90.00005782838343,6.679845882326334e-10,-4.703858498868047e-07,-0.2859348872943429,0.2859348872947298,-90.00009425615809,0.2859348872947298,1.5309278834889774e-12,-179.99985696747507,0.0,90.0
timing_transfer,high_low_permutation_alternating_centering,1000,read,90,1,0,8,5dd811482568c653,645d6d090940e8c4,6,0,0.0,0.23399572972732124,2.519435825946161e-09,0.9999999949613039,4.100527500035241,instant_RF_exact_pathways,runs\combined_factor_study\cases\645d6d090940e8c4,-8.572904960012743e-07,0.2339957291362136,0.23399572913778402,90.00020991463144,0.23399572913778402,1.0963247737545778e-18,-6.343826341296601e-13,6.343826341306075e-13,-89.9999009828152,6.662255406538833e-13,5.943534287832306e-16,-5.88861762060976e-10,5.888617620612759e-10,-89.9999421698857,5.888709866698225e-10,-8.572904954058242e-07,0.23399572854671746,0.23399572854828787,90.00020991463181,0.23399572854828787,2.8471696531823295e-12,179.99988910255337,4.235164736271502e-22,90.0
timing_transfer,high_low_permutation_alternating_centering,1000,read,90,1,0,8,5dd811482568c653,645d6d090940e8c4,7,0,0.0,0.19147073732714176,4.12108885738105e-09,0.9999999917580679,4.104412500048056,instant_RF_exact_pathways,runs\combined_factor_study\cases\645d6d090940e8c4,-3.14984735326798e-07,-0.19147073653781477,0.19147073653807384,-90.00009425615774,0.19147073653807384,-1.4586162959029757e-19,9.858294142335251e-13,9.85829414233536e-13,90.00000847738528,1.0249511559631225e-12,-7.953642301992985e-16,7.880350601679828e-10,7.880350601683842e-10,90.00005782866253,7.880429939552932e-10,-3.1498473612230823e-07,-0.19147073574879386,0.19147073574905293,-90.00009425615836,0.19147073574905293,5.353043343703839e-12,-179.99989726645697,2.775557561583086e-17,90.0
timing_transfer,high_low_permutation_alternating_centering,1000,read,90,1,0,8,5dd811482568c653,645d6d090940e8c4,8,0,0.0,0.1566583927882092,4.1854629120081175e-09,0.9999999916965516,4.115837300079875,instant_RF_exact_pathways,runs\combined_factor_study\cases\645d6d090940e8c4,-5.739495809984216e-07,0.15665839213146993,0.1566583921325213,90.00020991463144,0.1566583921325213,2.7192041074355873e-18,-1.2610927282065147e-12,1.2610927282094462e-12,-89.99987645720611,1.3825955662377526e-12,6.498569206487241e-16,-6.438560032272666e-10,6.438560032275946e-10,-89.99994217020786,6.543053348289448e-10,-5.739495803458453e-07,0.15665839148635294,0.15665839148740432,90.00020991463205,0.15665839148740432,8.82554417692081e-12,179.99991362816246,1.110223024627176e-16,90.0
timing_transfer,high_low_permutation_alternating_centering,1000,held_oblique,67.5,1.1,150,8,b60ab2c134a2bc35,6a0df43be858c9dc,1,1,0.001,0.20965407446053197,4.410633490285908e-06,0.9999952405993335,4.447358999983408,instant_RF_exact_pathways,runs\combined_factor_study\cases\6a0df43be858c9dc,0.0756449865450971,-0.19553076282787488,0.20965314975324978,-68.85004093384917,0.20965314975324978,0.0,0.0,0.0,0.0,0.0,-8.854660561983925e-07,-2.6415643386504344e-07,9.24028548385726e-07,-163.38885608102626,9.247072821892195e-07,0.0756441010790409,-0.19553102698430874,0.20965307663279026,-68.85029266831101,0.20965307663279026,0.0,0.0,0.0,67.5
timing_transfer,high_low_permutation_alternating_centering,1000,held_oblique,67.5,1.1,150,8,b60ab2c134a2bc35,6a0df43be858c9dc,2,1,0.001,0.1669510163141375,0.0025265725165444573,0.9990795142094705,4.447488100035116,instant_RF_exact_pathways,runs\combined_factor_study\cases\6a0df43be858c9dc,0.06733460003573258,0.15230898499944112,0.16652920246470904,66.15015666053058,0.16652920246470904,-2.1519066964294642e-07,5.635606116952382e-07,6.032475340651554e-07,110.89891736426017,6.034497613305299e-07,0.0004021452097748756,0.00011458082649273645,0.00041815013517232933,15.9035251176929,0.00042121039966713065,0.0677365300548378,0.15242412938654556,0.16679734027590587,66.03987388574673,0.16679734027590587,3.614531822885522e-06,44.74876070372958,0.0,67.5
timing_transfer,high_low_permutation_alternating_centering,1000,held_oblique,67.5,1.1,150,8,b60ab2c134a2bc35,6a0df43be858c9dc,3,1,0.001,0.129400942930607,0.006415205772386227,0.9950189969536838,4.44763240008615,instant_RF_exact_pathways,runs\combined_factor_study\cases\6a0df43be858c9dc,0.04638965428184875,-0.11991018709010773,0.12857080925456635,-68.85004093384916,0.12857080925456635,6.103110873367019e-05,7.843523105272023e-05,9.938250199886639e-05,52.11321668204717,0.00012520354217742652,0.0006677569148054848,6.620860402725778e-06,0.0006677897371650839,0.568073379836389,0.0007049301338632359,0.04711844230538792,-0.1198251309986523,0.12875639643967346,-68.53392231623344,0.12875639643967346,0.0009675628271470062,120.96325761589634,1.962615573354719e-17,67.5
timing_transfer,high_low_permutation_alternating_centering,1000,held_oblique,67.5,1.1,150,8,b60ab2c134a2bc35,6a0df43be858c9dc,4,1,0.001,0.10299133967882489,0.011640582742243487,0.9879566874535218,4.44784040004015,instant_RF_exact_pathways,runs\combined_factor_study\cases\6a0df43be858c9dc,0.041158874904770805,0.09310022569582199,0.10179246046755902,66.15015666053057,0.10179246046755902,-3.1771591130027512e-06,-0.00024337594372099026,0.00024339668100060847,-90.74792711753022,0.00035684055951970653,0.000581736096468584,-6.003345925788163e-05,0.0005848255313894678,-5.891899971568828,0.000842038651746148,0.0417374338421264,0.0927968162928431,0.1017509827854923,65.78310675476749,0.1017509827854923,0.003464762771632082,-156.89808377806082,1.962615573354719e-17,67.5
timing_transfer,high_low_permutation_alternating_centering,1000,held_oblique,67.5,1.1,150,8,b60ab2c134a2bc35,6a0df43be858c9dc,5,1,0.001,0.08109670895398445,0.02404935798066645,0.9764997301087139,4.448128500021994,instant_RF_exact_pathways,runs\combined_factor_study\cases\6a0df43be858c9dc,0.028556819910747287,-0.07381502775147979,0.07914638516929616,-68.85004093384914,0.07914638516929616,0.00015411031224664355,0.00017141531216751884,0.00023050639380773347,48.042989455871364,0.0008403713595102672,0.0007496849909209233,0.0001366530700188849,0.0007620378252801438,10.330494126004718,0.0011099524251780152,0.029460615213914843,-0.07350695936929338,0.07919091440627074,-68.15974127461226,0.07919091440627074,0.010362582777398613,116.89303038972052,1.0408340855860843e-17,67.5
timing_transfer,high_low_permutation_alternating_centering,1000,held_oblique,67.5,1.1,150,8,b60ab2c134a2bc35,6a0df43be858c9dc,6,1,0.001,0.06465915703734591,0.03494881774240038,0.9648749885332155,4.448816000018269,instant_RF_exact_pathways,runs\combined_factor_study\cases\6a0df43be858c9dc,0.025230640068437515,0.05707100328316574,0.062399395942670466,66.15015666053058,0.062399395942670466,9.875183281731467e-05,-0.00018441739529803213,0.00020919297352752915,-61.83183967939722,0.001289871093424048,0.0005407777990019429,-0.00011513805941019602,0.000552899087192348,-12.019481013951193,0.000969890001251472,0.02587016970025678,0.056771447828457555,0.06238800340497652,65.50172957426632,0.06238800340497652,0.019948776824898023,-127.98199633992779,3.5381555418772973e-17,67.5
timing_transfer,high_low_permutation_alternating_centering,1000,held_oblique,67.5,1.1,150,8,b60ab2c134a2bc35,6a0df43be858c9dc,7,1,0.001,0.052440285850374274,0.06913637363937734,0.9390551557893358,4.451608000090346,instant_RF_exact_pathways,runs\combined_factor_study\cases\6a0df43be858c9dc,0.017612859445971102,-0.04552655767871349,0.048814754654067045,-68.85004093384916,0.048814754654067045,0.0004888358400538405,-0.00020550973860187052,0.0005302779753877706,-22.802198580221948,0.0022037857394362594,0.0006122967939852443,0.00018220867581750415,0.0006388328149584812,16.572072508782526,0.0014217454568708856,0.0187139920800102,-0.04554985874149779,0.04924432079886052,-67.66487057779435,0.04924432079886052,0.04202467060771239,46.0478423536272,7.076311083754595e-17,67.5
timing_transfer,high_low_permutation_alternating_centering,1000,held_oblique,67.5,1.1,150,8,b60ab2c134a2bc35,6a0df43be858c9dc,8,1,0.001,0.04240301425708177,0.09703178493386949,0.9166931417859362,4.4603587000165135,instant_RF_exact_pathways,runs\combined_factor_study\cases\6a0df43be858c9dc,0.015481643967614932,0.03501904633841781,0.03828857409714081,66.15015666053057,0.03828857409714081,0.00041035126586723685,0.0004458767599510058,0.0006059655489078984,47.37587887759544,0.002901442696460159,0.0003589995012445745,-0.00015451371326449375,0.0003908390071124368,-23.287088138886308,0.0012129974634808897,0.016250994734726697,0.03531040938510437,0.03887055236051813,65.28658032361426,0.03887055236051813,0.06842538784788363,-18.774277782935137,6.869154506741516e-17,67.5
timing_transfer,high_low_permutation_alternating_centering,1000,phase,22.5,0.9,-75,8,10bd5fae7f938d2e,ab6af8e6ef1a196c,1,1,0.001,0.22601620857133903,0.0004455865809829718,0.99932172806234,3.907935900031589,instant_RF_exact_pathways,runs\combined_factor_study\cases\ab6af8e6ef1a196c,0.20972288155928204,-0.08398884176045306,0.225915498781715,-21.824883938140918,0.225915498781715,0.0,0.0,0.0,0.0,0.0,-8.062781290266158e-05,-5.982692850073393e-05,0.00010039972902004533,-143.42408482556712,0.0001007097896240409,0.20964225374637938,-0.08404866868895379,0.22586290811960877,-21.846576676355664,0.22586290811960877,0.0,0.0,0.0,22.5
timing_transfer,high_low_permutation_alternating_centering,1000,phase,22.5,0.9,-75,8,10bd5fae7f938d2e,ab6af8e6ef1a196c,2,1,0.001,0.17988121692597708,0.0024179139356824233,0.9979899894227708,3.9080782000673935,instant_RF_exact_pathways,runs\combined_factor_study\cases\ab6af8e6ef1a196c,0.164966246885054,0.07061943542568747,0.17944627962480425,23.174999562510745,0.17944627962480425,5.018432398835027e-06,1.1326035780588307e-05,1.238804868592482e-05,66.1024348222315,1.26545042124194e-05,0.00019443005522606474,-0.0002915891292245226,0.0003504672119573041,-56.30485834266427,0.0004222827969604165,0.16516569537267892,0.07033917233224353,0.17951965377731102,23.067716844394372,0.17951965377731102,7.034922505347991e-05,42.92743525972076,0.0,22.5
timing_transfer,high_low_permutation_alternating_centering,1000,phase,22.5,0.9,-75,8,10bd5fae7f938d2e,ab6af8e6ef1a196c,3,1,0.001,0.1394060994384255,0.0061883583756525504,0.9972118244865764,3.9081697000656277,instant_RF_exact_pathways,runs\combined_factor_study\cases\ab6af8e6ef1a196c,0.12861323006555192,-0.05150642670920474,0.13854340453534866,-21.82488393814092,0.13854340453534866,8.506064163747052e-05,2.1939980469719487e-05,8.784460995866426e-05,14.463250521329249,0.0001431647581179638,0.00039881560951120324,-8.8545338538155e-05,0.00040852682576133115,-12.517806654991793,0.0007195301449588584,0.1290971063167006,-0.05157303206727317,0.13901741076554938,-21.776225795531214,0.13901741076554938,0.0010269619384996743,36.28813445947018,6.938893903907228e-18,22.5
timing_transfer,high_low_permutation_alternating_centering,1000,phase,22.5,0.9,-75,8,10bd5fae7f938d2e,ab6af8e6ef1a196c,4,1,0.001,0.11090230320997545,0.010950685611333449,0.9920234487308828,3.908320900052786,instant_RF_exact_pathways,runs\combined_factor_study\cases\ab6af8e6ef1a196c,0.10083682135249013,0.04316664486521047,0.10968784695395023,23.174999562510745,0.10968784695395023,-5.111738481963174e-05,-0.00013826444138569384,0.00014741113520523572,-110.28972544551411,0.00039429039162292126,0.0004942826574616572,-6.0306362427558574e-05,0.0004979479920800987,-6.9561543689777885,0.0008201658644023124,0.10127998662513217,0.0429680740613972,0.1100176853025579,22.989103703668647,0.1100176853025579,0.0035552948875768307,-133.46472500802486,3.469446951953614e-17,22.5
timing_transfer,high_low_permutation_alternating_centering,1000,phase,22.5,0.9,-75,8,10bd5fae7f938d2e,ab6af8e6ef1a196c,5,1,0.001,0.08732154751558127,0.023320702721564376,0.9854949348521204,3.908704600064084,instant_RF_exact_pathways,runs\combined_factor_study\cases\ab6af8e6ef1a196c,0.07917228795244978,-0.031706548733318365,0.08528514766478344,-21.82488393814093,0.08528514766478344,0.00016147817383687738,6.702691662775785e-05,0.00017483651843455702,22.54252850999427,0.0009142213515480958,0.0005818749296401255,-0.00028137246117474764,0.0006463349717068047,-25.806634641815247,0.00112217849924976,0.07991564105592677,-0.031920894277865354,0.0860549427800541,-21.773367329594798,0.0860549427800541,0.010469596308803003,44.367412448135205,1.3877787807814457e-17,22.5
timing_transfer,high_low_permutation_alternating_centering,1000,phase,22.5,0.9,-75,8,10bd5fae7f938d2e,ab6af8e6ef1a196c,6,1,0.001,0.06960346595542682,0.03396855665171395,0.9735501718866822,3.9096894999966025,instant_RF_exact_pathways,runs\combined_factor_study\cases\ab6af8e6ef1a196c,0.061813418728502156,0.026461344758483007,0.06723913667896426,23.17499956251074,0.06723913667896426,0.00011933856610823231,-0.00016383473703360772,0.00020269068656364141,-53.93009823084414,0.0013969298575930665,0.00045824051494297715,0.00014327710578927844,0.00048011738000051295,17.362789026314264,0.0009673994188694436,0.06239099780955334,0.026440787127238675,0.06776246624481462,22.966827742338754,0.06776246624481462,0.020069831845552673,-77.10509779335487,2.7755575615628914e-17,22.5
timing_transfer,high_low_permutation_alternating_centering,1000,phase,22.5,0.9,-75,8,10bd5fae7f938d2e,ab6af8e6ef1a196c,7,1,0.001,0.056434900121962964,0.06793861672230597,0.9502309281750869,3.912999300053343,instant_RF_exact_pathways,runs\combined_factor_study\cases\ab6af8e6ef1a196c,0.0488306005368298,-0.01955545122717764,0.0526007910728153,-21.82488393814092,0.0526007910728153,0.00036301937821365323,-0.0001796544331421091,0.0004050417068725639,-26.330318834586002,0.002383741166757189,0.0004894787128018883,-0.00044799863841854596,0.0006635451682523688,-42.46651579354634,0.0014503678823904287,0.049683098627845305,-0.020183104298738288,0.05362618752436119,-22.108800459225286,0.05362618752436119,0.04223877709725051,-4.505434896445079,3.5381555418772973e-17,22.5
timing_transfer,high_low_permutation_alternating_centering,1000,phase,22.5,0.9,-75,8,10bd5fae7f938d2e,ab6af8e6ef1a196c,8,1,0.001,0.04561834082785852,0.09557971616327078,0.9228868830737732,3.924500700086355,instant_RF_exact_pathways,runs\combined_factor_study\cases\ab6af8e6ef1a196c,0.037928914594426065,0.01623676712990771,0.041258152759692454,23.174999562510735,0.041258152759692454,0.0004618221871141272,-3.0470229385862594e-05,0.0004628262820861657,-3.77480539911682,0.0031317154046620077,0.0003396251912629836,0.00029876048120974893,0.0004523307370421547,41.33734693094989,0.0012284726635040171,0.03873036197280312,0.016505057381731584,0.0421005683776194,23.08142070287443,0.0421005683776194,0.06865035746213528,-26.949804961627553,5.647850449853784e-17,22.5
timing_transfer,high_low_permutation_alternating_centering,1000,read,0,1,0,8,1a71dc69e9c7763f,c0467d7707fcb335,1,1,0.001,0.2079343069623639,4.615359086053874e-10,0.9999999995384654,3.906884399941191,instant_RF_exact_pathways,runs\combined_factor_study\cases\c0467d7707fcb335,0.20793430686598924,4.106514969942499e-07,0.20793430686639475,0.0001131539955243316,0.20793430686639475,0.0,0.0,0.0,0.0,0.0,7.571319947865433e-17,9.596898230874003e-11,9.59689823087699e-11,89.99995479740767,9.596915488449069e-11,0.20793430686598932,4.1074746597655864e-07,0.20793430686639502,0.00011318043953798813,0.20793430686639502,0.0,0.0,0.0,0.0
timing_transfer,high_low_permutation_alternating_centering,1000,read,0,1,0,8,1a71dc69e9c7763f,c0467d7707fcb335,2,1,0.001,0.1693070307380399,1.3743446011901854e-09,0.9999999986256598,3.9071518999990076,instant_RF_exact_pathways,runs\combined_factor_study\cases\c0467d7707fcb335,0.16930703050535353,7.400645646818978e-09,0.1693070305053537,2.504478165903362e-06,0.1693070305053537,1.8387100532048553e-15,4.0713456370032834e-21,1.838710053209363e-15,0.00012686661582793842,2.2944469314173194e-15,-1.0841050256522439e-15,-2.326826132999129e-10,2.3268261330243842e-10,-90.00026695008123,2.3268393763918118e-10,0.16930703050535428,7.167963033523136e-09,0.16930703050535445,2.4257352355706105e-06,0.16930703050535445,1.3551988487515321e-14,0.00012436213766203505,0.0,0.0
timing_transfer,high_low_permutation_alternating_centering,1000,read,0,1,0,8,1a71dc69e9c7763f,c0467d7707fcb335,3,1,0.001,0.1339944474297736,2.798659081956431e-09,0.9999999972014503,3.9072723999852315,instant_RF_exact_pathways,runs\combined_factor_study\cases\c0467d7707fcb335,0.13399444705450753,2.6462694444795564e-07,0.13399444705476882,0.00011315399552433165,0.13399444705476882,1.5602438481792258e-14,-6.816824039305569e-21,1.5602438481793747e-14,-2.5032961840631512e-05,2.470309765404463e-14,-1.7058309566118714e-15,3.74978738360867e-10,3.7497873836474706e-10,90.00026064654973,3.7498006583360306e-10,0.13399444705452143,2.6500192318630965e-07,0.13399444705478347,0.00011331433574428438,0.13399444705478347,1.8435911433562579e-13,-0.00013818695736496312,0.0,0.0
timing_transfer,high_low_permutation_alternating_centering,1000,read,0,1,0,8,1a71dc69e9c7763f,c0467d7707fcb335,4,1,0.001,0.10874764726725217,3.497678771057195e-09,0.9999999965021533,3.907465999945998,instant_RF_exact_pathways,runs\combined_factor_study\cases\c0467d7707fcb335,0.10874764688688772,4.75351080893125e-09,0.10874764688688783,2.5044781659033553e-06,0.10874764688688783,-1.7331147214844938e-14,4.577796046401339e-20,1.7331147214905396e-14,179.99984866068607,6.975771101997786e-14,-9.215103686398989e-16,-3.8029325880307527e-10,3.8029325880419176e-10,-90.00013883668375,3.8029456414810334e-10,0.10874764688686948,4.373217550173952e-09,0.10874764688686957,2.3041133825927674e-06,0.10874764688686957,6.414640939177763e-13,179.9998461562079,1.3877787807814457e-17,0.0
timing_transfer,high_low_permutation_alternating_centering,1000,read,0,1,0,8,1a71dc69e9c7763f,c0467d7707fcb335,5,1,0.001,0.08667526461005284,6.181971597664477e-09,0.9999999938177591,3.907920500030741,instant_RF_exact_pathways,runs\combined_factor_study\cases\c0467d7707fcb335,0.08667526407405979,1.7117582702369543e-07,0.08667526407422882,0.0001131539955243316,0.08667526407422882,-2.27909655081121e-14,-1.329664203343332e-19,2.2790965508499973e-14,-179.99966572654856,1.1965326485581666e-13,-1.6195794801242853e-15,5.357032781366971e-10,5.357032781391454e-10,90.00017322102102,5.357043570333957e-10,0.08667526407403539,1.7171153030169922e-07,0.08667526407420548,0.00011350811659026068,0.08667526407420548,1.3804776413908858e-12,-179.99977888054408,1.387778780791543e-17,0.0
timing_transfer,high_low_permutation_alternating_centering,1000,read,0,1,0,8,1a71dc69e9c7763f,c0467d7707fcb335,6,1,0.001,0.07004938237061052,6.318353960746746e-09,0.9999999936805223,3.9091233999934047,instant_RF_exact_pathways,runs\combined_factor_study\cases\c0467d7707fcb335,0.07004938192801366,3.0619558554688603e-09,0.07004938192801373,2.504478165903352e-06,0.07004938192801373,-7.834193019303066e-14,8.707634253321577e-20,7.834193019307905e-14,179.99993631626245,1.7894930995465627e-13,-3.719377913323482e-16,-4.424170377653026e-10,4.4241703776545895e-10,-90.00004816827534,4.4241785624904807e-10,0.07004938192793496,2.619538817790635e-09,0.07004938192793501,2.142610175839949e-06,0.07004938192793501,2.5546165276360112e-12,179.99993381178427,1.387778780781448e-17,0.0
timing_transfer,high_low_permutation_alternating_centering,1000,read,0,1,0,8,1a71dc69e9c7763f,c0467d7707fcb335,7,1,0.001,0.05617393803549104,1.1274202960570018e-08,0.9999999887235075,3.911623200052418,instant_RF_exact_pathways,runs\combined_factor_study\cases\c0467d7707fcb335,0.05617393740206512,1.1093845856367648e-07,0.05617393740217466,0.00011315399552433165,0.05617393740217466,-1.2863822899487688e-13,-3.8767169671618744e-19,1.2863822899546104e-13,-179.99982733008505,2.750585605006799e-13,-1.240452963936397e-15,6.330407227356952e-10,6.330407227369105e-10,90.00011227195498,6.330413242887788e-10,0.05617393740193525,1.1157149928602451e-07,0.05617393740204605,0.0001137996786176403,0.05617393740204605,4.896551143110106e-12,-179.99994048408058,1.3877787807820768e-17,0.0
timing_transfer,high_low_permutation_alternating_centering,1000,read,0,1,0,8,1a71dc69e9c7763f,c0467d7707fcb335,8,1,0.001,0.04516612018482556,1.0812430524626204e-08,0.9999999891830149,3.9187934000510722,instant_RF_exact_pathways,runs\combined_factor_study\cases\c0467d7707fcb335,0.045166119696469983,1.9742738746151195e-09,0.045166119696470025,2.5044781659033553e-06,0.045166119696470025,-2.0577412685604307e-13,1.1777412793209127e-19,2.0577412685607677e-13,179.99996720695373,3.6774159354281667e-13,8.762209666520286e-17,-4.779741163009599e-10,4.779741163009678e-10,-89.99998949655189,4.879878003885056e-10,0.045166119696264294,1.496299758431933e-09,0.045166119696264315,1.898140943280661e-06,0.045166119696264315,8.141978811506742e-12,179.99996470247555,6.938893903907256e-18,0.0
timing_transfer,high_low_permutation_alternating_centering,1000,read,90,0.8,0,8,5dd811482568c653,c3995eeb192c3239,1,0,0.0,0.5484735733222251,0.0010977128796690477,0.9978045742406667,3.9641654000151902,instant_RF_exact_pathways,runs\combined_factor_study\cases\c3995eeb192c3239,-9.012926188510003e-07,-0.5478715068158898,0.5478715068166312,-90.00009425615774,0.5478715068166312,0.0,0.0,0.0,0.0,0.0,-7.87534025179397e-10,0.0006020665055932288,0.0006020665055937439,90.00007494583313,0.0006020665055939558,-9.020801528761797e-07,-0.5472694403102966,0.54726944031104,-90.00009444230162,0.54726944031104,0.0,180.0,0.0,90.0
timing_transfer,high_low_permutation_alternating_centering,1000,read,90,0.8,0,8,5dd811482568c653,c3995eeb192c3239,2,0,0.0,0.4076090537827295,0.0046711700976999,0.9971507115314906,3.964314899989404,instant_RF_exact_pathways,runs\combined_factor_study\cases\c3995eeb192c3239,-1.4863821593980892e-06,0.40570504255642503,0.40570504255914785,90.00020991463144,0.40570504255914785,-1.394097621564523e-10,-0.00012568683674996092,0.00012568683675003825,-90.00006355153174,0.00012568683675019896,-7.989878374322261e-10,0.0008683022837299483,0.0008683022837303159,90.00005272199766,0.001778324386831465,-1.487320556997678e-06,0.40644765800340504,0.4064476580061263,90.00020966338228,0.4064476580061263,0.0003083514352387144,179.99972653383685,2.117582368135751e-22,90.0
timing_transfer,high_low_permutation_alternating_centering,1000,read,90,0.8,0,8,5dd811482568c653,c3995eeb192c3239,3,0,0.0,0.3043856929749852,0.013103318835959141,0.9807989241896315,3.96443279995583,instant_RF_exact_pathways,runs\combined_factor_study\cases\c3995eeb192c3239,-4.941775633988141e-07,-0.30039723019042314,0.3003972301908296,-90.00009425615774,0.3003972301908296,-3.963952566457924e-09,0.0014016849400149355,0.0014016849400205404,90.0001620319558,0.0014658335665476115,-3.4488328385912697e-10,0.00045438504224331103,0.00045438504224344195,90.00004348813177,0.0025226292176079444,-4.984863992491313e-07,-0.2985411602081648,0.29854116020858096,-90.00009566910909,0.29854116020858096,0.004815711120391179,-179.99974371188645,1.1102230246256614e-16,90.0
timing_transfer,high_low_permutation_alternating_centering,1000,read,90,0.8,0,8,5dd811482568c653,c3995eeb192c3239,4,0,0.0,0.23002294089998326,0.03313221313226635,0.9596736587253555,3.9646372999995947,instant_RF_exact_pathways,runs\combined_factor_study\cases\c3995eeb192c3239,-8.148136974882582e-07,0.2224017717952817,0.2224017717967743,90.00020991463144,0.2224017717967743,3.8559853322120966e-09,-0.0033092751310566876,0.003309275131058934,-89.99993323864695,0.0036877952278036212,-1.6917730945731974e-09,0.0016544606185322395,0.0016544606185331045,90.00005858795134,0.003933373875405354,-8.12649485250619e-07,0.2207469572827573,0.22074695728425314,90.00021092651198,0.22074695728425314,0.016032293185083302,179.99985684672163,5.551115123166172e-17,90.0
timing_transfer,high_low_permutation_alternating_centering,1000,read,90,0.8,0,8,5dd811482568c653,c3995eeb192c3239,5,0,0.0,0.1862460618249437,0.11601017699351805,0.9171279831422409,3.9650371000170708,instant_RF_exact_pathways,runs\combined_factor_study\cases\c3995eeb192c3239,-2.708453995869667e-07,-0.16463962322806347,0.16463962322828626,-90.00009425615774,0.16463962322828626,-2.200205482452932e-08,-0.005758053277323455,0.005758053277365491,-90.00021893247967,0.016747476354565666,3.160418113432755e-10,-0.00041379854405830085,0.0004137985440584215,-89.99995623990901,0.004858962242091739,-2.925314126001525e-07,-0.17081147504944522,0.1708114750496957,-90.0000981246448,0.1708114750496957,0.08992123747726245,-0.0001246763219285961,2.117582368135751e-22,90.0
timing_transfer,high_low_permutation_alternating_centering,1000,read,90,0.8,0,8,5dd811482568c653,c3995eeb192c3239,6,0,0.0,0.1526649950678047,0.20173358166548552,0.8769915653265735,3.96623969997745,instant_RF_exact_pathways,runs\combined_factor_study\cases\c3995eeb192c3239,-4.4648554794765757e-07,0.12186733881701489,0.12186733881783278,90.00020991463144,0.12186733881783278,-5.231993371526085e-08,0.011039194824497946,0.01103919482462193,90.00027155163342,0.025970125375827387,-1.2198425184562432e-09,0.0009793793526410848,0.0009793793526418446,90.00007136338722,0.004827530874144437,-5.000253241813745e-07,0.13388591299415395,0.13388591299508767,90.00021398323456,0.13388591299508767,0.17011185415682883,6.163700199501984e-05,2.775557561643671e-17,90.0
timing_transfer,high_low_permutation_alternating_centering,1000,read,90,0.8,0,8,5dd811482568c653,c3995eeb192c3239,7,0,0.0,0.1445829291481328,0.3761546137091757,0.7956544688274527,3.9697705999715254,instant_RF_exact_pathways,runs\combined_factor_study\cases\c3995eeb192c3239,-1.4838195415591987e-07,-0.09019739328535374,0.0901973932854758,-90.00009425615774,0.0901973932854758,-5.166846439755334e-08,-0.02429112869055496,0.02429112869060991,-90.0001218710329,0.04621697058762197,2.293911889683446e-10,-0.0005495317167923814,0.0005495317167924294,-89.99997608300562,0.008168565275035022,-1.99821027364505e-07,-0.1150380536927013,0.11503805369287484,-90.00009952273321,0.11503805369287484,0.3196571743284455,-2.7614875165324552e-05,2.2204460492507075e-16,90.0
timing_transfer,high_low_permutation_alternating_centering,1000,read,90,0.8,0,8,5dd811482568c653,c3995eeb192c3239,8,0,0.0,0.13414225170150101,0.5023868676353178,0.726719675278723,3.980581199983135,instant_RF_exact_pathways,runs\combined_factor_study\cases\c3995eeb192c3239,-2.4455553894090545e-07,0.06675094605118755,0.06675094605163553,90.00020991463144,0.06675094605163553,-1.1766913688717882e-07,0.02981238423050257,0.02981238423073479,90.00022614578126,0.0593195258058614,-1.329166505344449e-09,0.0009204833153032448,0.0009204833153042046,90.00008273439589,0.008071779844004258,-3.6355384233342823e-07,0.09748381359699364,0.09748381359767155,90.00021367753294,0.09748381359767155,0.4422135833671684,1.6231149815908195e-05,2.7755575615669806e-16,90.0
