variant,b1,phase,echo,bloch_total,primary_pdg,stimulated_coherent_pdg,remaining_other_coherent_pdg,total_pdg,nonprimary_l1_share,other_phase_deg,stimulated_phase_deg,max_profile_integration_error
01_original,0.8,0.0,1,0.27372063997347607,0.4918055093740136,0.0,0.000929021521644069,0.4918741430933228,0.0020176698429233207,85.81724151890087,0.0,1.4314351870520373e-08
01_original,0.8,0.0,2,0.19930671661991506,0.4057050440478791,0.0003816417878704745,0.004490333441826403,0.40560346278717363,0.012487635937756534,-91.61447954506623,-179.99989882103077,1.7493795301248856e-10
01_original,0.8,0.0,3,0.18565316952082192,0.2696563218740402,0.07619591687491128,0.00898068933683142,0.34630122962674353,0.24417538771374356,6.688429690263257,-0.00011091804884121518,4.6926005858963144e-09
01_original,0.8,0.0,4,0.1442380529456631,0.2224017794692383,0.04018554997929705,0.008372216356903654,0.2654832868539148,0.4452177639247954,-10.41568871615114,0.0002804108048791517,1.3901353471158988e-09
01_original,0.8,0.0,5,0.12571215934032207,0.14779136005718152,0.09436740796121512,0.007814700349130404,0.24590032485047184,0.6669295093424582,4.034272683919795,-0.000195507216839967,1.6162992333455406e-09
01_original,0.8,0.0,6,0.09845754310521723,0.12186734638037415,0.04728147059094342,0.0064342525141175885,0.17488043647467955,0.772111228214572,-3.2107306210008004,0.00035354419771782395,1.3636782883535117e-09
01_original,0.8,0.0,7,0.08747940598744501,0.08096712042560121,0.08310148847423987,0.005758107859214736,0.1698037786517086,0.8740615181218521,0.3366853037515713,-0.00021333526221103952,3.4680252558606948e-09
01_original,0.8,0.0,8,0.06785365895692239,0.06675095194006757,0.04673089937616398,0.007310122660005937,0.1204705721166085,0.9161819677002013,2.355519331148491,0.0002602893063947522,1.1406404987202034e-09
01_original,0.8,90.0,1,0.2718506452561365,0.49180550937401357,0.0,0.0009943073287591276,0.4908112020452584,0.002017669842923321,-179.99983755027523,-180.0,1.4314351759489526e-08
01_original,0.8,90.0,2,0.20048891981828823,0.405705044047879,0.000316311960928632,0.004737529306745815,0.4012838267020751,0.012487635937756538,179.99985226131946,-0.0003355819077313721,1.749378975025112e-10
01_original,0.8,90.0,3,0.09465437155287731,0.26965632187404015,0.07656575134014983,0.009301061959756262,0.18378950857574847,0.24417538771374347,-179.99971236885716,-179.99969656382677,4.692600641404664e-09
01_original,0.8,90.0,4,0.04514097409144414,0.22240177946923823,0.16349292387526465,0.0057057437836926265,0.05320311181419983,0.44521776392479545,179.99980929611027,179.99981053295565,1.7728683243688676e-09
01_original,0.8,90.0,5,0.003432865918888998,0.1477913600571814,0.23910913547610907,0.003954980405304008,0.09527275582684341,0.6669295093424583,-179.9997865885642,-179.99978789220415,1.7241386374169335e-09
01_original,0.8,90.0,6,0.020909206638155,0.1218673463803741,0.25486335544993144,0.002238399753670138,0.1307576093171604,0.772111228214572,179.99981601485058,179.99981970018794,3.141454152366695e-09
01_original,0.8,90.0,7,0.04125342978082657,0.08096712042560118,0.23734234638310225,0.004649366704899212,0.15172585925347928,0.8740615181218521,-179.9997898525353,-179.99979466442542,1.5313612877786058e-09
01_original,0.8,90.0,8,0.039211684058677455,0.06675095194006753,0.17312642447230486,0.00880446148083385,0.09757101105213878,0.9161819677002013,179.99979821406828,179.99980686317556,1.2874544763669204e-09
01_original,1.0,0.0,1,0.24590927183997538,0.5717088321694963,0.0,2.491676984981359e-10,0.5717088321694999,4.358355215511784e-10,89.99919755138949,0.0,1.6639995270605587e-08
01_original,1.0,0.0,2,0.17148210107669762,0.5214104578138994,2.0528477925657762e-14,6.836673089418693e-10,0.521410457813892,1.4638737946851766e-09,90.00063019424987,-179.99989882103077,2.2482948836000126e-10
01_original,1.0,0.0,3,0.1572895483754666,0.38314905158900214,4.5331676517379735e-12,2.8335928515738095e-11,0.38314905159355495,4.558552230674991e-09,-80.87227207548233,-0.00011087724316097497,6.667618457369641e-09
01_original,1.0,0.0,4,0.12612948285365247,0.3493680810403685,2.1663365404193646e-12,3.369757457120869e-10,0.3493680810425538,5.980697346921804e-09,89.62843622477786,0.00034196245073152905,1.1192226034850716e-09
01_original,1.0,0.0,5,0.10820871257648143,0.2566739716190428,6.9678741360505686e-12,2.1339902483541172e-10,0.25667397162603534,1.0758011531741777e-08,-88.12323555113747,-0.00021641452765255455,2.8070785695943132e-09
01_original,1.0,0.0,6,0.08407960180593378,0.2339957436585112,2.0267198981875504e-12,1.0390593251146606e-10,0.23399574366055756,1.2763492058022908e-08,88.87173871727654,0.0008490081747514951,2.0480086793117656e-09
01_original,1.0,0.0,7,0.07419354340393243,0.1718767429806994,8.172772235958045e-12,3.363457388814383e-10,0.1718767429888963,2.0053711933333762e-08,-88.60395387136914,-0.00031936972395896283,3.250768820801342e-09
01_original,1.0,0.0,8,0.059075336638588744,0.15665840595213507,8.777067941569146e-13,5.283568496540701e-11,0.15665840595303046,2.2924986031976427e-08,-89.02911540341356,0.0030568438954669537,2.6769793326497673e-09
01_original,1.0,90.0,1,0.2426737035621233,0.5717088321694964,0.0,2.4917099523988544e-10,0.5717088319203254,4.3583552155117837e-10,-179.99984791260474,-180.0,1.6639995270595654e-08
01_original,1.0,90.0,2,0.17948482892312298,0.5214104578138995,1.701439232788821e-14,6.836535994086888e-10,0.5214104584975701,1.4638737946851762e-09,-0.0001520868957580722,-0.00033558190773137205,2.2482959938381242e-10
01_original,1.0,90.0,3,0.09602987794654537,0.38314905158900237,4.551826915080609e-12,2.83163203698926e-11,0.38314905161276686,4.558552230674989e-09,0.0001229490692247958,-179.99969645265313,6.667618457365661e-09
01_original,1.0,90.0,4,0.05631264361949762,0.34936808104036854,1.1223794210296299e-11,3.3695647412355624e-10,0.3493680813661013,5.980697346921803e-09,-0.00015106492778689778,179.99981856016953,1.1192226034925821e-09
01_original,1.0,90.0,5,0.037956112625308194,0.2566739716190429,2.0288443395029602e-11,2.1337424135090565e-10,0.2566739718121287,1.0758011531741774e-08,0.00014657752456911623,-179.99979568231402,2.8070786251037886e-09
01_original,1.0,90.0,6,0.017902194000778488,0.23399574365851122,2.9075119540696367e-11,1.0388626881021608e-10,0.23399574373332235,1.2763492058022908e-08,-0.00014792527615784247,179.9998373132906,2.0480086515699328e-09
01_original,1.0,90.0,7,0.0093300168521943,0.17187674298069947,3.900567147126177e-11,3.363213413379747e-10,0.1718767432780152,2.0053711933333755e-08,0.00014789228497890712,-179.99981604848844,3.2507688485549767e-09
01_original,1.0,90.0,8,0.0019039667616491402,0.15665840595213512,4.7617988778079076e-11,5.285336768522307e-11,0.1566584058516637,2.2924986031976418e-08,179.99984655946412,179.99984511132902,2.676979360423307e-09
02_linear_increasing,0.8,0.0,1,0.27372063997347607,0.4918055093740136,0.0,0.000929021521644069,0.4918741430933228,0.0020176698429233207,85.81724151890087,0.0,1.4314351870520373e-08
02_linear_increasing,0.8,0.0,2,0.19930671661991506,0.4057050440478791,0.0003816417878704745,0.004490333441826403,0.40560346278717363,0.012487635937756534,-91.61447954506623,-179.99989882103077,1.7493795301248856e-10
02_linear_increasing,0.8,0.0,3,0.15497278901480563,0.26965633907099695,0.0010267061758363657,0.00796786261200573,0.27105878409441114,0.0382042148633906,80.83082798266184,-0.00013881999932566347,4.696540545366112e-09
02_linear_increasing,0.8,0.0,4,0.12866622226286653,0.222401777557332,0.0016231561681328752,0.004355966585406247,0.2210637933735821,0.09881547686580533,-107.61338782200754,179.99999407701682,7.124780210254763e-10
02_linear_increasing,0.8,0.0,5,0.09792312623874794,0.14779136702173049,0.011352762985733922,0.008332056674355867,0.15957490930605836,0.1859216544483524,35.75973564935234,-3.176940896414209e-05,1.608078281648356e-09
02_linear_increasing,0.8,0.0,6,0.08202218571635383,0.12186734211601115,0.014035926847261054,0.0009918089924095639,0.1361168807897878,0.30467025747113197,-3.892332450871363,6.727604750737002e-06,1.06662353949183e-09
02_linear_increasing,0.8,0.0,7,0.06643499994234084,0.08096709960523149,0.02872872819038356,0.00661948871725578,0.11006633013963482,0.44457772475702756,12.8967018106042,-1.177729465976307e-05,1.5012294046797125e-09
02_linear_increasing,0.8,0.0,8,0.05765107412788268,0.0667509461532435,0.033935872095129736,0.0011084012201428924,0.10088177922954852,0.5694529693598062,1.8331147350234345,2.3830421017105192e-06,1.1406404015756887e-09
02_linear_increasing,0.8,90.0,1,0.2718506452561365,0.49180550937401357,0.0,0.0009943073287591276,0.4908112020452584,0.002017669842923321,-179.99983755027523,-180.0,1.4314351759489526e-08
02_linear_increasing,0.8,90.0,2,0.20048891981828823,0.405705044047879,0.000316311960928632,0.004737529306745815,0.4012838267020751,0.012487635937756538,179.99985226131946,-0.0003355819077313721,1.749378975025112e-10
02_linear_increasing,0.8,90.0,3,0.11983143110640815,0.2696563390709969,0.0015494885340850849,0.008216819236385892,0.2598900313005734,0.03820421486339061,-179.99982789735589,-179.9997471413435,4.6965406008744595e-09
02_linear_increasing,0.8,90.0,4,0.0989020600138175,0.22240177755733187,0.0017969287596535288,0.004483391958294419,0.21612145683940184,0.09881547686580539,179.9998813517261,179.9999852925315,7.124780487858329e-10
02_linear_increasing,0.8,90.0,5,0.08180907681422354,0.14779136702173043,0.004833609919857608,0.008435821564066727,0.14418915537752733,0.18592165444835246,-179.9993595978783,-0.00020511956546306426,1.6080782816473958e-09
02_linear_increasing,0.8,90.0,6,0.0732367349959495,0.12186734211601113,0.012329129196585126,0.0009600921423842236,0.13323637917021644,0.3046702574711321,3.848674322211403e-05,2.1054122317809305e-05,1.0666235811323507e-09
02_linear_increasing,0.8,90.0,7,0.055554969237161536,0.0809670996052315,0.022613081142424038,0.006606038651568788,0.09697414209611152,0.44457772475702745,-0.00012249919535779012,-4.113108640807506e-05,1.501229418556604e-09
02_linear_increasing,0.8,90.0,8,0.04968987619022026,0.06675094615324349,0.03247412849441648,0.0011883893906017538,0.10041346403825833,0.5694529693598062,2.0891162413657242e-06,6.845752683780525e-06,1.140640387705555e-09
02_linear_increasing,1.0,0.0,1,0.24590927183997538,0.5717088321694963,0.0,2.491676984981359e-10,0.5717088321694999,4.358355215511784e-10,89.99919755138949,0.0,1.6639995270605587e-08
02_linear_increasing,1.0,0.0,2,0.17148210107669762,0.5214104578138994,2.0528477925657762e-14,6.836673089418693e-10,0.521410457813892,1.4638737946851766e-09,90.00063019424987,-179.99989882103077,2.2482948836000126e-10
02_linear_increasing,1.0,0.0,3,0.11906533833726259,0.3831490760237998,6.528978659098433e-14,2.2805210330535185e-10,0.3831490760238801,4.025601302241178e-09,-89.97982083127106,-0.00013015189061537177,6.673216701460173e-09
02_linear_increasing,1.0,0.0,4,0.09003137320446276,0.3493680780369795,9.758172179774944e-14,3.395179511732388e-10,0.349368078036894,4.17865479010141e-09,90.01443335862258,179.9999925446821,1.1192226034850716e-09
02_linear_increasing,1.0,0.0,5,0.06709587076216883,0.2566739837145973,1.746664822282589e-13,2.1800261748916905e-10,0.25667398371478395,6.900453199274914e-09,-89.95094646610735,-0.00017643878185334382,2.792800934964152e-09
02_linear_increasing,1.0,0.0,6,0.050342405270221505,0.2339957354705689,1.7691011677360505e-13,2.4287062895775287e-10,0.23399573547039992,6.739332630381105e-09,90.03986726982512,179.99992851362185,2.0480086238006144e-09
02_linear_increasing,1.0,0.0,7,0.04074376402796627,0.17187669878328543,2.5735554676076015e-13,1.2526528182943632e-10,0.17187669878355014,9.792857923864475e-09,-89.87892422909968,-0.00020876321936173051,3.1868049310608244e-09
02_linear_increasing,1.0,0.0,8,0.03574847203138577,0.15665839237098592,2.376969417703231e-13,2.2338082537639596e-10,0.1566583923707527,9.413140600094019e-09,90.0598124116657,179.99988710404338,2.676979138360738e-09
02_linear_increasing,1.0,90.0,1,0.2426737035621233,0.5717088321694964,0.0,2.4917099523988544e-10,0.5717088319203254,4.3583552155117837e-10,-179.99984791260474,-180.0,1.6639995270595654e-08
02_linear_increasing,1.0,90.0,2,0.17948482892312298,0.5214104578138995,1.701439232788821e-14,6.836535994086888e-10,0.5214104584975701,1.4638737946851762e-09,-0.0001520868957580722,-0.00033558190773137205,2.2482959938381242e-10
02_linear_increasing,1.0,90.0,3,0.13083038017126553,0.3831490760237999,8.830490348174305e-14,2.2803688246448424e-10,0.38314907625174843,4.025601302241177e-09,0.00015203168767902064,-179.99973546758872,6.673216756967341e-09
02_linear_increasing,1.0,90.0,4,0.10767505322866287,0.34936807803697956,1.1073139971903674e-13,3.3950557009330185e-10,0.34936807837637446,4.178654790101409e-09,-0.00015212359617881692,179.99998193941414,1.1192226590037334e-09
02_linear_increasing,1.0,90.0,5,0.09354761276883831,0.25667398371459743,3.8237058563462896e-13,2.1799063858589933e-10,0.25667398393220564,6.900453199274911e-09,0.00015195496708654004,-179.99977844215678,2.792800990473636e-09
02_linear_increasing,1.0,90.0,6,0.07878566871940866,0.23399573547056896,4.0549969964057293e-13,2.4286246359025417e-10,0.2339957357130259,6.739332630381103e-09,-0.00015219130146523416,179.99991426593672,2.0480085960587816e-09
02_linear_increasing,1.0,90.0,7,0.06049081949896846,0.1718766987832855,7.137534782913071e-13,1.2525781190708577e-10,0.17187669890782953,9.792857923864471e-09,0.0001517619602773233,-179.999793077717,3.1868049588144975e-09
02_linear_increasing,1.0,90.0,8,0.053455322389912165,0.15665839237098594,7.227424127339605e-13,2.2337611494965055e-10,0.1566583925936393,9.413140600094017e-09,-0.00015224458927947157,179.99989793274818,2.676979138378702e-09
03_irregular,0.8,0.0,1,0.27372063997347607,0.4918055093740136,0.0,0.000929021521644069,0.4918741430933228,0.0020176698429233207,85.81724151890087,0.0,1.4314351870520373e-08
03_irregular,0.8,0.0,2,0.19930671661991506,0.4057050440478791,0.0003816417878704745,0.004490333441826403,0.40560346278717363,0.012487635937756534,-91.61447954506623,-179.99989882103077,1.7493795301248856e-10
03_irregular,0.8,0.0,3,0.1340334978021481,0.269656374163623,0.0066581539146163445,0.0039762553658336105,0.2631951068060467,0.04794578180316133,148.53261480195,179.99989141394863,4.704420575328009e-09
03_irregular,0.8,0.0,4,0.10809814768557503,0.22240177845735026,0.007752658017192439,0.0031778394009275446,0.21466229440698992,0.10138880814729619,157.7380246407336,179.99998616342245,7.124780487810519e-10
03_irregular,0.8,0.0,5,0.06259988797379,0.1477913786717719,0.026587577097509984,0.0013005180579569939,0.1208738769196759,0.2672061332062196,-177.32860053931185,179.999984023898,1.5998573577067467e-09
03_irregular,0.8,0.0,6,0.05696084435243267,0.12186734437390509,0.007258956930259467,0.006386875636642044,0.11463080356634776,0.3127283632382394,-139.26662555202773,-179.99988024651634,1.0666235811251933e-09
03_irregular,0.8,0.0,7,0.044744132102482494,0.08096714059613097,0.003982827678364211,0.006741674023633337,0.08497560771586703,0.5632257068281766,60.95835216572118,-0.00023224708550640042,1.5715370116384358e-09
03_irregular,0.8,0.0,8,0.04129491978174825,0.06675095033509916,0.01766055878227584,0.00794254189337468,0.08478905530814396,0.6458513665183376,-24.209281125882153,2.8348161657646867e-05,1.14064045708684e-09
03_irregular,0.8,90.0,1,0.2718506452561365,0.49180550937401357,0.0,0.0009943073287591276,0.4908112020452584,0.002017669842923321,-179.99983755027523,-180.0,1.4314351759489526e-08
03_irregular,0.8,90.0,2,0.20048891981828823,0.405705044047879,0.000316311960928632,0.004737529306745815,0.4012838267020751,0.012487635937756538,179.99985226131946,-0.0003355819077313721,1.749378975025112e-10
03_irregular,0.8,90.0,3,0.14293304921258476,0.269656374163623,0.006409822525578705,0.004144002881612163,0.2719221938075124,0.04794578180316133,0.0005877887589935517,0.00031006293003817923,4.704420575325201e-09
03_irregular,0.8,90.0,4,0.14010431342553203,0.22240177845735018,0.00969157752553213,0.002521346753727239,0.2152315476855377,0.10138880814729621,-179.99998742687754,179.99996957344274,7.124780765414085e-10
03_irregular,0.8,90.0,5,0.06720488635657608,0.14779137867177183,0.018909896189894925,0.0005711675920552589,0.12945265007393997,0.26720613320621966,179.99992880102087,179.99993825121416,1.5998573854613672e-09
03_irregular,0.8,90.0,6,0.06995479029714632,0.12186734437390505,0.00845345467158073,0.006964536178640554,0.12335626286676805,0.31272836323823944,-0.0009094394911318578,-0.0002826806804022929,1.0666235811323507e-09
03_irregular,0.8,90.0,7,0.025389631983199077,0.08096714059613097,0.012736632875172522,0.007119363445372809,0.061111144275718385,0.5632257068281765,-179.9998192610686,-179.9998003565165,1.5715370116374975e-09
03_irregular,0.8,90.0,8,0.022199639066940308,0.06675095033509913,0.008611366571212717,0.008117319012221264,0.06724499789410099,0.6458513665183377,0.005285913412537607,0.0001598178357296679,1.1406404709722819e-09
03_irregular,1.0,0.0,1,0.24590927183997538,0.5717088321694963,0.0,2.491676984981359e-10,0.5717088321694999,4.358355215511784e-10,89.99919755138949,0.0,1.6639995270605587e-08
03_irregular,1.0,0.0,2,0.17148210107669762,0.5214104578138994,2.0528477925657762e-14,6.836673089418693e-10,0.521410457813892,1.4638737946851766e-09,90.00063019424987,-179.99989882103077,2.2482948836000126e-10
03_irregular,1.0,0.0,3,0.12527986968672827,0.38314912588618133,3.969943668267435e-13,9.66639782919495e-10,0.3831491258857935,3.3956055143675265e-09,-90.02298746080783,179.99989165298427,6.6844133561746914e-09
03_irregular,1.0,0.0,4,0.0953222899043309,0.34936807945080667,5.824724226563064e-13,1.0715558433781087e-09,0.3493680794502465,5.845198068848663e-09,-90.02995128784887,179.99998853167585,1.1192225479739203e-09
03_irregular,1.0,0.0,5,0.06475019793916095,0.2566740039475961,1.7986167120696593e-12,7.019114654175921e-10,0.25667400394581075,8.663344189367134e-09,90.14573471711378,179.9999973458262,2.7785234113562934e-09
03_irregular,1.0,0.0,6,0.055759558675044854,0.2339957398059187,1.238656412183018e-13,1.230042292351351e-09,0.23399573980581292,8.040846080341895e-09,-90.00492831612736,-179.99988510178883,2.04800865155619e-09
03_irregular,1.0,0.0,7,0.04551428365504933,0.17187678579863513,1.8886585948715405e-12,1.066653651549885e-09,0.1718767858005307,1.4841155658513107e-08,89.89817902745092,-0.0001413430157191555,3.3360537110625586e-09
03_irregular,1.0,0.0,8,0.03654661055103881,0.15665840218542038,2.6467903230935257e-12,7.92338005590415e-10,0.15665840218807675,1.0374434020526863e-08,-89.80791263515171,8.067466325903784e-05,2.676979277138616e-09
03_irregular,1.0,90.0,1,0.2426737035621233,0.5717088321694964,0.0,2.4917099523988544e-10,0.5717088319203254,4.3583552155117837e-10,-179.99984791260474,-180.0,1.6639995270595654e-08
03_irregular,1.0,90.0,2,0.17948482892312298,0.5214104578138995,1.701439232788821e-14,6.836535994086888e-10,0.5214104584975701,1.4638737946851762e-09,-0.0001520868957580722,-0.00033558190773137205,2.2482959938381242e-10
03_irregular,1.0,90.0,3,0.12985827258767307,0.38314912588618155,3.8047228520875004e-13,9.666297280062071e-10,0.3831491268531917,3.395605514367525e-09,0.00015214624927181795,0.0003107751264586973,6.684413356170701e-09
03_irregular,1.0,90.0,4,0.10802822303315317,0.3493680794508068,7.032137094973953e-13,1.0715770793014449e-09,0.34936807837852657,5.845198068848662e-09,179.99984799420488,179.99997388704745,1.1192226034925821e-09
03_irregular,1.0,90.0,5,0.0857354808352907,0.2566740039475961,1.7123290994649031e-12,7.019240600625353e-10,0.2566740032439597,8.663344189367134e-09,-179.99984830064446,179.99999233611948,2.7785234668657858e-09
03_irregular,1.0,90.0,6,0.06643009674349475,0.2339957398059188,1.3337796798802332e-13,1.2300591763045206e-09,0.233995738575993,8.040846080341892e-09,179.9998479278512,-0.00029332427536720926,2.0480085960587816e-09
03_irregular,1.0,90.0,7,0.06436645400519761,0.1718767857986352,2.936463246337122e-12,1.0666594267546305e-09,0.1718767847290394,1.4841155658513102e-08,-179.99984764523768,-179.99975009714151,3.3360537110605668e-09
03_irregular,1.0,90.0,8,0.030664468356359387,0.1566584021854204,1.2127641174750884e-12,7.923466738525218e-10,0.156658401391861,1.0374434020526861e-08,179.99984740568914,179.99951599667938,2.6769793049121556e-09
04_alternating,0.8,0.0,1,0.27372063997347607,0.4918055093740136,0.0,0.000929021521644069,0.4918741430933228,0.0020176698429233207,85.81724151890087,0.0,1.4314351870520373e-08
04_alternating,0.8,0.0,2,0.20013523868211336,0.40570504342932817,1.5686576175314303e-05,0.00016813144955348837,0.4057428396038546,0.000570065136511045,-77.23461763698907,0.00020014424818217381,1.7493795301248856e-10
04_alternating,0.8,0.0,3,0.13866268765721707,0.26965632146291363,0.0022951573275729518,0.0017834113743373818,0.27208537927010124,0.03341528757703256,36.28085482333639,-7.755347340433745e-05,4.6926005858963144e-09
04_alternating,0.8,0.0,4,0.09053877589887037,0.22240177879107662,0.0566030894651915,0.003668832801952674,0.16833899634711386,0.2517879479863803,-177.176671978899,179.99999312625587,7.124780487810519e-10
04_alternating,0.8,0.0,5,0.06172838956084331,0.14779135960652662,0.06754800153508221,0.0037076240815164902,0.08367609595882317,0.4345549048689984,-178.72201641127415,-179.99999443039667,1.6162992611011163e-09
04_alternating,0.8,0.0,6,0.04043323922066396,0.12186734582296559,0.09691071104880161,0.005623870163282538,0.03047228310221229,0.6327226837695598,179.23979969739813,179.99999416006952,1.0666235950029811e-09
04_alternating,0.8,0.0,7,0.02682390788489675,0.08096712005526602,0.073298401003202,0.007113454035495083,0.013947944004958752,0.7601502628927596,-176.2430896921942,-179.99999526369635,1.5313612739017322e-09
04_alternating,0.8,0.0,8,0.01613114130512174,0.06675095153298502,0.05918562836765942,0.008125137353869627,0.015043574196554315,0.8563861271872908,175.16509361093483,179.99999322344456,1.1406404848424156e-09
04_alternating,0.8,90.0,1,0.2718506452561365,0.49180550937401357,0.0,0.0009943073287591276,0.4908112020452584,0.002017669842923321,-179.99983755027523,-180.0,1.4314351759489526e-08
04_alternating,0.8,90.0,2,0.21056549227355761,0.40570504342932817,4.106157908290897e-05,0.00018841463084040663,0.405475567219406,0.000570065136511045,179.99982288798037,179.9997898140847,1.749378975025112e-10
04_alternating,0.8,90.0,3,0.14425854316533418,0.2696563214629135,0.0009221621332440401,0.0018907579676979488,0.26684340136201906,0.033415287577032576,-179.99971689786327,-179.9994693912469,4.692600585893513e-09
04_alternating,0.8,90.0,4,0.09986644530605611,0.2224017787910765,0.06363565795133098,0.00022362393830971714,0.1585424969015592,0.2517879479863804,179.9999767192762,179.99998319258435,7.124780765414085e-10
04_alternating,0.8,90.0,5,0.06472041684659284,0.1477913596065266,0.07434813195702854,0.004619061083488389,0.07806228873298897,0.4345549048689982,-179.9999877824524,-179.99998608975787,1.6162992611001514e-09
04_alternating,0.8,90.0,6,0.043364337279310494,0.12186734582296554,0.10714034114665485,0.0066267766231745,0.021353781299501596,0.6327226837695598,179.99998623949128,179.9999854790706,1.0666236088879263e-09
04_alternating,0.8,90.0,7,0.028666780933886794,0.08096712005526603,0.07957341228229868,0.009805919081021986,0.011199626853985937,0.7601502628927596,-179.99999559691278,-179.9999880068287,1.5313612877786058e-09
04_alternating,0.8,90.0,8,0.018628746733788525,0.06675095153298499,0.06643508958906799,0.011169843557239142,0.011485705501155652,0.8563861271872909,179.99999204483623,179.99998340429465,1.1406404848500697e-09
04_alternating,1.0,0.0,1,0.24590927183997538,0.5717088321694963,0.0,2.491676984981359e-10,0.5717088321694999,4.358355215511784e-10,89.99919755138949,0.0,1.6639995270605587e-08
04_alternating,1.0,0.0,2,0.17088284326427802,0.5214104570189402,8.437795413886374e-16,3.419872234159748e-11,0.5214104570189423,8.703748245903836e-11,-89.9964684228063,0.0002001442481821738,2.2482959938230372e-10
04_alternating,1.0,0.0,3,0.12219912833918761,0.38314905100484087,1.4250865811252586e-13,1.1822302362534666e-09,0.38314905100499164,3.085971701869049e-09,89.99269298231181,-7.435871059004145e-05,6.667618457369641e-09
04_alternating,1.0,0.0,4,0.09291687921139896,0.349368079975053,4.183771044248785e-12,8.612441212341395e-10,0.3493680799708725,2.532411434242886e-09,-90.27811102800108,179.99999387765433,1.1192225479739203e-09
04_alternating,1.0,0.0,5,0.07153007432104809,0.2566739708363761,6.2161888789621775e-12,1.8067912929663992e-09,0.2566739708301698,7.066774205065941e-09,90.19681102535581,-179.99999489571354,2.807078514083162e-09
04_alternating,1.0,0.0,6,0.054399304421298866,0.23399574258823888,1.272804801882946e-11,1.4149067644745732e-09,0.23399574257551503,6.20856274782613e-09,-90.5152308413405,179.99999534842823,2.04800865155619e-09
04_alternating,1.0,0.0,7,0.04719679605578222,0.17187674219455298,1.465446369182095e-11,2.2238341896674974e-09,0.17187674217990837,1.3032200761419039e-08,90.37730508258196,-179.9999962547974,3.250768820801342e-09
04_alternating,1.0,0.0,8,0.038718284288113226,0.15665840499674932,2.2131032214160528e-11,1.7847304594978595e-09,0.15665840497462277,1.1720616137231662e-08,-90.7102992560059,179.99999583381566,2.676979360405343e-09
04_alternating,1.0,90.0,1,0.2426737035621233,0.5717088321694964,0.0,2.4917099523988544e-10,0.5717088319203254,4.3583552155117837e-10,-179.99984791260474,-180.0,1.6639995270595654e-08
04_alternating,1.0,90.0,2,0.18189509563617406,0.5214104570189404,2.208698697539458e-15,3.4199900694535464e-11,0.5214104569847383,8.703748245903832e-11,179.99984790588587,179.9997898140847,2.2482948836150996e-10
04_alternating,1.0,90.0,3,0.1251561039949841,0.38314905100484103,4.902873523930972e-14,1.1822373723210613e-09,0.38314904982255465,3.0859717018690476e-09,-179.99984789536222,-179.9994058578117,6.667618512876812e-09
04_alternating,1.0,90.0,4,0.0947066624683563,0.349368079975053,4.646755305616069e-12,8.612465995898669e-10,0.3493680791091597,2.532411434242886e-09,179.9998486490263,179.99998484681473,1.1192226034925821e-09
04_alternating,1.0,90.0,5,0.06744113022511425,0.2566739708363761,6.789697188415979e-12,1.806799373859257e-09,0.2566739690227871,7.066774205065941e-09,-179.99984843520238,-179.99998715373675,2.8070785695926374e-09
04_alternating,1.0,90.0,6,0.0512317651149568,0.233995742588239,1.3798191484183681e-11,1.4149095555018844e-09,0.23399574115953123,6.208562747826127e-09,179.99984926919345,179.9999882047447,2.0480086793255084e-09
04_alternating,1.0,90.0,7,0.04025165594762869,0.17187674219455304,1.5646495776069118e-11,2.2238418109273816e-09,0.17187673995506467,1.3032200761419036e-08,-179.99984890928332,-179.99999035735587,3.2507688485549767e-09
04_alternating,1.0,90.0,8,0.03283297110998641,0.15665840499674932,2.379759094383543e-11,1.7847330853346333e-09,0.1566584031882186,1.1720616137231662e-08,179.99984977546362,179.99998934937398,2.676979360423307e-09
05_rf_xy,0.8,0.0,1,0.27372063997347607,0.4918055093740136,0.0,0.000929021521644069,0.4918741430933228,0.0020176698429233207,85.81724151890087,0.0,1.4314351870520373e-08
05_rf_xy,0.8,0.0,2,0.20079543843263278,0.405705044047879,0.00038164178787047443,0.0045712368845545566,0.4011359950562698,0.012487635937756538,176.96019542618873,89.99990059900516,1.7493789750567876e-10
05_rf_xy,0.8,0.0,3,0.14190341617058708,0.2696563218740402,0.07741928551808522,0.005749608910463858,0.27655948786684725,0.24417538771374356,-93.62080122839909,-90.22555343452902,4.692600585946448e-09
05_rf_xy,0.8,0.0,4,0.13745638520748,0.22240177946923828,0.06133966308167236,0.005677645255062955,0.28666103981619906,0.44521776392479545,4.821770449599986,0.4836487968290751,7.124780766069176e-10
05_rf_xy,0.8,0.0,5,0.12138600795806685,0.14779136005718146,0.092671092105627,0.004302165151567211,0.24369275811964206,0.6669295093424583,10.567372450084347,10.076649076784651,1.6162992612148856e-09
05_rf_xy,0.8,0.0,6,0.07753999978054824,0.1218673463803741,0.05328807613319777,0.002624896737260384,0.17734584746814283,0.772111228214572,-0.9455876173152046,0.5702560896169977,1.0666235952392558e-09
05_rf_xy,0.8,0.0,7,0.050056478666886645,0.08096712042560118,0.05578061414417383,0.0029706713276483263,0.11481189521700322,0.8740615181218521,-70.25340563967012,-71.40859656468609,1.5313613019315993e-09
05_rf_xy,0.8,0.0,8,0.05455308407499321,0.06675095194006753,0.053483312758104425,0.008227937129338041,0.12786873241055505,0.9161819677002013,3.432708372531778,0.5058751164635613,1.1406404991689305e-09
05_rf_xy,0.8,90.0,1,0.2718506452561365,0.49180550937401357,0.0,0.0009943073287591276,0.4908112020452584,0.002017669842923321,-179.99983755027523,-180.0,1.4314351759489526e-08
05_rf_xy,0.8,90.0,2,0.20085870525808852,0.405705044047879,0.00031631196092863197,0.004355069230521076,0.4058000198990587,0.012487635937756538,88.93761522201191,-90.00053616187184,1.7493795302243776e-10
05_rf_xy,0.8,90.0,3,0.14404950492118984,0.26965632187404015,0.07647096541653493,0.00575772564715893,0.28180000461098265,0.24417538771374347,87.69449906574297,90.19057914575832,4.692600586062583e-09
05_rf_xy,0.8,90.0,4,0.13846194445102028,0.22240177946923825,0.06075879993045058,0.007616816766358204,0.29074897796125077,0.44521776392479545,-0.0031955709543905904,0.5812627546737447,7.124780766478149e-10
05_rf_xy,0.8,90.0,5,0.12495803058194732,0.14779136005718146,0.09271689774690424,0.0018572544985868493,0.24124247665189474,0.6669295093424583,-9.760042923131556,-10.36924097688406,1.6162992335402772e-09
05_rf_xy,0.8,90.0,6,0.07574197254325994,0.12186734638037411,0.05321043881357844,0.005177201337494675,0.17927606549454556,0.772111228214572,3.0902173295074054,0.034059961405733655,1.0666235814497281e-09
05_rf_xy,0.8,90.0,7,0.05040477022644851,0.08096712042560116,0.05489027589595074,0.00838536415145187,0.11693394795618077,0.8740615181218521,62.29024568252988,71.0623916995882,1.5313612742915491e-09
05_rf_xy,0.8,90.0,8,0.05677614060741833,0.06675095194006754,0.05305255290360571,0.010128142821912428,0.12988285735755492,0.9161819677002013,-0.30036143544784666,0.6781890999986112,1.1406404715366498e-09
05_rf_xy,1.0,0.0,1,0.24590927183997538,0.5717088321694963,0.0,2.491676984981359e-10,0.5717088321694999,4.358355215511784e-10,89.99919755138949,0.0,1.6639995270605587e-08
05_rf_xy,1.0,0.0,2,0.1808000586867073,0.5214104578138994,2.052847792565775e-14,7.245380558984379e-10,0.521410458537344,1.4638737946851766e-09,-3.146567504585353,89.99990059900516,2.248295993878833e-10
05_rf_xy,1.0,0.0,3,0.12986042663151062,0.38314905158900214,4.6036973436406225e-12,1.0280351989852775e-09,0.38314905247413683,4.558552230674991e-09,-30.790118673293176,-90.25225255301105,6.667618457440875e-09
05_rf_xy,1.0,0.0,4,0.11098078260792148,0.3493680810403684,4.513279829062192e-12,8.512277721477594e-10,0.34936808080681686,5.9806973469218056e-09,105.94803079999018,0.35599722344084034,1.1192225480843382e-09
05_rf_xy,1.0,0.0,5,0.10455734184819968,0.2566739716190427,6.7778029927075755e-12,4.4727551193812423e-10,0.2566739713344687,1.0758011531741782e-08,129.85491461997285,11.918749882105084,2.8070785142807486e-09
05_rf_xy,1.0,0.0,6,0.07273946674472123,0.23399574365851114,4.661530010461867e-12,6.356697760168582e-10,0.23399574422556915,1.2763492058022911e-08,-27.584808885965515,0.3421874696470047,2.0480086520098576e-09
05_rf_xy,1.0,0.0,7,0.04439742202897008,0.17187674298069938,4.199581822907178e-12,8.286197813168101e-10,0.17187674367092468,2.0053711933333765e-08,-33.99629088235241,-55.49260653479537,3.250768849139182e-09
05_rf_xy,1.0,0.0,8,0.04392344529590098,0.15665840595213504,5.571180204032256e-12,7.307661814784288e-10,0.15665840561361102,2.292498603197643e-08,117.70306670627755,0.2590938450100779,2.67697938921404e-09
05_rf_xy,1.0,90.0,1,0.2426737035621233,0.5717088321694964,0.0,2.4917099523988544e-10,0.5717088319203254,4.3583552155117837e-10,-179.99984791260474,-180.0,1.6639995270595654e-08
05_rf_xy,1.0,90.0,2,0.1749499312393778,0.5214104578138996,1.7014392327888217e-14,7.245489320427734e-10,0.521410457774118,1.463873794685176e-09,-93.14735885469277,-90.00053616187184,2.24829488372788e-10
05_rf_xy,1.0,90.0,3,0.12787022156159208,0.3831490515890023,4.5478858129599935e-12,1.028032512169324e-09,0.38314905211181577,4.55855223067499e-09,59.560348466925106,90.21295518716214,6.66761851311704e-09
05_rf_xy,1.0,90.0,4,0.11091330714308943,0.3493680810403686,4.4698358301377956e-12,8.512376702643573e-10,0.3493680818621136,5.9806973469218014e-09,16.158060415847356,0.5079067263717632,1.1192225481485834e-09
05_rf_xy,1.0,90.0,5,0.10529897012682947,0.25667397161904293,6.780563311463787e-12,4.472771310770023e-10,0.25667397128618075,1.0758011531741772e-08,-138.68019193734293,-12.109053438170212,2.807078514421367e-09
05_rf_xy,1.0,90.0,6,0.0711716977359672,0.2339957436585113,4.648202258893555e-12,6.356757688280688e-10,0.23399574336688458,1.2763492058022903e-08,-117.40810665062733,-0.004120246140602328,2.0480086799349002e-09
05_rf_xy,1.0,90.0,7,0.04240868375319788,0.1718767429806995,4.154473714742694e-12,8.286188684623715e-10,0.17187674344511478,2.0053711933333752e-08,56.10493948339362,55.02885866180271,3.250768849384419e-09
05_rf_xy,1.0,90.0,8,0.04053381334451848,0.15665840595213512,5.5290020019770504e-12,7.307713815898686e-10,0.15665840660236208,2.2924986031976418e-08,27.889274635394546,0.42964747443669876,2.6769793617478265e-09
06_rf_180,0.8,0.0,1,0.27372063997347607,0.4918055093740136,0.0,0.000929021521644069,0.4918741430933228,0.0020176698429233207,85.81724151890087,0.0,1.4314351870520373e-08
06_rf_180,0.8,0.0,2,0.2022636272959806,0.4057050440478791,0.00038164178787047443,0.004233488560137325,0.4063639234098724,0.012487635937756534,81.42894563870635,0.00024643417466819735,1.7493789750354724e-10
06_rf_180,0.8,0.0,3,0.09814430852715225,0.26965632187404015,0.07558505491287551,0.0006947608743702193,0.1944049048815007,0.24417538771374347,-179.53617415424011,179.99944897269157,4.692600586003624e-09
06_rf_180,0.8,0.0,4,0.045525956775898435,0.22240177946923828,0.1617783592996366,0.003133037612434837,0.06341835887604372,0.4452177639247954,179.47884499060785,-179.99945730366426,1.7702942722865916e-09
06_rf_180,0.8,0.0,5,0.004778906683698833,0.14779136005718144,0.23711943563468388,0.003752344078913003,0.08568833136385402,0.6669295093424582,-179.78136814043484,179.99933756856296,1.7383088024611915e-09
06_rf_180,0.8,0.0,6,0.02103390053691782,0.12186734638037412,0.2530381481802756,0.005744965016799316,0.12546620800196087,0.772111228214572,179.84664964868932,-179.99930191162312,3.1504321373929636e-09
06_rf_180,0.8,0.0,7,0.03722505055523231,0.08096712042560121,0.23630290660292477,0.005734499825614393,0.14960141036355654,0.8740615181218521,-179.99160029775405,179.9991926791348,1.5313613157582597e-09
06_rf_180,0.8,0.0,8,0.03771360297836345,0.06675095194006755,0.1729262290637325,0.007014533372400208,0.09921005756368508,0.9161819677002013,179.7236609703737,-179.99923037564432,1.2844163512724388e-09
06_rf_180,0.8,90.0,1,0.2718506452561365,0.49180550937401357,0.0,0.0009943073287591276,0.4908112020452584,0.002017669842923321,-179.99983755027523,-180.0,1.4314351759489526e-08
06_rf_180,0.8,90.0,2,0.2034767443917871,0.405705044047879,0.00031631196092863197,0.003971326104212885,0.40936005819116494,0.012487635937756538,1.6697141789636187e-05,179.99980967329768,1.7493795301266144e-10
06_rf_180,0.8,90.0,3,0.1889007985757692,0.2696563218740402,0.07707204534507558,0.0002833907745886413,0.3470117579934068,0.24417538771374345,-0.00012652607806505072,-0.0001333954582720478,4.692600585914692e-09
06_rf_180,0.8,90.0,4,0.15013874089660217,0.22240177946923828,0.04045938702081063,0.0036397732795523897,0.2665009397691514,0.4452177639247954,0.0002753313769141863,0.0002570171246971626,1.3864118880732756e-09
06_rf_180,0.8,90.0,5,0.13112749483675235,0.14779136005718146,0.09515578720170245,0.003851523322461033,0.24679867057866434,0.6669295093424582,-0.0005422303216650946,-0.0005505350058396902,1.6162992334007177e-09
06_rf_180,0.8,90.0,6,0.1046894080422802,0.12186734638037411,0.04770998117297651,0.005876113496385835,0.17545344104222002,0.772111228214572,0.0011402512030110337,0.0011871856404657368,1.3160607603723469e-09
06_rf_180,0.8,90.0,7,0.0901889966393671,0.0809671204256012,0.08367869340870261,0.005208758372973523,0.16985457219762257,0.8740615181218521,-0.0012055064584084554,-0.0012411831965845267,3.4606589816524603e-09
06_rf_180,0.8,90.0,8,0.07067792978529737,0.06675095194006754,0.047077672658674005,0.007398401029616279,0.12122702560883401,0.9161819677002013,0.001991456155561713,0.002154588801882675,1.1406404849999083e-09
06_rf_180,1.0,0.0,1,0.24590927183997538,0.5717088321694963,0.0,2.491676984981359e-10,0.5717088321694999,4.358355215511784e-10,89.99919755138949,0.0,1.6639995270605587e-08
06_rf_180,1.0,0.0,2,0.17017232562641135,0.5214104578138994,2.0528477925657756e-14,7.632448832161857e-10,0.5214104578139362,1.4638737946851766e-09,-89.99723670792869,0.0002464341746681974,2.2482948836284146e-10
06_rf_180,1.0,0.0,3,0.09308801320405977,0.3831490515890022,4.49255257147041e-12,1.7419613869718897e-09,0.3831490515845367,4.5585522306749905e-09,90.14687611916402,179.9994488482347,6.667618513033266e-09
06_rf_180,1.0,0.0,4,0.054268655521096464,0.3493680810403685,1.1093997342594197e-11,2.0781251924973257e-09,0.3493680810293068,5.980697346921804e-09,-90.30497832221961,-179.99946813723446,1.1192224925198204e-09
06_rf_180,1.0,0.0,5,0.03497332522032235,0.2566739716190428,2.0082792282258908e-11,2.7408695538889927e-09,0.25667397159900496,1.0758011531741777e-08,90.41886838456362,179.99934025346474,2.8070785697948623e-09
06_rf_180,1.0,0.0,6,0.02374738536740646,0.23399574365851117,2.8777991414830635e-11,2.957373595249935e-09,0.23399574362978073,1.276349205802291e-08,-90.55660269477657,-179.99929392232883,2.048008679547335e-09
06_rf_180,1.0,0.0,7,0.012909303562019019,0.17187674298069944,3.8633397783151355e-11,3.4075881660978145e-09,0.17187674294212713,2.005371193333376e-08,90.64853424050696,179.99915346656724,3.250768876786225e-09
06_rf_180,1.0,0.0,8,0.008217487426972814,0.15665840595213507,4.7156288669401376e-11,3.543597922199373e-09,0.15665840590504237,2.2924986031976427e-08,-90.7613890241986,-179.99910116510372,2.6769793331979647e-09
06_rf_180,1.0,90.0,1,0.2426737035621233,0.5717088321694964,0.0,2.4917099523988544e-10,0.5717088319203254,4.3583552155117837e-10,-179.99984791260474,-180.0,1.6639995270595654e-08
06_rf_180,1.0,90.0,2,0.16488121586122892,0.5214104578138995,1.701439232788821e-14,7.632585925198207e-10,0.5214104570506238,1.4638737946851762e-09,179.99998559316344,179.99980967329768,2.2482959938252595e-10
06_rf_180,1.0,90.0,3,0.15915357859565363,0.38314905158900225,4.585489465586158e-12,1.7419809882948866e-09,0.3831490498516068,4.55855223067499e-09,179.99996348760163,-0.00013348506604097404,6.667618512906904e-09
06_rf_180,1.0,90.0,4,0.12087973596588542,0.3493680810403685,2.1857496860322066e-12,2.078144463531418e-09,0.3493680789644097,5.980697346921804e-09,-179.9998487663625,0.00025087648966670023,1.1192226035085471e-09
06_rf_180,1.0,90.0,5,0.10159160066395663,0.2566739716190428,7.0259515047995584e-12,2.7408943359582056e-09,0.2566739688851744,1.0758011531741777e-08,179.99978574191618,-0.0005466924611397164,2.8070785141789896e-09
06_rf_180,1.0,90.0,6,0.08189534287740807,0.23399574365851122,2.0630384756472886e-12,2.9573932571504582e-09,0.2339957407031811,1.2763492058022908e-08,-179.99966724479822,0.001748543404356292,2.0480086794483067e-09
06_rf_180,1.0,90.0,7,0.07021872731223758,0.17187674298069947,8.215323800416685e-12,3.4076125628442512e-09,0.17187673958130215,2.0053711933333755e-08,179.99959190610485,-0.0012704588135626482,3.250768848849708e-09
06_rf_180,1.0,90.0,8,0.05617526190977091,0.15665840595213512,9.292575007892034e-13,3.543615607975437e-09,0.15665840240944875,2.2924986031976418e-08,-179.99946888855445,0.009560331397083698,2.676979360774964e-09
07_rf_quadratic,0.8,0.0,1,0.27372063997347607,0.4918055093740136,0.0,0.000929021521644069,0.4918741430933228,0.0020176698429233207,85.81724151890087,0.0,1.4314351870520373e-08
07_rf_quadratic,0.8,0.0,2,0.1998152429844288,0.40570504404787905,0.0003816417878704744,0.004609296991973013,0.4014737894563643,0.012487635937756536,-156.86441290781863,114.97511567656043,1.749379422276914e-10
07_rf_quadratic,0.8,0.0,3,0.158891478286644,0.2696563218740402,0.07727420644513051,0.0017081764416361285,0.3084148701023547,0.24417538771374345,-66.17477716954902,-65.18589906656108,4.692600610822162e-09
07_rf_quadratic,0.8,0.0,4,0.14478827396910135,0.22240177946923834,0.09526399120284933,0.007717330234185979,0.3108987695063875,0.44521776392479534,33.57581068956991,30.116169872161986,8.188803155244866e-10
07_rf_quadratic,0.8,0.0,5,0.10807702636581754,0.1477913600571815,0.06829655231798566,0.006060026574725024,0.20771104165689092,0.6669295093424581,-32.495422431977694,-27.443697454623244,1.616299230541982e-09
07_rf_quadratic,0.8,0.0,6,0.0921649763442446,0.12186734638037415,0.0693520453400081,0.004029369844571564,0.18473319136571126,0.7721112282145719,-20.869085990831994,-22.290622950008782,1.0666236073129364e-09
07_rf_quadratic,0.8,0.0,7,0.08709032209145877,0.08096712042560124,0.0907616115317226,0.0029741034230080453,0.17079029028919898,0.8740615181218518,10.557867489807602,8.682927373091832,1.993931451905875e-09
07_rf_quadratic,0.8,0.0,8,0.06747276638411157,0.06675095194006757,0.07356393740739173,0.004503157978419411,0.1356655958175103,0.9161819677002013,8.786477330052605,9.981723475284422,1.1406404854667868e-09
07_rf_quadratic,0.8,90.0,1,0.2718506452561365,0.49180550937401357,0.0,0.0009943073287591276,0.4908112020452584,0.002017669842923321,-179.99983755027523,-180.0,1.4314351759489526e-08
07_rf_quadratic,0.8,90.0,2,0.20088553604658846,0.40570504404787894,0.000316311960928632,0.004516691301103489,0.4040114960468959,0.01248763593775654,114.04918949177411,-65.02532108431657,1.7493800874212407e-10
07_rf_quadratic,0.8,90.0,3,0.12273205934689663,0.2696563218740401,0.07642754082594504,0.0018267514765461837,0.2469672747318047,0.2441753877137435,115.41864418881256,114.76555226144868,4.692600638482087e-09
07_rf_quadratic,0.8,90.0,4,0.10641702570071396,0.22240177946923823,0.04682633616136408,0.005027846564628458,0.22824434556774817,0.44521776392479545,89.05231107752202,95.03906625379975,7.124780323483487e-10
07_rf_quadratic,0.8,90.0,5,0.10968342820342024,0.1477913600571814,0.0702873899484813,0.00546776499246576,0.2167796823351246,0.6669295093424583,22.659232537293317,26.55619520943248,1.6162992778986804e-09
07_rf_quadratic,0.8,90.0,6,0.12188796287079809,0.12186734638037408,0.13199470391632984,0.0017280574176679966,0.25250426053280817,0.772111228214572,-10.689589532517203,-11.432095286114865,1.3426845537290435e-09
07_rf_quadratic,0.8,90.0,7,0.09439603473927693,0.08096712042560117,0.10941868557151618,0.00542886306434201,0.18472097014873756,0.874061518121852,-6.779972458863287,-7.286999223517717,1.7644745069841537e-09
07_rf_quadratic,0.8,90.0,8,0.06037770310664057,0.06675095194006753,0.05570299887826288,0.004552244896974362,0.11754112370229909,0.9161819677002013,15.57613748178847,12.963140521743853,1.1406404967878067e-09
07_rf_quadratic,1.0,0.0,1,0.24590927183997538,0.5717088321694963,0.0,2.491676984981359e-10,0.5717088321694999,4.358355215511784e-10,89.99919755138949,0.0,1.6639995270605587e-08
07_rf_quadratic,1.0,0.0,2,0.17926334818877487,0.5214104578138995,2.0528477925657753e-14,7.075660893970587e-10,0.5214104584696907,1.4638737946851762e-09,22.054339160587954,114.97511567656043,2.2482953457735582e-10
07_rf_quadratic,1.0,0.0,3,0.1409191437290614,0.3831490515890022,4.59606539837789e-12,1.4809829877302293e-09,0.38314905292135376,4.5585522306749905e-09,-26.17143064064226,-65.21133507413658,6.667618549521836e-09
07_rf_quadratic,1.0,0.0,4,0.11735287547118707,0.3493680810403685,6.7171100383787565e-12,9.004549392628132e-10,0.34936808194627267,5.980697346921804e-09,1.6357848877979184,31.505074479979,1.1192226163776982e-09
07_rf_quadratic,1.0,0.0,5,0.09231964426820759,0.2566739716190428,4.163654997731928e-12,3.005933028864513e-10,0.2566739716080383,1.0758011531741777e-08,92.11076852217472,-23.347168918893836,2.80707854275515e-09
07_rf_quadratic,1.0,0.0,6,0.07912392937202133,0.23399574365851117,4.530438438897173e-12,9.885226994590314e-10,0.2339957430192716,1.276349205802291e-08,130.49684135248037,-26.698758521231746,2.04800862972083e-09
07_rf_quadratic,1.0,0.0,7,0.07289451704493222,0.1718767429806994,6.241907427882963e-12,1.8696363831869386e-10,0.1718767428154602,2.0053711933333762e-08,155.2125548018747,13.247814859556295,3.2507688557246374e-09
07_rf_quadratic,1.0,0.0,8,0.06051092657246355,0.15665840595213507,4.947061304367713e-12,7.670887082161117e-10,0.1566584066677423,2.2924986031976427e-08,-21.909541515432604,9.284694742167652,2.6769793737049083e-09
07_rf_quadratic,1.0,90.0,1,0.2426737035621233,0.5717088321694964,0.0,2.4917099523988544e-10,0.5717088319203254,4.3583552155117837e-10,-179.99984791260474,-180.0,1.6639995270595654e-08
07_rf_quadratic,1.0,90.0,2,0.178411287490761,0.5214104578138996,1.701439232788821e-14,7.075699158521273e-10,0.521410458079583,1.463873794685176e-09,-67.94612861855525,-65.02532108431657,2.248295875443001e-10
07_rf_quadratic,1.0,90.0,3,0.11599351009881563,0.3831490515890023,4.544481429602825e-12,1.480982619783412e-09,0.3831490522377131,4.55855223067499e-09,64.07597228727673,114.78621120285004,6.66761851650082e-09
07_rf_quadratic,1.0,90.0,4,0.0842560150086149,0.34936808104036854,3.4327709991134513e-12,9.004405681765179e-10,0.3493680810627698,5.980697346921803e-09,-88.56899092561052,89.42855188787762,1.1192225399078206e-09
07_rf_quadratic,1.0,90.0,5,0.08829550039523415,0.2566739716190429,4.937895142430525e-12,3.005789526732072e-10,0.2566739713234849,1.0758011531741774e-08,-177.44520508317035,19.500035418272947,2.807078580294144e-09
07_rf_quadratic,1.0,90.0,6,0.10178415748367506,0.23399574365851122,9.3396857665188e-12,9.885259824198563e-10,0.23399574441820503,1.2763492058022908e-08,40.16828966057077,-12.482020354068908,2.048008666176739e-09
07_rf_quadratic,1.0,90.0,7,0.08371685425987022,0.1718767429806994,7.731242520651309e-12,1.8696496652321837e-10,0.17187674291342014,2.0053711933333762e-08,-111.27912910773814,-10.671704899573179,3.250768848005429e-09
07_rf_quadratic,1.0,90.0,8,0.05074418360414014,0.15665840595213507,3.815840270048316e-12,7.670891350515155e-10,0.15665840566726077,2.2924986031976427e-08,-111.86376061194089,11.810102191582478,2.6769793704566354e-09
08_linear_decreasing,0.8,0.0,1,0.27372063997347607,0.4918055093740136,0.0,0.000929021521644069,0.4918741430933228,0.0020176698429233207,85.81724151890087,0.0,1.4314351870520373e-08
08_linear_decreasing,0.8,0.0,2,0.20349808335445366,0.40570503223413673,8.727337040516709e-05,0.0015798174029979153,0.40564851274545494,0.00416178879314115,-92.16065525494587,-179.99991276762637,1.7493795301248856e-10
08_linear_decreasing,0.8,0.0,3,0.15475236749334528,0.26965632584169186,0.0017192835559553116,0.0026782390915028364,0.27138700384325526,0.016899123826550334,57.32930995388267,-0.00010905309073116587,4.696540378832658e-09
08_linear_decreasing,0.8,0.0,4,0.1268849270963901,0.22240176448796867,0.0011877798591554906,0.002648680868332274,0.22128879602541882,0.07298875457677126,-113.08781796687805,179.9999903716019,7.124780487810519e-10
08_linear_decreasing,0.8,0.0,5,0.10635096184717228,0.14779123065637173,0.012112606561562097,0.002475964760358157,0.15997481151559384,0.1390491458826362,11.502418645955064,-3.242840891454373e-05,1.7149502928892749e-09
08_linear_decreasing,0.8,0.0,6,0.08442438064629873,0.12186733613721505,0.014349375976254792,0.001241058465833438,0.136349536700895,0.2725732264513676,-4.874200433139191,7.473074857541093e-06,1.0666235117362543e-09
08_linear_decreasing,0.8,0.0,7,0.06871393798589746,0.08096704338490979,0.028476094633930527,0.001011821276946516,0.1095723994148516,0.40992613296036146,-2.0107217786357072,-1.2930703225206321e-05,1.4007900117656963e-09
08_linear_decreasing,0.8,0.0,8,0.05631019030964259,0.06675094615324344,0.0341165556572743,0.0016159242324600238,0.10106969023365311,0.5624728280086293,-2.6782515343660824,2.1297650855945106e-06,1.140640387697901e-09
08_linear_decreasing,0.8,90.0,1,0.2718506452561365,0.49180550937401357,0.0,0.0009943073287591276,0.4908112020452584,0.002017669842923321,-179.99983755027523,-180.0,1.4314351759489526e-08
08_linear_decreasing,0.8,90.0,2,0.19793243502779886,0.4057050322341366,5.033343415125711e-05,0.0016070969895140717,0.40414826867877834,0.0041617887931411504,179.99985373677723,-0.0004157869519767682,1.7493784199135997e-10
08_linear_decreasing,0.8,90.0,3,0.11764871571882796,0.26965632584169186,0.0016696726744251174,0.0026775127657740236,0.26530914040152676,0.016899123826550334,-179.99978782962683,-179.99969131030687,4.696540434341006e-09
08_linear_decreasing,0.8,90.0,4,0.10013034783141923,0.22240176448796856,0.0013944941329045234,0.002607653835283453,0.21839961651979042,0.07298875457677129,179.9998908106472,179.99997745546494,7.124780210302573e-10
08_linear_decreasing,0.8,90.0,5,0.08565771521181507,0.14779123065637165,0.005012845659358059,0.002428528725441713,0.1503755475902636,0.13904914588263628,-0.0005637832349278424,-0.00021540059511916858,1.7149502928882512e-09
08_linear_decreasing,0.8,90.0,6,0.07451657396016304,0.12186733613721498,0.012411112468401478,0.001149597252421368,0.13312885135319918,0.2725732264513678,4.341947194674739e-05,2.3751422054139345e-05,1.0666235256211995e-09
08_linear_decreasing,0.8,90.0,7,0.04752656020330703,0.08096704338490976,0.021820558531980422,0.0010587645447436259,0.10384636646162489,0.4099261329603615,-3.803199889368967e-05,-4.638789757585319e-05,1.4007900256426477e-09
08_linear_decreasing,0.8,90.0,8,0.042651453888048724,0.06675094615324341,0.032803215105707585,0.0015082405649054578,0.09804592069405238,0.5624728280086293,1.4632803464586196e-05,6.089034729175929e-06,1.140640387705555e-09
08_linear_decreasing,1.0,0.0,1,0.24590927183997538,0.5717088321694963,0.0,2.491676984981359e-10,0.5717088321694999,4.358355215511784e-10,89.99919755138949,0.0,1.6639995270605587e-08
08_linear_decreasing,1.0,0.0,2,0.17827752457973034,0.5214104426309263,4.694426854714019e-15,2.0049279519456422e-10,0.521410442630923,5.371536388315632e-10,90.00094931666183,-179.99991276762637,2.2482948836000126e-10
08_linear_decreasing,1.0,0.0,3,0.12292808034513508,0.3831490572265558,1.0288688477379863e-13,2.790147710106872e-10,0.38314905722665893,1.4941934854601328e-09,89.97882106240802,-0.00010850361730566313,6.673216368393266e-09
08_linear_decreasing,1.0,0.0,4,0.08368840714320283,0.34936805750648575,8.793667281637395e-14,2.6279251692245053e-10,0.34936805750639827,1.93079000618999e-09,90.01907168397818,179.99999342460904,1.119222492462769e-09
08_linear_decreasing,1.0,0.0,5,0.07003806609591168,0.2566737468845269,2.0537698794354502e-13,2.8472996039667424e-10,0.2566737468847326,3.7337491780761106e-09,89.95860096215192,-0.00015480489912348408,2.978408963910919e-09
08_linear_decreasing,1.0,0.0,6,0.0539807234989486,0.23399572399076837,1.7289743907858947e-13,2.985953571351886e-10,0.23399572399059684,4.949195643048801e-09,90.03291131230947,179.9999332885785,2.0480084572671607e-09
08_linear_decreasing,1.0,0.0,7,0.04431169404889498,0.1718765794389673,2.7749690262900814e-13,2.7983233107854725e-10,0.17187657943924792,8.918874685466781e-09,89.94254574831089,-0.0001945643493580157,2.973592538874329e-09
08_linear_decreasing,1.0,0.0,8,0.03614392742761466,0.15665839237098575,2.4796387501148556e-13,3.8806851226899495e-10,0.15665839237074214,1.2954593777942755e-08,90.0359691144669,179.99989602807457,2.676979138360738e-09
08_linear_decreasing,1.0,90.0,1,0.2426737035621233,0.5717088321694964,0.0,2.4917099523988544e-10,0.5717088319203254,4.3583552155117837e-10,-179.99984791260474,-180.0,1.6639995270595654e-08
08_linear_decreasing,1.0,90.0,2,0.17608936929712202,0.5214104426309264,2.707430959440193e-15,2.0049131061384866e-10,0.5214104428314204,5.371536388315631e-10,-0.00015208776984376244,-0.00041578695197676794,2.2482959938381242e-10
08_linear_decreasing,1.0,90.0,3,0.12137514385898485,0.38314905722655596,9.889617651344368e-14,2.790146951755746e-10,0.38314905694744233,1.4941934854601321e-09,-179.99984785856827,-179.9996896921845,6.673216423900433e-09
08_linear_decreasing,1.0,90.0,4,0.10743375880935001,0.3493680575064857,9.838801534857542e-14,2.627919039658825e-10,0.34936805776917923,1.93079000618999e-09,-0.00015213598010243787,179.9999838446121,1.119222547981431e-09
08_linear_decreasing,1.0,90.0,5,0.09744642721834179,0.2566737468845268,3.692909303599767e-13,2.84730124983822e-10,0.2566737465994274,3.733749178076111e-09,-179.99984780497238,-179.99976333402765,2.9784090749314432e-09
08_linear_decreasing,1.0,90.0,6,0.07499922742351127,0.23399572399076848,3.8137975721681146e-13,2.9859370913528005e-10,0.2339957242889808,4.949195643048798e-09,-0.00015217275182027106,179.99991686209083,2.0480084572809035e-09
08_linear_decreasing,1.0,90.0,7,0.06480542483707086,0.17187657943896736,6.983953669023129e-13,2.7983522468848385e-10,0.17187657915843374,8.918874685466778e-09,-179.99984776256665,-179.9997874857596,2.973592538872554e-09
08_linear_decreasing,1.0,90.0,8,0.04973854691690376,0.1566583923709858,7.139628624231408e-13,3.8806380187604664e-10,0.15665839275833568,1.295459377794275e-08,-0.0001521808839297377,179.99990073483707,2.676979138378702e-09
09_linear_centered,0.8,0.0,1,0.29047146173887517,0.5478715068166311,0.0,0.0005385857857480961,0.5479395279897853,0.001097712879669048,82.77233781044285,0.0,5.2788329263467576e-11
09_linear_centered,0.8,0.0,2,0.20040840721525582,0.40570504304392807,0.0004272163674362521,0.006309525822309463,0.40557029479140433,0.01692985695524883,-91.66944132139169,-179.99989781073177,1.7493789750133733e-10
09_linear_centered,0.8,0.0,3,0.1623286349669201,0.3003972386392706,0.0011544657153907184,0.008054967210170202,0.30191824624126046,0.03439401479503445,80.0408852160446,-0.0001234574122324996,4.45222470003317e-10
09_linear_centered,0.8,0.0,4,0.12711739949412013,0.22240177764247251,0.000564314852885299,0.005722599071557909,0.2233049397996029,0.064139950241139,-81.73880807617616,0.0004459488719798764,7.124780210254763e-10
09_linear_centered,0.8,0.0,5,0.1036542078186182,0.16463962948370148,0.011776910834317197,0.0066765033003816495,0.17678130549144275,0.15839816999546094,29.04303951745439,-3.062522926306619e-05,9.28965349091406e-10
09_linear_centered,0.8,0.0,6,0.08260967075646544,0.12186734251149192,0.016570778428574108,0.0026677584844664493,0.13869016803940945,0.2521344322269092,-8.992260553969329,2.2624604752102273e-05,1.0666235672474055e-09
09_linear_centered,0.8,0.0,7,0.07053957023312836,0.09019739544883257,0.030962788623317798,0.0038532809962978855,0.12143191783615882,0.4067865693186444,7.03598497967092,-1.0927490672159844e-05,1.1349646222868976e-09
09_linear_centered,0.8,0.0,8,0.0570153897849242,0.06675094656125678,0.03550645864672994,0.0007063386161305533,0.10245646536716303,0.529816345444391,-1.088485328580461,7.172061514262781e-06,1.1406404015756887e-09
09_linear_centered,0.8,90.0,1,0.2902835461148538,0.5478715068166312,0.0,0.0006020665055937439,0.54726944031104,0.0010977128796690477,-179.99983079800913,-180.0,5.2788551308040984e-11
09_linear_centered,0.8,90.0,2,0.20240079573720163,0.405705043043928,0.0003618865407279609,0.006547458301472523,0.3995194712832025,0.016929856955248835,179.9998524328187,-0.00033162611384551804,1.749378975025112e-10
09_linear_centered,0.8,90.0,3,0.1302205280881589,0.3003972386392705,0.0014217289781927739,0.008303499238856234,0.29067201042227053,0.03439401479503446,-179.99982580774704,-179.99972441893462,4.452225255142024e-10
09_linear_centered,0.8,90.0,4,0.09665725072189968,0.22240177764247238,0.003984382296295452,0.005873884915430383,0.2125435104307893,0.06413995024113904,179.9998351103938,179.9998263744919,7.124780487858329e-10
09_linear_centered,0.8,90.0,5,0.08925097483859303,0.1646396294837014,0.005257757332017243,0.006753166278173667,0.1631442205375459,0.15839816999546102,-179.99862589833867,-0.0001885724216890997,9.289653490908514e-10
09_linear_centered,0.8,90.0,6,0.07031528615534097,0.12186734251149187,0.009794294963886245,0.0026653350656324843,0.12899630240974275,0.2521344322269093,0.00020626019246719186,0.00010522494629956304,1.0666235811323507e-09
09_linear_centered,0.8,90.0,7,0.06107202016270325,0.09019739544883251,0.024847161697145053,0.0037969191392216947,0.11124763800676882,0.4067865693186445,-7.313964392891451e-05,-3.743274767269476e-05,1.134964636164008e-09
09_linear_centered,0.8,90.0,8,0.04671933259963911,0.06675094656125674,0.030903555504530562,0.0005898991832386975,0.09706460288255078,0.5298163454443912,2.704002063606751e-05,2.2652226553923607e-05,1.1406404015833428e-09
09_linear_centered,1.0,0.0,1,0.24973701917123164,0.6368838359288799,0.0,1.436860292364546e-10,0.6368838359288833,2.2561301536644556e-10,89.99864726089572,0.0,6.13649131510161e-11
09_linear_centered,1.0,0.0,2,0.172673857434176,0.5214104565236256,2.2979930518959e-14,8.611184947450013e-10,0.521410456523615,2.1125270081203128e-09,90.00071403756806,-179.99989781073177,2.2482959938230372e-10
09_linear_centered,1.0,0.0,3,0.12340659834638928,0.42682817997626943,7.257034482564661e-14,9.727941160484334e-11,0.42682817997635714,3.5761488644917183e-09,-89.94832421713323,-0.00011709451125824817,6.326073553898483e-10
09_linear_centered,1.0,0.0,4,0.09047645638528859,0.3493680781707257,4.4387177642898e-14,5.549067785141635e-10,0.34936807817078347,4.977417721267638e-09,89.99403653598036,0.00037029213267195967,1.119222492462769e-09
09_linear_centered,1.0,0.0,5,0.06925032948846663,0.28593489882709744,1.1099586709643003e-13,9.586620399171052e-11,0.28593489882722045,6.3006220100145375e-09,-89.92649339340441,-0.00027764946394719185,1.6133637759128505e-09
09_linear_centered,1.0,0.0,6,0.048966423480474384,0.23399573622992587,7.042546106053836e-14,3.851402676373856e-10,0.2339957362300054,7.680422461092305e-09,89.98816766391948,0.0005681769340902459,2.0480086238006144e-09
09_linear_centered,1.0,0.0,7,0.04122148425631063,0.19147074113044055,1.2102289723831549e-13,7.355958878242163e-11,0.19147074113056894,9.042261201903705e-09,-89.89999613376501,-0.0004439348032634509,2.409299287857971e-09
09_linear_centered,1.0,0.0,8,0.03411850945696833,0.1566583933285559,7.426100095462577e-14,2.7058692544269217e-10,0.15665839332863538,1.0483816718859993e-08,89.98317124321505,0.0008261797097841082,2.6769791938718892e-09
09_linear_centered,1.0,90.0,1,0.24716516132413022,0.6368838359288798,0.0,1.4368932596214848e-10,0.6368838357851905,2.2561301536644559e-10,-179.9998479110745,-180.0,6.136491315097947e-11
09_linear_centered,1.0,90.0,2,0.18125198231727066,0.5214104565236256,1.9465844933752144e-14,8.611054214321406e-10,0.5214104573847504,2.1125270081203128e-09,-0.00015208712777633302,-0.00033162611384551815,2.248293773392075e-10
09_linear_centered,1.0,90.0,3,0.13544787297092636,0.4268281799762694,8.102434337659814e-14,9.726419008060744e-11,0.42682818007345247,3.5761488644917187e-09,0.00015194801472319914,-179.99971169764805,6.326073553894707e-10
09_linear_centered,1.0,90.0,4,0.10722396850307445,0.34936807817072557,2.526990286948994e-13,5.548928674703333e-10,0.3493680787253658,4.9774177212676395e-09,-0.00015206939990373416,179.99982120044882,1.1192226034925821e-09
09_linear_centered,1.0,90.0,5,0.10092064931441827,0.2859348988270974,4.4604123049359335e-13,9.58542246690866e-11,0.28593489892250545,6.300622010014538e-09,0.00015188945719817854,-179.9998100686641,1.6133638314230385e-09
09_linear_centered,1.0,90.0,6,0.07693769996149048,0.23399573622992578,6.528334107707426e-13,3.85130753478819e-10,0.23399573661440376,7.680422461092308e-09,-0.00015205380664014642,179.99983150814725,2.048008623814357e-09
09_linear_centered,1.0,90.0,7,0.06717493040155965,0.1914707411304405,8.500843856125014e-13,7.355211869858996e-11,0.19147074120314247,9.042261201903706e-09,0.0001518165481820321,-179.99982626285487,2.4092993156121086e-09
09_linear_centered,1.0,90.0,8,0.05035788793191532,0.15665839332855588,1.0346987790742423e-12,2.7058138841388795e-10,0.15665839359810263,1.0483816718859995e-08,-0.0001520404028392814,179.99983699933824,2.676979166134277e-09
10_alternating_increasing,0.8,0.0,1,0.27372063997347607,0.4918055093740136,0.0,0.000929021521644069,0.4918741430933228,0.0020176698429233207,85.81724151890087,0.0,1.4314351870520373e-08
10_alternating_increasing,0.8,0.0,2,0.20013523868211336,0.40570504342932817,1.5686576175314303e-05,0.00016813144955348837,0.4057428396038546,0.000570065136511045,-77.23461763698907,0.00020014424818217381,1.7493795301248856e-10
10_alternating_increasing,0.8,0.0,3,0.13783459451543945,0.26965633865987026,0.002875852290415073,0.0014559729916468274,0.27259541618071564,0.02919732487430047,26.364224716188627,-5.888268666937681e-05,4.696540600877263e-09
10_alternating_increasing,0.8,0.0,4,0.11138163963758,0.22240177660788243,0.0031564847550667745,0.002733420426344403,0.2256524966296766,0.041529477473566334,-40.19193151224723,8.922900566069944e-05,7.124780210254763e-10
10_alternating_increasing,0.8,0.0,5,0.08168044390020025,0.14779136639079823,0.007613277947115927,0.0009696435895821025,0.15540767900718672,0.09713666787857085,7.258187046713914,-4.195439168669336e-05,1.608078281648356e-09
10_alternating_increasing,0.8,0.0,6,0.06604633222019529,0.12186734111267357,0.0023742510094050444,0.0014125236982804764,0.12437470847211599,0.11728503783576755,-29.375947523114608,0.00012730176692420233,1.0666235533696177e-09
10_alternating_increasing,0.8,0.0,7,0.0478278978860949,0.08096709893862687,0.007303843264266455,7.047450295302424e-05,0.08826493122022186,0.20519993452951565,0.5512145324395583,-3.5588941354244005e-05,1.5012293769241369e-09
10_alternating_increasing,0.8,0.0,8,0.041657422801112884,0.06675094525765864,0.0015430615397098357,0.00015642641355025603,0.06843150594502923,0.25269157049003155,-2.54376513134851,0.00010050674609032905,1.1406403738201131e-09
10_alternating_increasing,0.8,90.0,1,0.2718506452561365,0.49180550937401357,0.0,0.0009943073287591276,0.4908112020452584,0.002017669842923321,-179.99983755027523,-180.0,1.4314351759489526e-08
10_alternating_increasing,0.8,90.0,2,0.21056549227355761,0.40570504342932817,4.106157908290897e-05,0.00018841463084040663,0.405475567219406,0.000570065136511045,179.99982288798037,179.9997898140847,1.749378975025112e-10
10_alternating_increasing,0.8,90.0,3,0.1360671599155578,0.26965633865987026,0.00018494568458310768,0.0014882307714412387,0.26798316220403035,0.029197324874300275,-179.99958111657673,-179.99748303038842,4.696540545363308e-09
10_alternating_increasing,0.8,90.0,4,0.11154882942107021,0.22240177660788232,0.0019343643114691396,0.0027069489732565837,0.2177604633232149,0.041529477473566355,179.99974193797675,179.99959974251774,7.124779932746816e-10
10_alternating_increasing,0.8,90.0,5,0.08158296339697121,0.14779136639079815,0.0018399053625342858,0.0010189848005215587,0.1486122869527518,0.09713666787857074,-0.0012583674152620318,-0.0004772232667513434,1.6080783094029714e-09
10_alternating_increasing,0.8,90.0,6,0.0685450648889181,0.12186734111267357,0.003088878985812171,0.0013087800727751844,0.11746968205412726,0.11728503783576755,179.99976147693238,179.99973101494595,1.066623553376775e-09
10_alternating_increasing,0.8,90.0,7,0.04876281100123424,0.08096709893862687,0.002605475737780962,0.00010183002285665505,0.08347074465352257,0.20519993452951554,-0.0002912239116348306,-0.0002742505212420208,1.5012293908010284e-09
10_alternating_increasing,0.8,90.0,8,0.04334284079418212,0.06675094525765861,0.0012601697454500793,5.247484992929184e-05,0.06554325036215997,0.2526915704900316,179.9996362862121,179.9996616880086,1.140640387705555e-09
10_alternating_increasing,1.0,0.0,1,0.24590927183997538,0.5717088321694963,0.0,2.491676984981359e-10,0.5717088321694999,4.358355215511784e-10,89.99919755138949,0.0,1.6639995270605587e-08
10_alternating_increasing,1.0,0.0,2,0.17088284326427802,0.5214104570189402,8.437795413886374e-16,3.419872234159748e-11,0.5214104570189423,8.703748245903836e-11,-89.9964684228063,0.0002001442481821738,2.2482959938230372e-10
10_alternating_increasing,1.0,0.0,3,0.12493663631881534,0.3831490754396385,1.7269459121505046e-13,9.825141487728042e-10,0.3831490754398149,2.564789720983633e-09,89.98971569201649,-5.9336508791577245e-05,6.673216756971324e-09
10_alternating_increasing,1.0,0.0,4,0.09683642760411357,0.3493680765455014,1.9617909605191635e-13,4.6144687748631584e-10,0.34936807654569974,1.8843297814220696e-09,-89.9753753550926,9.480839127600116e-05,1.1192226034850716e-09
10_alternating_increasing,1.0,0.0,5,0.07194736491664616,0.2566739826188371,6.114396484795633e-13,1.134871078093539e-09,0.25667398261945135,4.424362783445636e-09,89.96898852405596,-4.379254312724104e-05,2.792800934964152e-09
10_alternating_increasing,1.0,0.0,6,0.054038417056484614,0.23399573354407482,1.2626559277398474e-13,4.708497116989524e-10,0.23399573354420267,3.685313257605559e-09,-89.98444591162477,0.0002479050484209365,2.0480085960450388e-09
10_alternating_increasing,1.0,0.0,7,0.0424431131328083,0.1718766973682193,8.80532091490348e-13,1.0686732067607554e-09,0.17187669736910202,6.224102143664978e-09,89.9526743610263,-4.554058932748665e-05,3.1868049310608244e-09
10_alternating_increasing,1.0,0.0,8,0.03372310442779987,0.15665839026912978,6.733685682958209e-14,3.513150196097337e-10,0.15665839026906309,5.7381035829781985e-09,-90.01087549857135,179.99949139135322,2.6769790828495868e-09
10_alternating_increasing,1.0,90.0,1,0.2426737035621233,0.5717088321694964,0.0,2.4917099523988544e-10,0.5717088319203254,4.3583552155117837e-10,-179.99984791260474,-180.0,1.6639995270595654e-08
10_alternating_increasing,1.0,90.0,2,0.18189509563617406,0.5214104570189404,2.208698697539458e-15,3.4199900694535464e-11,0.5214104569847383,8.703748245903832e-11,179.99984790588587,179.9997898140847,2.2482948836150996e-10
10_alternating_increasing,1.0,90.0,3,0.12299326168542896,0.3831490754396386,1.25225588454958e-14,9.825169038248382e-10,0.38314907445710916,2.5647897209836325e-09,-179.99984788745687,-179.9977505537244,6.6732167014561895e-09
10_alternating_increasing,1.0,90.0,4,0.09808308145402983,0.34936807654550145,1.400071782802137e-13,4.614485985592748e-10,0.34936807608391285,1.884329781422069e-09,179.99984784945372,179.99963481142316,1.1192226034925821e-09
10_alternating_increasing,1.0,90.0,5,0.0688168440436909,0.2566739826188371,1.2745204845305782e-13,1.1348728464189495e-09,0.2566739814840918,4.424362783445636e-09,-179.99984783241385,-0.0005775304988743226,2.7928009349624847e-09
10_alternating_increasing,1.0,90.0,6,0.05863096297515709,0.2339957335440749,4.3951867158960575e-13,4.708507861269382e-10,0.2339957330727846,3.6853132576055574e-09,179.999847873537,179.99980422328184,2.0480085960587816e-09
10_alternating_increasing,1.0,90.0,7,0.04090293740142171,0.17187669736821937,1.5572187406486791e-13,1.068674301313472e-09,0.17187669629970073,6.2241021436649756e-09,-179.99984778912562,-0.0007078841593814655,3.1868049588144975e-09
10_alternating_increasing,1.0,90.0,8,0.037145225966982755,0.1566583902691298,6.863744893268671e-13,3.513155103868758e-10,0.15665838991712797,5.738103582978197e-09,179.9998479435404,179.99986283496247,2.6769790828675507e-09
