group,variant,b,phase,b1,b0,echo,center,peak,peak_offset_us,second_peak,run
sensitivity_dense,base,1000,90,0.8,0,1,0.27392243551014805,0.2740821453290543,74.99999999999174,0,runs/improve_sensitivity_dense_base_b1000_ph90
sensitivity_dense,base,1000,90,0.8,0,8,0.04080509518207873,0.040820129989763226,74.99999999999174,0,runs/improve_sensitivity_dense_base_b1000_ph90
sensitivity_dense,centered_linear,1000,90,0.8,0,1,0.2921331714026879,0.2922624301048122,-24.999999999997247,0,runs/improve_sensitivity_dense_centered_linear_b1000_ph90
sensitivity_dense,centered_linear,1000,90,0.8,0,8,0.04532841455717895,0.04546529089343505,-74.99999999999174,0.0453567860811823,runs/improve_sensitivity_dense_centered_linear_b1000_ph90
sensitivity_dense,combined,1000,90,0.8,0,1,0.2921331714026879,0.2922624301048122,-24.999999999997247,0,runs/improve_sensitivity_dense_combined_b1000_ph90
sensitivity_dense,combined,1000,90,0.8,0,8,0.03223556323347307,0.0323275270761064,-125.00000000001398,0,runs/improve_sensitivity_dense_combined_b1000_ph90
sensitivity_dense,linear_crushers,1000,90,0.8,0,1,0.27392243551014805,0.2740821453290543,74.99999999999174,0,runs/improve_sensitivity_dense_linear_crushers_b1000_ph90
sensitivity_dense,linear_crushers,1000,90,0.8,0,8,0.049677825023217465,0.049788460804927916,-74.99999999999174,0.049644686937549545,runs/improve_sensitivity_dense_linear_crushers_b1000_ph90
sensitivity_dense,phase_xy,1000,90,0.8,0,1,0.27392243551014805,0.2740821453290543,74.99999999999174,0,runs/improve_sensitivity_dense_phase_xy_b1000_ph90
sensitivity_dense,phase_xy,1000,90,0.8,0,8,0.056589632624616956,0.056589632624616956,24.999999999997247,0,runs/improve_sensitivity_dense_phase_xy_b1000_ph90
sensitivity_dense,varying,1000,90,0.8,0,1,0.27392243551014805,0.2740821453290543,74.99999999999174,0,runs/improve_sensitivity_dense_varying_b1000_ph90
sensitivity_dense,varying,1000,90,0.8,0,8,0.03198093704294347,0.032060133497843965,-74.99999999999174,0,runs/improve_sensitivity_dense_varying_b1000_ph90
sensitivity_dt2us,base,1000,90,0.8,0,1,0.27190222473005043,0.27195877557700304,74.99999999999174,0,runs/improve_sensitivity_dt2us_base_b1000_ph90
sensitivity_dt2us,base,1000,90,0.8,0,8,0.039202843438137326,0.03920284343813732,24.999999999997247,0.03870499900519067,runs/improve_sensitivity_dt2us_base_b1000_ph90
sensitivity_dt2us,centered_linear,1000,90,0.8,0,1,0.29034339564526596,0.29050340004623615,-24.999999999997247,0,runs/improve_sensitivity_dt2us_centered_linear_b1000_ph90
sensitivity_dt2us,centered_linear,1000,90,0.8,0,8,0.04673424691130051,0.046813251245927306,-74.99999999999174,0,runs/improve_sensitivity_dt2us_centered_linear_b1000_ph90
sensitivity_dt2us,combined,1000,90,0.8,0,1,0.29034339564526596,0.29050340004623615,-24.999999999997247,0,runs/improve_sensitivity_dt2us_combined_b1000_ph90
sensitivity_dt2us,combined,1000,90,0.8,0,8,0.03364410301008218,0.033813703880494976,-125.00000000001398,0.0334401658825513,runs/improve_sensitivity_dt2us_combined_b1000_ph90
sensitivity_dt2us,linear_crushers,1000,90,0.8,0,1,0.27190222473005043,0.27195877557700304,74.99999999999174,0,runs/improve_sensitivity_dt2us_linear_crushers_b1000_ph90
sensitivity_dt2us,linear_crushers,1000,90,0.8,0,8,0.049709214225840716,0.04980515417361005,-74.99999999999174,0,runs/improve_sensitivity_dt2us_linear_crushers_b1000_ph90
sensitivity_dt2us,phase_xy,1000,90,0.8,0,1,0.27190222473005043,0.27195877557700304,74.99999999999174,0,runs/improve_sensitivity_dt2us_phase_xy_b1000_ph90
sensitivity_dt2us,phase_xy,1000,90,0.8,0,8,0.05679149991912317,0.056794318713041234,74.99999999999174,0,runs/improve_sensitivity_dt2us_phase_xy_b1000_ph90
sensitivity_dt2us,varying,1000,90,0.8,0,1,0.27190222473005043,0.27195877557700304,74.99999999999174,0,runs/improve_sensitivity_dt2us_varying_b1000_ph90
sensitivity_dt2us,varying,1000,90,0.8,0,8,0.03373851000640329,0.033858267898264745,-74.99999999999174,0.03349137386523024,runs/improve_sensitivity_dt2us_varying_b1000_ph90
sensitivity_hanning,base,1000,90,0.8,0,1,0.2315770612987388,0.2315770612987388,24.999999999997247,0,runs/improve_sensitivity_hanning_base_b1000_ph90
sensitivity_hanning,base,1000,90,0.8,0,8,0.010716753412829098,0.012416234702612817,-2774.9999999999995,0.011957690422019811,runs/improve_sensitivity_hanning_base_b1000_ph90
sensitivity_hanning,centered_linear,1000,90,0.8,0,1,0.2539761103488935,0.2543695464195778,-74.99999999999868,0,runs/improve_sensitivity_hanning_centered_linear_b1000_ph90
sensitivity_hanning,centered_linear,1000,90,0.8,0,8,0.03519021868061798,0.03537079677073962,-375.0000000000142,0.03519021868061798,runs/improve_sensitivity_hanning_centered_linear_b1000_ph90
sensitivity_hanning,combined,1000,90,0.8,0,1,0.2539761103488935,0.2543695464195778,-74.99999999999868,0,runs/improve_sensitivity_hanning_combined_b1000_ph90
sensitivity_hanning,combined,1000,90,0.8,0,8,0.013459994576250994,0.014956189389610007,-1824.9999999999934,0.014943779380695068,runs/improve_sensitivity_hanning_combined_b1000_ph90
sensitivity_hanning,linear_crushers,1000,90,0.8,0,1,0.2315770612987388,0.2315770612987388,24.999999999997247,0,runs/improve_sensitivity_hanning_linear_crushers_b1000_ph90
sensitivity_hanning,linear_crushers,1000,90,0.8,0,8,0.038196526440777326,0.03825365522406771,124.99999999998623,0,runs/improve_sensitivity_hanning_linear_crushers_b1000_ph90
sensitivity_hanning,phase_xy,1000,90,0.8,0,1,0.2315770612987388,0.2315770612987388,24.999999999997247,0,runs/improve_sensitivity_hanning_phase_xy_b1000_ph90
sensitivity_hanning,phase_xy,1000,90,0.8,0,8,0.027203014663232904,0.02739636016601039,-375.0000000000142,0.027214503329124437,runs/improve_sensitivity_hanning_phase_xy_b1000_ph90
sensitivity_hanning,varying,1000,90,0.8,0,1,0.2315770612987388,0.2315770612987388,24.999999999997247,0,runs/improve_sensitivity_hanning_varying_b1000_ph90
sensitivity_hanning,varying,1000,90,0.8,0,8,0.014086609734408496,0.015134199977766775,-1375.000000000015,0.015076873635493994,runs/improve_sensitivity_hanning_varying_b1000_ph90
sensitivity_lag0,base,1000,90,0.8,0,1,0.29108831655598605,0.29108831655598605,24.999999999997247,0,runs/improve_sensitivity_lag0_base_b1000_ph90
sensitivity_lag0,base,1000,90,0.8,0,8,0.03960143640450229,0.03960143640450229,25.000000000025004,0.03867798177627241,runs/improve_sensitivity_lag0_base_b1000_ph90
sensitivity_lag0,centered_linear,1000,90,0.8,0,1,0.27586467884046173,0.2764350648910662,-74.99999999999174,0,runs/improve_sensitivity_lag0_centered_linear_b1000_ph90
sensitivity_lag0,centered_linear,1000,90,0.8,0,8,0.04410522270927308,0.04429838507056911,-124.99999999998623,0,runs/improve_sensitivity_lag0_centered_linear_b1000_ph90
sensitivity_lag0,combined,1000,90,0.8,0,1,0.27586467884046173,0.2764350648910662,-74.99999999999174,0,runs/improve_sensitivity_lag0_combined_b1000_ph90
sensitivity_lag0,combined,1000,90,0.8,0,8,0.034999636493087766,0.0353533476012213,-124.99999999998623,0.0350128691579979,runs/improve_sensitivity_lag0_combined_b1000_ph90
sensitivity_lag0,linear_crushers,1000,90,0.8,0,1,0.29108831655598605,0.29108831655598605,24.999999999997247,0,runs/improve_sensitivity_lag0_linear_crushers_b1000_ph90
sensitivity_lag0,linear_crushers,1000,90,0.8,0,8,0.04565470860869001,0.045861673202813674,-124.99999999998623,0,runs/improve_sensitivity_lag0_linear_crushers_b1000_ph90
sensitivity_lag0,phase_xy,1000,90,0.8,0,1,0.29108831655598605,0.29108831655598605,24.999999999997247,0,runs/improve_sensitivity_lag0_phase_xy_b1000_ph90
sensitivity_lag0,phase_xy,1000,90,0.8,0,8,0.05485397674310618,0.054871403398686125,-24.99999999996949,0,runs/improve_sensitivity_lag0_phase_xy_b1000_ph90
sensitivity_lag0,varying,1000,90,0.8,0,1,0.29108831655598605,0.29108831655598605,24.999999999997247,0,runs/improve_sensitivity_lag0_varying_b1000_ph90
sensitivity_lag0,varying,1000,90,0.8,0,8,0.03454422605287187,0.03481275386048262,-124.99999999998623,0.034356627194982836,runs/improve_sensitivity_lag0_varying_b1000_ph90
sensitivity_seed2,base,1000,90,0.8,0,1,0.2717053022449048,0.2717756875423212,74.99999999999174,0,runs/improve_sensitivity_seed2_base_b1000_ph90
sensitivity_seed2,base,1000,90,0.8,0,8,0.03971664429244253,0.03972962918504173,74.99999999999174,0.039479414256244405,runs/improve_sensitivity_seed2_base_b1000_ph90
sensitivity_seed2,centered_linear,1000,90,0.8,0,1,0.29013115945168605,0.2903026242005304,-24.999999999997247,0,runs/improve_sensitivity_seed2_centered_linear_b1000_ph90
sensitivity_seed2,centered_linear,1000,90,0.8,0,8,0.04760220388650019,0.04761225257617525,-24.999999999997247,0,runs/improve_sensitivity_seed2_centered_linear_b1000_ph90
sensitivity_seed2,combined,1000,90,0.8,0,1,0.29013115945168605,0.2903026242005304,-24.999999999997247,0,runs/improve_sensitivity_seed2_combined_b1000_ph90
sensitivity_seed2,combined,1000,90,0.8,0,8,0.031932537421138114,0.03206952833707012,-225.00000000000298,0,runs/improve_sensitivity_seed2_combined_b1000_ph90
sensitivity_seed2,linear_crushers,1000,90,0.8,0,1,0.2717053022449048,0.2717756875423212,74.99999999999174,0,runs/improve_sensitivity_seed2_linear_crushers_b1000_ph90
sensitivity_seed2,linear_crushers,1000,90,0.8,0,8,0.0519336563906523,0.051952478352462014,-24.999999999997247,0,runs/improve_sensitivity_seed2_linear_crushers_b1000_ph90
sensitivity_seed2,phase_xy,1000,90,0.8,0,1,0.2717053022449048,0.2717756875423212,74.99999999999174,0,runs/improve_sensitivity_seed2_phase_xy_b1000_ph90
sensitivity_seed2,phase_xy,1000,90,0.8,0,8,0.05597065237107611,0.0560081698224705,-24.999999999997247,0,runs/improve_sensitivity_seed2_phase_xy_b1000_ph90
sensitivity_seed2,varying,1000,90,0.8,0,1,0.2717053022449048,0.2717756875423212,74.99999999999174,0,runs/improve_sensitivity_seed2_varying_b1000_ph90
sensitivity_seed2,varying,1000,90,0.8,0,8,0.031404941349617875,0.03145211702378932,-74.99999999999174,0,runs/improve_sensitivity_seed2_varying_b1000_ph90
