variant,voxel_z_mm,D_MRzero,echo,primary,total,unwanted_fraction,closure_relative_error
base,0.5,0,1,0.5335202712037304,0.5317238078824328,0.003668583895942674,9.22363326459346e-08
base,0.5,0,2,0.4057070996552426,0.3912571740314449,0.035914794125586506,1.3402552784168157e-07
base,0.5,0,3,0.29252848540450105,0.19715759942221864,0.25158543050922894,3.581821639239569e-08
base,0.5,0,4,0.22240290678798624,0.034736120790333884,0.47693120647057236,1.2417100571533113e-06
base,0.5,0,5,0.1603269785045166,0.09338393460116688,0.6683073639709023,6.754982002673133e-07
base,0.5,0,6,0.1218679646149563,0.1453893933585843,0.7885459122875442,2.0232665909581162e-07
base,0.5,0,7,0.08783472576179738,0.14906423733820245,0.8744079393744493,1.3688053019626278e-07
base,0.5,0,8,0.06675129098703123,0.10407999016702717,0.9227295020224118,9.44175333933316e-07
base,1,0,1,0.49180550937401357,0.4908112020452584,0.002017669842923321,6.3054302272902574e-09
base,1,0,2,0.405705044047879,0.4012838267020751,0.012487635937756538,2.320349861952916e-07
base,1,0,3,0.26965632187404015,0.18378950857574847,0.24417538771374347,7.008821575651634e-08
base,1,0,4,0.22240177946923823,0.05320311181419983,0.44521776392479545,1.6399384574695517e-06
base,1,0,5,0.1477913600571814,0.09527275582684341,0.6669295093424583,7.955561132095695e-07
base,1,0,6,0.1218673463803741,0.1307576093171604,0.772111228214572,4.126046554724531e-07
base,1,0,7,0.08096712042560118,0.15172585925347928,0.8740615181218521,3.8755608689543e-07
base,1,0,8,0.06675095194006753,0.09757101105213878,0.9161819677002013,8.077381254324466e-07
base,2,0,1,0.34400576670973465,0.34446201214733635,0.0014428896559786136,1.0063528746423334e-07
base,2,0,2,0.40569684580204074,0.40934592549863585,0.009401890733042857,2.8965137003471247e-07
base,2,0,3,0.18861791451971782,0.1156838859620235,0.2999228625368996,8.591481120926487e-07
base,2,0,4,0.2223972834568197,0.09665382847435533,0.3877700642302386,1.2133221363323632e-06
base,2,0,5,0.10337640580377168,0.10838758909002078,0.7135254866165002,5.533058808391599e-07
base,2,0,6,0.12186488798874129,0.07965725625065466,0.7354717723935906,8.373657291730385e-07
base,2,0,7,0.05663449421425551,0.1531478342580445,0.894279498275562,3.71581644247007e-07
base,2,0,8,0.06674960372978833,0.06704405383735124,0.9009455824774929,1.7579951735112885e-07
base,1,1,1,0.16054957544226223,0.15992509038940247,0.0038746002361893226,1.7320317936056454e-07
base,1,1,2,0.13189586750926569,0.1275568297144172,0.0335788560442867,2.4093891028091075e-07
base,1,1,3,0.08727829866427458,0.053845352638173624,0.2787551367063922,1.237554430807373e-07
base,1,1,4,0.07168665597295826,0.011405241987724867,0.4731466801058613,1.5243466613100752e-06
base,1,1,5,0.04742670762509899,0.0358583832810075,0.6861995598071784,6.786819693251486e-07
base,1,1,6,0.03894612568678316,0.04541869797671042,0.7851874809976376,9.003666228019121e-08
base,1,1,7,0.02576069867418543,0.05066955190354696,0.8812835985887849,2.404471907639798e-07
base,1,1,8,0.02114984294141668,0.03215159579951962,0.9206935245330666,3.2390750001827297e-08
varying,0.5,0,1,0.5335202712037304,0.5317238078824328,0.003668583895942674,9.22363326459346e-08
varying,0.5,0,2,0.4057070996552426,0.3912571740314449,0.035914794125586506,1.3402552784168157e-07
varying,0.5,0,3,0.2925285027598254,0.2701824428384384,0.11641068736785175,6.554325164338475e-08
varying,0.5,0,4,0.22240290525387796,0.20578970152498913,0.16284194136916783,2.1055829944725174e-07
varying,0.5,0,5,0.16032699551570895,0.1509652851270185,0.28027623203659074,2.752200859441542e-07
varying,0.5,0,6,0.12186796070585354,0.12156243113036097,0.4168480364174545,4.190089447217254e-08
varying,0.5,0,7,0.08783470987685409,0.09778368788136085,0.5512794190818885,3.487508838902537e-07
varying,0.5,0,8,0.06675128446943132,0.09147207456078829,0.6497952318179947,9.043119841941087e-06
varying,1,0,1,0.49180550937401357,0.4908112020452584,0.002017669842923321,6.3054302272902574e-09
varying,1,0,2,0.405705044047879,0.4012838267020751,0.012487635937756538,2.320349861952916e-07
varying,1,0,3,0.26965635718179676,0.283269443973861,0.08503333936333352,3.467133068122221e-07
varying,1,0,4,0.22240177793513774,0.24088200026295678,0.10196450443724908,4.085533575194469e-07
varying,1,0,5,0.14779139691730797,0.1668105529997721,0.21164481718708475,7.400958442970804e-07
varying,1,0,6,0.12186734247129115,0.12158179729108845,0.2996357877835061,8.588805687044062e-08
varying,1,0,7,0.08096706185027552,0.08533440367411378,0.4075750444935986,1.3287439782339547e-06
varying,1,0,8,0.06675094542250072,0.07384080355309748,0.5008288507095408,1.804765532807386e-06
varying,2,0,1,0.34400576670973465,0.34446201214733635,0.0014428896559786136,1.0063528746423334e-07
varying,2,0,2,0.40569684580204074,0.40934592549863585,0.009401890733042857,2.8965137003471247e-07
varying,2,0,3,0.1886180753448132,0.18884300019950925,0.024356915358065945,2.1476918244602703e-06
varying,2,0,4,0.2223972819227502,0.2338476953856231,0.06423258244545331,2.430180930974924e-07
varying,2,0,5,0.10337655143033217,0.11244485012856147,0.16016025315756788,9.48148780112669e-07
varying,2,0,6,0.12186488407973722,0.12453575315944813,0.16451236618773823,9.349509256581811e-09
varying,2,0,7,0.056634323943667714,0.055518713504617734,0.3427914738144915,4.416744481882321e-06
varying,2,0,8,0.0667496012011406,0.06792803230981848,0.3420383264802642,2.6143995051558915e-06
varying,1,1,1,0.16054957544226223,0.15992509038940247,0.0038746002361893226,1.7320317936056454e-07
varying,1,1,2,0.13189586750926569,0.1275568297144172,0.0335788560442867,2.4093891028091075e-07
varying,1,1,3,0.08711323364856831,0.09041333447668391,0.12942054002589987,4.395816504456947e-07
varying,1,1,4,0.07119387163396865,0.07780693990445514,0.14257646952613234,2.9057583137109303e-08
varying,1,1,5,0.04665451079331888,0.05063869851026041,0.29027431638862894,2.85007184856363e-07
varying,1,1,6,0.03771669205685364,0.0332024943623264,0.390162370123956,6.411516069353589e-07
varying,1,1,7,0.024304084170391482,0.020877358702801236,0.5277613947605496,5.414596364842011e-08
varying,1,1,8,0.019182385124961444,0.01844848081565411,0.6027383897125905,1.037124603299745e-05
combined,0.5,0,1,0.5478742826083914,0.5462315345774177,0.003294168992854663,6.093199274397276e-08
combined,0.5,0,2,0.40570709865128646,0.3927033701129681,0.03326457401838392,2.6345007376998936e-07
combined,0.5,0,3,0.30039876113495856,0.2768463231192903,0.118193525896077,9.435073156899037e-08
combined,0.5,0,4,0.2224029053388881,0.2043372948790195,0.17686626176399853,3.1123769317822137e-07
combined,0.5,0,5,0.1646404647945319,0.15510543687949543,0.27900049463886756,6.082089202689941e-07
combined,0.5,0,6,0.12186796109918088,0.11948878292740041,0.4330253410671518,6.448151357686402e-08
combined,0.5,0,7,0.09019785322582025,0.09973217727509635,0.5373851621416813,4.3013055901244764e-07
combined,0.5,0,8,0.06675128487304631,0.09081061322560413,0.6527814430416291,2.4765737617906173e-06
combined,1,0,1,0.5478715068166312,0.54726944031104,0.0010977128796690477,1.5135772822226845e-07
combined,1,0,2,0.405705043043928,0.3995194712832025,0.016929856955248835,3.034722566701733e-07
combined,1,0,3,0.30039723885879305,0.3131352720719528,0.07148589231906667,1.135929420092911e-07
combined,1,0,4,0.22240177802014743,0.2381000386778124,0.10870376574914555,5.561220579623069e-07
combined,1,0,5,0.1646396299607637,0.1812037633185385,0.17923066306615443,1.8841349802081426e-07
combined,1,0,6,0.1218673428646165,0.12268607462944234,0.3003911800911852,5.955135970381614e-07
combined,1,0,7,0.0901973953933866,0.09495831709470334,0.37186311158292723,1.524103345218858e-06
combined,1,0,8,0.06675094582611367,0.0717880486752249,0.49003885747882214,1.6388520763787795e-06
combined,2,0,1,0.5478604363059636,0.5482720101095309,0.0008250909376453827,1.1519846219635573e-07
combined,2,0,2,0.40569684479810997,0.4088429354851556,0.008179218774236144,1.83888537563569e-07
combined,2,0,3,0.3003911676632621,0.3027567190609573,0.019058040942863664,1.715021512868028e-07
combined,2,0,4,0.22239728200775818,0.22252284858157786,0.03825178530067291,4.2976191373149523e-07
combined,2,0,5,0.16463630044726454,0.16566157768681294,0.07154836467454623,3.856128304931841e-07
combined,2,0,6,0.12186488447305464,0.12118082201649838,0.14031061331283845,5.774422413249652e-07
combined,2,0,7,0.09019557483617983,0.09020472212908001,0.19473538769188584,1.00279961560289e-06
combined,2,0,8,0.06674959761595797,0.06948591086798747,0.31507841267264225,2.3491758523929115e-05
combined,1,1,1,0.17887293662526704,0.1785125223377237,0.002010866201569564,4.8735730893153375e-08
combined,1,1,2,0.1318938678671374,0.1259732419271997,0.044862971656196855,1.8934519444045015e-08
combined,1,1,3,0.0970646787370239,0.09937803627106123,0.10350510453146948,1.3184671108244499e-07
combined,1,1,4,0.07119140716867435,0.07645786622126673,0.15419447567579286,5.757269268466344e-07
combined,1,1,5,0.05199021912784238,0.05578019441874898,0.24360519152601964,6.174620426692781e-08
combined,1,1,6,0.037714216493107404,0.032058462401507906,0.40784091083615764,1.3975339190974267e-06
combined,1,1,7,0.02708793481771926,0.02488243786384183,0.48321184678711604,2.3271169955778593e-07
combined,1,1,8,0.019180028722187926,0.016618902450709905,0.6017349862522693,2.2339716418646735e-05
linear_crushers,0.5,0,1,0.5335202712037304,0.5317238078824328,0.003668583895942674,9.22363326459346e-08
linear_crushers,0.5,0,2,0.4057070996552426,0.3912571740314449,0.035914794125586506,1.3402552784168157e-07
linear_crushers,0.5,0,3,0.29252850254105134,0.2924865202902959,0.05915450833976597,5.7044140292318306e-09
linear_crushers,0.5,0,4,0.22240290487607017,0.21018463451489702,0.14095416002509314,6.717715652303337e-08
linear_crushers,0.5,0,5,0.16032697540516003,0.1615340372014574,0.23495770033305657,3.0128975118447373e-07
linear_crushers,0.5,0,6,0.12186796035057171,0.12431380728289386,0.3705025769965966,2.0840422983126634e-06
linear_crushers,0.5,0,7,0.08783471531856188,0.10208178527950174,0.5074927598731687,1.914399298990589e-05
linear_crushers,0.5,0,8,0.0667512852001778,0.08933467655210564,0.6343966800418135,1.1941624064284722e-06
linear_crushers,1,0,1,0.49180550937401357,0.4908112020452584,0.002017669842923321,6.3054302272902574e-09
linear_crushers,1,0,2,0.405705044047879,0.4012838267020751,0.012487635937756538,2.320349861952916e-07
linear_crushers,1,0,3,0.2696563390709969,0.2598900313005734,0.03820421486339061,4.148012860734034e-07
linear_crushers,1,0,4,0.22240177755733187,0.21612145683940184,0.09881547686580539,4.513052469865285e-07
linear_crushers,1,0,5,0.14779136702173043,0.14418915537752733,0.18592165444835246,2.6678514425849374e-07
linear_crushers,1,0,6,0.12186734211601113,0.13323637917021644,0.3046702574711321,6.928495280263833e-06
linear_crushers,1,0,7,0.0809670996052315,0.09697414209611152,0.44457772475702745,1.9286914104981523e-05
linear_crushers,1,0,8,0.06675094615324349,0.10041346403825833,0.5694529693598062,3.2644691746265554e-06
linear_crushers,2,0,1,0.34400576670973465,0.34446201214733635,0.0014428896559786136,1.0063528746423334e-07
linear_crushers,2,0,2,0.40569684580204074,0.40934592549863585,0.009401890733042857,2.8965137003471247e-07
linear_crushers,2,0,3,0.18861803938548835,0.189686284014313,0.02318451649444455,1.5998616760486325e-07
linear_crushers,2,0,4,0.22239728154495197,0.2248356810419974,0.05930779093599275,9.36454352898547e-09
linear_crushers,2,0,5,0.10337642344850083,0.10886138820639565,0.15717902171216408,3.5720822933779534e-06
linear_crushers,2,0,6,0.12186489099781213,0.13815065251770134,0.2340190965404447,3.5215352698706355e-06
linear_crushers,2,0,7,0.05663445324975005,0.0741587798192405,0.407296279494757,0.00010951588679645788
linear_crushers,2,0,8,0.06674960193186864,0.10169820741777218,0.49656159497703595,5.616120395984791e-06
linear_crushers,1,1,1,0.16054957544226223,0.15992509038940247,0.0038746002361893226,1.7320317936056454e-07
linear_crushers,1,1,2,0.13189586750926569,0.1275568297144172,0.0335788560442867,2.4093891028091075e-07
linear_crushers,1,1,3,0.08704810263343185,0.07912471422770885,0.08541732579525771,1.5327084787093023e-07
linear_crushers,1,1,4,0.07107303347460649,0.06640114023322191,0.15756713055497476,3.165715512670409e-07
linear_crushers,1,1,5,0.04651868759556794,0.040482644771459735,0.2842039035049042,5.713905242897288e-07
linear_crushers,1,1,6,0.03760689666142479,0.04080654058902062,0.389242247627439,1.2659166384858418e-05
linear_crushers,1,1,7,0.02431944181251601,0.02538659534387207,0.5529922479525613,2.4109978278001588e-05
linear_crushers,1,1,8,0.019393534138730455,0.03007972484129159,0.6414783035552419,2.557956125374041e-06
centered_linear,0.5,0,1,0.5478742826083914,0.5462315345774177,0.003294168992854663,6.093199274397276e-08
centered_linear,0.5,0,2,0.40570709865128646,0.3927033701129681,0.03326457401838392,2.6345007376998936e-07
centered_linear,0.5,0,3,0.3003987609154349,0.29809675019288895,0.05978299968617129,8.660315555392857e-08
centered_linear,0.5,0,4,0.22240290496121112,0.21327399148512308,0.10445775235870612,2.020695032344298e-08
centered_linear,0.5,0,5,0.1646404643174672,0.16518921756305788,0.21674118743179624,0.00011373964216108378
centered_linear,0.5,0,6,0.12186796074605445,0.12545863732367324,0.3242663225212699,0.0001344256879449358
centered_linear,0.5,0,7,0.09019785328126646,0.10608265037456062,0.4839561146602542,0.0001260372172855169
centered_linear,0.5,0,8,0.06675128560819311,0.08857971526578015,0.6037559985718699,0.00016363472736597137
centered_linear,1,0,1,0.5478715068166312,0.54726944031104,0.0010977128796690477,1.5135772822226845e-07
centered_linear,1,0,2,0.405705043043928,0.3995194712832025,0.016929856955248835,3.034722566701733e-07
centered_linear,1,0,3,0.3003972386392705,0.29067201042227053,0.03439401479503446,2.1326295931831126e-08
centered_linear,1,0,4,0.22240177764247238,0.2125435104307893,0.06413995024113904,1.727844310293997e-07
centered_linear,1,0,5,0.1646396294837014,0.1631442205375459,0.15839816999546102,0.00011303469384753855
centered_linear,1,0,6,0.12186734251149187,0.12899630240974275,0.2521344322269093,0.00010253149096323042
centered_linear,1,0,7,0.09019739544883251,0.11124763800676882,0.4067865693186445,7.887325264647094e-05
centered_linear,1,0,8,0.06675094656125674,0.09706460288255078,0.5298163454443912,8.43150921303435e-05
centered_linear,2,0,1,0.5478604363059636,0.5482720101095309,0.0008250909376453827,1.1519846219635573e-07
centered_linear,2,0,2,0.40569684479810997,0.4088429354851556,0.008179218774236144,1.83888537563569e-07
centered_linear,2,0,3,0.300391167443744,0.3025442058387353,0.018101672169719963,1.0029884691934142e-07
centered_linear,2,0,4,0.2223972816300908,0.22097538416082435,0.03692709902299199,2.6953900689028876e-07
centered_linear,2,0,5,0.1646362999702119,0.17340831250178704,0.12125859071492748,0.0001012285665516337
centered_linear,2,0,6,0.12186488411993712,0.13311727495769257,0.2028796330120643,9.468104036281515e-05
centered_linear,2,0,7,0.09019557489162465,0.1175901148361132,0.35576438048849707,8.596987156229525e-05
centered_linear,2,0,8,0.0667495983510862,0.09815459779079837,0.4755032346636865,8.613834813278674e-05
centered_linear,1,1,1,0.17887293662526704,0.1785125223377237,0.002010866201569564,4.8735730893153375e-08
centered_linear,1,1,2,0.1318938678671374,0.1259732419271997,0.044862971656196855,1.8934519444045015e-08
centered_linear,1,1,3,0.09699377228026573,0.08883653469777832,0.07953008199070621,7.133072085052143e-08
centered_linear,1,1,4,0.071070614976795,0.06448686326943588,0.1325641799750968,6.615838159764398e-07
centered_linear,1,1,5,0.0518397895297024,0.04740789621419031,0.24947281323369452,0.00012270745016703923
centered_linear,1,1,6,0.03760509338252247,0.0384816220640366,0.357271665390408,0.00010601504610822777
centered_linear,1,1,7,0.02710459136389421,0.031339048724684945,0.5111894821058942,7.502130912101608e-05
centered_linear,1,1,8,0.019392430121734538,0.02808637601240312,0.6223661279669673,7.20627803962334e-05
