tag,landmark,time_after_excitation_ms,mean_mx,mean_my,mean_mz,abs_mean_mxy,mean_abs_mxy
original_rf080_phase000,Before RF1,17.332,0.009218214099761198,0.004947954461073839,0.4993704237834004,0.010462204573506325,0.559600523459956
original_rf080_phase000,Before ADC1,32.799,-0.0028949012312641607,0.20730671626685976,0.3044796138227616,0.20732692797243457,0.4733157103200448
original_rf080_phase000,Middle ADC1,36.025,0.0006809107237140486,0.2752616538874984,0.30597383896724983,0.27526249606565484,0.4546089639354633
original_rf080_phase000,Middle ADC2,52.025,-0.002941932429055859,0.20285276125775492,0.378169548219026,0.2028740932606055,0.4212162756986929
original_rf080_phase000,Before ADC8,144.79899999999995,0.007365380116484248,0.05272122789538983,0.27303133493609866,0.0532332292375536,0.2051385659300933
original_rf080_phase000,Middle ADC8,148.02499999999995,0.005865328450687482,0.06853707279011961,0.2745931221679062,0.06878758917473848,0.19703092225193136
original_rf100_phase000,Before RF1,17.332,0.009375974959784254,0.0056589757093918665,0.3192393161670566,0.010951388611769218,0.5698708268525661
original_rf100_phase000,Before ADC1,32.799,-0.0043032292589270495,0.1864384686754807,0.38359417960893966,0.1864881239760674,0.5232740694523368
original_rf100_phase000,Middle ADC1,36.025,-0.0008884837923355642,0.2473153429407723,0.3849184385298025,0.24731693888078318,0.5025928304960936
original_rf100_phase000,Middle ADC2,52.025,-0.010421223750983612,0.17259666993055975,0.2685909503013121,0.17291099553118838,0.4729502662219478
original_rf100_phase000,Before ADC8,144.79899999999995,0.001050382915899495,0.044925485070454664,0.22682933236986874,0.04493776266221604,0.21477393572804146
original_rf100_phase000,Middle ADC8,148.02499999999995,0.005646030425460386,0.05918529282451754,0.22849037793447607,0.059453986798944876,0.20628547557748736
original_rf080_phase045,Before RF1,17.332,0.0030195295479431544,0.01001699385279831,0.49937042378340374,0.010462204573506528,0.5596005234599666
original_rf080_phase045,Before ADC1,32.799,0.1422150345531572,0.14789176313358965,0.30300780713311715,0.20517575308919297,0.4719012782458887
original_rf080_phase045,Middle ADC1,36.025,0.19235610633116879,0.1946876735104184,0.3045051942418083,0.273686247114807,0.45325043413015764
original_rf080_phase045,Middle ADC2,52.025,-0.14774091975298304,0.1442813917208949,0.3804508738284682,0.20650544633586712,0.42214041143880254
original_rf080_phase045,Before ADC8,144.79899999999995,0.02344687586845498,0.03760370169808418,0.28722770225071015,0.044314719556703,0.2102661056428461
original_rf080_phase045,Middle ADC8,148.02499999999995,0.029253635979305727,0.04824732975951031,0.2887589906367276,0.05642322258549807,0.20195580740897867
original_rf100_phase045,Before RF1,17.332,0.0026283153756179304,0.010631315572979923,0.319239316167061,0.010951388611769516,0.5698708268525767
original_rf100_phase045,Before ADC1,32.799,0.12621176350462626,0.13257748770162353,0.3845999653685433,0.18304698711593662,0.5225675021135767
original_rf100_phase045,Middle ADC1,36.025,0.17060851319058493,0.17430711751739117,0.38592206350389674,0.24390620326331106,0.5019141886534065
original_rf100_phase045,Middle ADC2,52.025,-0.13445775446111286,0.12177018689761429,0.2684570006183592,0.1814024976448914,0.4741055643090033
original_rf100_phase045,Before ADC8,144.79899999999995,-0.0029618706351799027,0.03135953526031021,0.21499173185561,0.031499097279163106,0.21446403040729378
original_rf100_phase045,Middle ADC8,148.02499999999995,-0.0005052406104623334,0.04168566956265,0.21667820879604804,0.041688731270703175,0.20598781857242426
original_rf080_phase090,Before RF1,17.332,-0.004947954461073842,0.009218214099761198,0.4993704237834004,0.010462204573506323,0.559600523459956
original_rf080_phase090,Before ADC1,32.799,0.20381802508253544,0.0026628774157012357,0.30391195366503965,0.20383541955380596,0.4715557021877272
original_rf080_phase090,Middle ADC1,36.025,0.27159113242206867,0.0003567266559511862,0.30540739834542935,0.2715913666967503,0.4529185161939127
original_rf080_phase090,Middle ADC2,52.025,-0.20776711105933846,0.0013293604786818215,0.3810043065747939,0.20777136385273542,0.42087261887154476
original_rf080_phase090,Before ADC8,144.79899999999995,0.030711233543612895,0.0016487470311279196,0.2926193134426509,0.030755458581250037,0.21267226016020022
original_rf080_phase090,Middle ADC8,148.02499999999995,0.03924893724285375,7.636919885576818e-05,0.29413901873035464,0.039249011541031276,0.2042668640427493
original_rf100_phase090,Before RF1,17.332,-0.005658975709391868,0.009375974959784256,0.3192393161670566,0.01095138861176922,0.5698708268525661
original_rf100_phase090,Before ADC1,32.799,0.18260282285945392,0.0020268982917626913,0.3882963015357911,0.18261407183710204,0.5221827273933306
original_rf100_phase090,Middle ADC1,36.025,0.24205181521039906,-0.0006936427875378941,0.3896104586264917,0.24205280908712024,0.5015446212946528
original_rf100_phase090,Middle ADC2,52.025,-0.18623096454050858,-0.0007505325160036453,0.2680747466847219,0.18623247690117248,0.47334758930668497
original_rf100_phase090,Before ADC8,144.79899999999995,-0.0046535695456979605,-0.00021761231847039828,0.2105739917657618,0.004658654809899269,0.2136595604348988
original_rf100_phase090,Middle ADC8,148.02499999999995,-0.004208705411973946,-0.0004749175741430604,0.21226995958303863,0.004235415911927507,0.20521514347904868
increasing_rf080_phase000,Before RF1,17.332,0.009218214099761198,0.004947954461073839,0.4993704237834004,0.010462204573506325,0.559600523459956
increasing_rf080_phase000,Before ADC1,32.799,-0.0028949012312641607,0.20730671626685976,0.3044796138227616,0.20732692797243457,0.4733157103200448
increasing_rf080_phase000,Middle ADC1,36.025,0.0006809107237140486,0.2752616538874984,0.30597383896724983,0.27526249606565484,0.4546089639354633
increasing_rf080_phase000,Middle ADC2,52.025,-0.002941932429055859,0.20285276125775492,0.378169548219026,0.2028740932606055,0.4212162756986929
increasing_rf080_phase000,Before ADC8,144.79899999999995,-0.0019898876081442763,0.04362567068928418,0.2575054159394199,0.04367102925032698,0.23204472678339888
increasing_rf080_phase000,Middle ADC8,148.02499999999995,-0.0013546996641716313,0.055885562042652846,0.2591005583668726,0.055901978998988106,0.2228736771875986
increasing_rf100_phase000,Before RF1,17.332,0.009375974959784254,0.0056589757093918665,0.3192393161670566,0.010951388611769218,0.5698708268525661
increasing_rf100_phase000,Before ADC1,32.799,-0.0043032292589270495,0.1864384686754807,0.38359417960893966,0.1864881239760674,0.5232740694523368
increasing_rf100_phase000,Middle ADC1,36.025,-0.0008884837923355642,0.2473153429407723,0.3849184385298025,0.24731693888078318,0.5025928304960936
increasing_rf100_phase000,Middle ADC2,52.025,-0.010421223750983612,0.17259666993055975,0.2685909503013121,0.17291099553118838,0.4729502662219478
increasing_rf100_phase000,Before ADC8,144.79899999999995,-0.0027284537153299693,0.027640263501622075,0.15239297291946444,0.02777460397765915,0.24465014652353462
increasing_rf100_phase000,Middle ADC8,148.02499999999995,-0.0025089039106874554,0.03733118909044183,0.15421393425672977,0.037415401611360345,0.23498089586445148
increasing_rf080_phase045,Before RF1,17.332,0.0030195295479431544,0.01001699385279831,0.49937042378340374,0.010462204573506528,0.5596005234599666
increasing_rf080_phase045,Before ADC1,32.799,0.1422150345531572,0.14789176313358965,0.30300780713311715,0.20517575308919297,0.4719012782458887
increasing_rf080_phase045,Middle ADC1,36.025,0.19235610633116879,0.1946876735104184,0.3045051942418083,0.273686247114807,0.45325043413015764
increasing_rf080_phase045,Middle ADC2,52.025,-0.14774091975298304,0.1442813917208949,0.3804508738284682,0.20650544633586712,0.42214041143880254
increasing_rf080_phase045,Before ADC8,144.79899999999995,-0.028528646849277632,0.030410665334650026,0.26423201547557057,0.041697628915165943,0.23571490187226796
increasing_rf080_phase045,Middle ADC8,148.02499999999995,-0.03646273621623533,0.038697496050397476,0.26581270677497065,0.05316979718736275,0.22639879680275846
increasing_rf100_phase045,Before RF1,17.332,0.0026283153756179304,0.010631315572979923,0.319239316167061,0.010951388611769516,0.5698708268525767
increasing_rf100_phase045,Before ADC1,32.799,0.12621176350462626,0.13257748770162353,0.3845999653685433,0.18304698711593662,0.5225675021135767
increasing_rf100_phase045,Middle ADC1,36.025,0.17060851319058493,0.17430711751739117,0.38592206350389674,0.24390620326331106,0.5019141886534065
increasing_rf100_phase045,Middle ADC2,52.025,-0.13445775446111286,0.12177018689761429,0.2684570006183592,0.1814024976448914,0.4741055643090033
increasing_rf100_phase045,Before ADC8,144.79899999999995,-0.02992698880392197,0.018291483408977474,0.15009426877005894,0.03507425015835647,0.24345713755926823
increasing_rf100_phase045,Middle ADC8,148.02499999999995,-0.03792746535312596,0.02597137541879932,0.1519201685413487,0.045967433790203946,0.233835037915126
increasing_rf080_phase090,Before RF1,17.332,-0.004947954461073842,0.009218214099761198,0.4993704237834004,0.010462204573506323,0.559600523459956
increasing_rf080_phase090,Before ADC1,32.799,0.20381802508253544,0.0026628774157012357,0.30391195366503965,0.20383541955380596,0.4715557021877272
increasing_rf080_phase090,Middle ADC1,36.025,0.27159113242206867,0.0003567266559511862,0.30540739834542935,0.2715913666967503,0.4529185161939127
increasing_rf080_phase090,Middle ADC2,52.025,-0.20776711105933846,0.0013293604786818215,0.3810043065747939,0.20777136385273542,0.42087261887154476
increasing_rf080_phase090,Before ADC8,144.79899999999995,-0.03896663463817065,0.0007110629598110416,0.2675008326264374,0.03897312183489406,0.2368507850609055
increasing_rf080_phase090,Middle ADC8,148.02499999999995,-0.04990927134805161,-0.0006667097423715829,0.26907450134407485,0.049913724248687535,0.22748978674515669
increasing_rf100_phase090,Before RF1,17.332,-0.005658975709391868,0.009375974959784256,0.3192393161670566,0.01095138861176922,0.5698708268525661
increasing_rf100_phase090,Before ADC1,32.799,0.18260282285945392,0.0020268982917626913,0.3882963015357911,0.18261407183710204,0.5221827273933306
increasing_rf100_phase090,Middle ADC1,36.025,0.24205181521039906,-0.0006936427875378941,0.3896104586264917,0.24205280908712024,0.5015446212946528
increasing_rf100_phase090,Middle ADC2,52.025,-0.18623096454050858,-0.0007505325160036453,0.2680747466847219,0.18623247690117248,0.47334758930668497
increasing_rf100_phase090,Before ADC8,144.79899999999995,-0.041311937192223855,-0.002160016316822703,0.14884164042082665,0.04136836744498371,0.24147726281034537
increasing_rf100_phase090,Middle ADC8,148.02499999999995,-0.05336114146837935,-0.0014319870432881227,0.1506702312832955,0.05338035224406579,0.23193341329395883
increasing_alternating_rf080_phase000,Before RF1,17.332,0.009218214099761198,0.004947954461073839,0.4993704237834004,0.010462204573506325,0.559600523459956
increasing_alternating_rf080_phase000,Before ADC1,32.799,-0.0028949012312641607,0.20730671626685976,0.3044796138227616,0.20732692797243457,0.4733157103200448
increasing_alternating_rf080_phase000,Middle ADC1,36.025,0.0006809107237140486,0.2752616538874984,0.30597383896724983,0.27526249606565484,0.4546089639354633
increasing_alternating_rf080_phase000,Middle ADC2,52.025,0.006083074222742789,0.20296277006389224,0.3750947690363872,0.20305390866468884,0.4215398987760709
increasing_alternating_rf080_phase000,Before ADC8,144.79899999999995,-0.000757401359648788,0.03203881652639869,0.2777292284381315,0.032047767804198726,0.21689208672740232
increasing_alternating_rf080_phase000,Middle ADC8,148.02499999999995,7.084466598450992e-05,0.03529566254860814,0.27928092292393714,0.035295733647452594,0.20831991138910916
increasing_alternating_rf100_phase000,Before RF1,17.332,0.009375974959784254,0.0056589757093918665,0.3192393161670566,0.010951388611769218,0.5698708268525661
increasing_alternating_rf100_phase000,Before ADC1,32.799,-0.0043032292589270495,0.1864384686754807,0.38359417960893966,0.1864881239760674,0.5232740694523368
increasing_alternating_rf100_phase000,Middle ADC1,36.025,-0.0008884837923355642,0.2473153429407723,0.3849184385298025,0.24731693888078318,0.5025928304960936
increasing_alternating_rf100_phase000,Middle ADC2,52.025,-0.0024674453815873997,0.17268623489540405,0.26647229242117504,0.17270386217181646,0.47143114067685177
increasing_alternating_rf100_phase000,Before ADC8,144.79899999999995,-0.0012180541473525335,0.023764472389458023,0.19637276290347455,0.023795667753925196,0.22397062386039918
increasing_alternating_rf100_phase000,Middle ADC8,148.02499999999995,-0.0013022374203147534,0.03218602581914193,0.1980992400108748,0.0322123591239347,0.21511868515056848
increasing_alternating_rf080_phase045,Before RF1,17.332,0.0030195295479431544,0.01001699385279831,0.49937042378340374,0.010462204573506528,0.5596005234599666
increasing_alternating_rf080_phase045,Before ADC1,32.799,0.1422150345531572,0.14789176313358965,0.30300780713311715,0.20517575308919297,0.4719012782458887
increasing_alternating_rf080_phase045,Middle ADC1,36.025,0.19235610633116879,0.1946876735104184,0.3045051942418083,0.273686247114807,0.45325043413015764
increasing_alternating_rf080_phase045,Middle ADC2,52.025,-0.13834283957032129,0.1434299776841928,0.3792639851616074,0.19927593873538194,0.4231994850988974
increasing_alternating_rf080_phase045,Before ADC8,144.79899999999995,-0.024572332762830364,0.02232162157926848,0.28288501124747584,0.03319720360716141,0.21568917726207615
increasing_alternating_rf080_phase045,Middle ADC8,148.02499999999995,-0.028231201558012245,0.024379929591582663,0.2844256292782037,0.03730122931351782,0.2071645442339173
increasing_alternating_rf100_phase045,Before RF1,17.332,0.0026283153756179304,0.010631315572979923,0.319239316167061,0.010951388611769516,0.5698708268525767
increasing_alternating_rf100_phase045,Before ADC1,32.799,0.12621176350462626,0.13257748770162353,0.3845999653685433,0.18304698711593662,0.5225675021135767
increasing_alternating_rf100_phase045,Middle ADC1,36.025,0.17060851319058493,0.17430711751739117,0.38592206350389674,0.24390620326331106,0.5019141886534065
increasing_alternating_rf100_phase045,Middle ADC2,52.025,-0.12483886979380016,0.12047280465214918,0.2670787981192567,0.1734890200333966,0.472762108780748
increasing_alternating_rf100_phase045,Before ADC8,144.79899999999995,-0.018749713109866346,0.016880317035738616,0.2058182250617322,0.025228889094237608,0.22352451362774511
increasing_alternating_rf100_phase045,Middle ADC8,148.02499999999995,-0.02549960382223694,0.02423396368587338,0.20752440995723087,0.035178328428441145,0.21469020642855285
increasing_alternating_rf080_phase090,Before RF1,17.332,-0.004947954461073842,0.009218214099761198,0.4993704237834004,0.010462204573506323,0.559600523459956
increasing_alternating_rf080_phase090,Before ADC1,32.799,0.20381802508253544,0.0026628774157012357,0.30391195366503965,0.20383541955380596,0.4715557021877272
increasing_alternating_rf080_phase090,Middle ADC1,36.025,0.27159113242206867,0.0003567266559511862,0.30540739834542935,0.2715913666967503,0.4529185161939127
increasing_alternating_rf080_phase090,Middle ADC2,52.025,-0.1997740146904395,-0.0003177546489281751,0.3828610898124372,0.1997742673958607,0.42349830460147997
increasing_alternating_rf080_phase090,Before ADC8,144.79899999999995,-0.03445963643124393,-0.0004934168503743493,0.28648919061624156,0.03446316879164984,0.21410922780918534
increasing_alternating_rf080_phase090,Middle ADC8,148.02499999999995,-0.039858448024892815,-0.002027482370599459,0.2880220655878942,0.03990998075314211,0.20564703875461798
increasing_alternating_rf100_phase090,Before RF1,17.332,-0.005658975709391868,0.009375974959784256,0.3192393161670566,0.01095138861176922,0.5698708268525661
increasing_alternating_rf100_phase090,Before ADC1,32.799,0.18260282285945392,0.0020268982917626913,0.3882963015357911,0.18261407183710204,0.5221827273933306
increasing_alternating_rf100_phase090,Middle ADC1,36.025,0.24205181521039906,-0.0006936427875378941,0.3896104586264917,0.24205280908712024,0.5015446212946528
increasing_alternating_rf100_phase090,Middle ADC2,52.025,-0.1748318116467427,-0.0032162208207338187,0.2677973883078456,0.1748613920796979,0.47297231098320014
increasing_alternating_rf100_phase090,Before ADC8,144.79899999999995,-0.026737998948444253,-0.0006439525542807553,0.20916457595443416,0.026745752235806917,0.22306291982509377
increasing_alternating_rf100_phase090,Middle ADC8,148.02499999999995,-0.03606590955477322,0.00203692013361037,0.21086357169811853,0.03612338405581334,0.21424685609006425
decreasing_rf080_phase000,Before RF1,17.332,0.009218214099761198,0.004947954461073839,0.4993704237834004,0.010462204573506325,0.559600523459956
decreasing_rf080_phase000,Before ADC1,32.799,-0.0028949012312641607,0.20730671626685976,0.3044796138227616,0.20732692797243457,0.4733157103200448
decreasing_rf080_phase000,Middle ADC1,36.025,0.0006809107237140486,0.2752616538874984,0.30597383896724983,0.27526249606565484,0.4546089639354633
decreasing_rf080_phase000,Middle ADC2,52.025,-0.0005843980433412751,0.20123950830259585,0.37193325630240204,0.20124035684460415,0.4242736221563407
decreasing_rf080_phase000,Before ADC8,144.79899999999995,0.009823107767463996,0.04162723577463479,0.2555057236705248,0.04277055300610744,0.2314704650239659
decreasing_rf080_phase000,Middle ADC8,148.02499999999995,0.009451285879245909,0.05533661289302155,0.25710516214814194,0.056137933086669235,0.22232211184169645
decreasing_rf100_phase000,Before RF1,17.332,0.009375974959784254,0.0056589757093918665,0.3192393161670566,0.010951388611769218,0.5698708268525661
decreasing_rf100_phase000,Before ADC1,32.799,-0.0043032292589270495,0.1864384686754807,0.38359417960893966,0.1864881239760674,0.5232740694523368
decreasing_rf100_phase000,Middle ADC1,36.025,-0.0008884837923355642,0.2473153429407723,0.3849184385298025,0.24731693888078318,0.5025928304960936
decreasing_rf100_phase000,Middle ADC2,52.025,7.437292277534275e-05,0.1746511256439911,0.2599952704690551,0.17465114147936397,0.4765756198040887
decreasing_rf100_phase000,Before ADC8,144.79899999999995,0.0027836228931868473,0.027069721830898223,0.15221061490965174,0.027212467664908337,0.2433464588293116
decreasing_rf100_phase000,Middle ADC8,148.02499999999995,0.0010953075152060352,0.03740408126331586,0.15403196801677602,0.03742011482753097,0.23372873351478982
decreasing_rf080_phase045,Before RF1,17.332,0.0030195295479431544,0.01001699385279831,0.49937042378340374,0.010462204573506528,0.5596005234599666
decreasing_rf080_phase045,Before ADC1,32.799,0.1422150345531572,0.14789176313358965,0.30300780713311715,0.20517575308919297,0.4719012782458887
decreasing_rf080_phase045,Middle ADC1,36.025,0.19235610633116879,0.1946876735104184,0.3045051942418083,0.273686247114807,0.45325043413015764
decreasing_rf080_phase045,Middle ADC2,52.025,-0.14224312554071528,0.14416832055539464,0.37380728855428735,0.20252805093456736,0.4248311262261468
decreasing_rf080_phase045,Before ADC8,144.79899999999995,-0.01705251046336538,0.029754803620591505,0.26155738085280256,0.03429484584603277,0.23276370797862572
decreasing_rf080_phase045,Middle ADC8,148.02499999999995,-0.026364996650280095,0.04011058581338245,0.2631438182185799,0.04799970981851868,0.22356424225679974
decreasing_rf100_phase045,Before RF1,17.332,0.0026283153756179304,0.010631315572979923,0.319239316167061,0.010951388611769516,0.5698708268525767
decreasing_rf100_phase045,Before ADC1,32.799,0.12621176350462626,0.13257748770162353,0.3845999653685433,0.18304698711593662,0.5225675021135767
decreasing_rf100_phase045,Middle ADC1,36.025,0.17060851319058493,0.17430711751739117,0.38592206350389674,0.24390620326331106,0.5019141886534065
decreasing_rf100_phase045,Middle ADC2,52.025,-0.12268829921428359,0.12521260459713168,0.26006947268567304,0.17530149775199078,0.4762566166955716
decreasing_rf100_phase045,Before ADC8,144.79899999999995,-0.023362353191510362,0.019164936979728084,0.15701072161928742,0.030217451184403745,0.24035180317350743
decreasing_rf100_phase045,Middle ADC8,148.02499999999995,-0.03475336362678624,0.027827120927980082,0.15882176239008866,0.04452128639781263,0.23085243493575452
decreasing_rf080_phase090,Before RF1,17.332,-0.004947954461073842,0.009218214099761198,0.4993704237834004,0.010462204573506323,0.559600523459956
decreasing_rf080_phase090,Before ADC1,32.799,0.20381802508253544,0.0026628774157012357,0.30391195366503965,0.20383541955380596,0.4715557021877272
decreasing_rf080_phase090,Middle ADC1,36.025,0.27159113242206867,0.0003567266559511862,0.30540739834542935,0.2715913666967503,0.4529185161939127
decreasing_rf080_phase090,Middle ADC2,52.025,-0.20243910763256834,0.004702807109673764,0.3769125167581495,0.20249372507260907,0.4240075546688134
decreasing_rf080_phase090,Before ADC8,144.79899999999995,-0.02825678543898317,0.0007139857980799347,0.26584347328975944,0.028265804412126522,0.2327991021410336
decreasing_rf080_phase090,Middle ADC8,148.02499999999995,-0.041480435493739,0.0013206538302506228,0.26742070260467565,0.041501453652728816,0.223598237543985
decreasing_rf100_phase090,Before RF1,17.332,-0.005658975709391868,0.009375974959784256,0.3192393161670566,0.01095138861176922,0.5698708268525661
decreasing_rf100_phase090,Before ADC1,32.799,0.18260282285945392,0.0020268982917626913,0.3882963015357911,0.18261407183710204,0.5221827273933306
decreasing_rf100_phase090,Middle ADC1,36.025,0.24205181521039906,-0.0006936427875378941,0.3896104586264917,0.24205280908712024,0.5015446212946528
decreasing_rf100_phase090,Middle ADC2,52.025,-0.1755149419802905,0.004812606761694411,0.262529158112446,0.175580910244216,0.4764196741558248
decreasing_rf100_phase090,Before ADC8,144.79899999999995,-0.03354217560390178,0.0007033975913644365,0.1593392794185513,0.03354955010748313,0.23762657378718832
decreasing_rf100_phase090,Middle ADC8,148.02499999999995,-0.04987004481490393,0.001993375584633913,0.16114531761907108,0.04990986792270584,0.22823491415461825
decreasing_alternating_rf080_phase000,Before RF1,17.332,0.009218214099761198,0.004947954461073839,0.4993704237834004,0.010462204573506325,0.559600523459956
decreasing_alternating_rf080_phase000,Before ADC1,32.799,-0.0028949012312641607,0.20730671626685976,0.3044796138227616,0.20732692797243457,0.4733157103200448
decreasing_alternating_rf080_phase000,Middle ADC1,36.025,0.0006809107237140486,0.2752616538874984,0.30597383896724983,0.27526249606565484,0.4546089639354633
decreasing_alternating_rf080_phase000,Middle ADC2,52.025,-0.00030974393160715917,0.20139868785274262,0.37639006510295725,0.20139892604010984,0.4230490920960362
decreasing_alternating_rf080_phase000,Before ADC8,144.79899999999995,0.0033666467939188587,0.023375275239989567,0.2765925783028234,0.023616473131699272,0.2144942796778741
decreasing_alternating_rf080_phase000,Middle ADC8,148.02499999999995,0.0088943862822093,0.03601193537534501,0.27814671471735813,0.03709406417225239,0.20601687230814117
decreasing_alternating_rf100_phase000,Before RF1,17.332,0.009375974959784254,0.0056589757093918665,0.3192393161670566,0.010951388611769218,0.5698708268525661
decreasing_alternating_rf100_phase000,Before ADC1,32.799,-0.0043032292589270495,0.1864384686754807,0.38359417960893966,0.1864881239760674,0.5232740694523368
decreasing_alternating_rf100_phase000,Middle ADC1,36.025,-0.0008884837923355642,0.2473153429407723,0.3849184385298025,0.24731693888078318,0.5025928304960936
decreasing_alternating_rf100_phase000,Middle ADC2,52.025,0.0021850519385046684,0.1687496716757274,0.26441106044242935,0.16876381763470433,0.4728501041342522
decreasing_alternating_rf100_phase000,Before ADC8,144.79899999999995,-0.0001933528698638159,0.021920602439276602,0.19473135854133541,0.021921455166870284,0.2224794891944773
decreasing_alternating_rf100_phase000,Middle ADC8,148.02499999999995,0.009644864550068608,0.03204365581626421,0.19646136196905487,0.03346370108431483,0.21368648425213516
decreasing_alternating_rf080_phase045,Before RF1,17.332,0.0030195295479431544,0.01001699385279831,0.49937042378340374,0.010462204573506528,0.5596005234599666
decreasing_alternating_rf080_phase045,Before ADC1,32.799,0.1422150345531572,0.14789176313358965,0.30300780713311715,0.20517575308919297,0.4719012782458887
decreasing_alternating_rf080_phase045,Middle ADC1,36.025,0.19235610633116879,0.1946876735104184,0.3045051942418083,0.273686247114807,0.45325043413015764
decreasing_alternating_rf080_phase045,Middle ADC2,52.025,-0.14311001799415235,0.14101545770062207,0.3791825406227941,0.2009125097170471,0.42285820521781586
decreasing_alternating_rf080_phase045,Before ADC8,144.79899999999995,-0.014369410373226591,0.01653820509297427,0.280149258043796,0.02190872388277035,0.214101908319763
decreasing_alternating_rf080_phase045,Middle ADC8,148.02499999999995,-0.018929008710669985,0.02612101170164452,0.2816957534453489,0.03225855891210998,0.20564000855166836
decreasing_alternating_rf100_phase045,Before RF1,17.332,0.0026283153756179304,0.010631315572979923,0.319239316167061,0.010951388611769516,0.5698708268525767
decreasing_alternating_rf100_phase045,Before ADC1,32.799,0.12621176350462626,0.13257748770162353,0.3845999653685433,0.18304698711593662,0.5225675021135767
decreasing_alternating_rf100_phase045,Middle ADC1,36.025,0.17060851319058493,0.17430711751739117,0.38592206350389674,0.24390620326331106,0.5019141886534065
decreasing_alternating_rf100_phase045,Middle ADC2,52.025,-0.11818976462078984,0.12077241764783375,0.26427924453188223,0.16898164789591943,0.4732167692208787
decreasing_alternating_rf100_phase045,Before ADC8,144.79899999999995,-0.015615525476583158,0.015476457040450914,0.1947357056529486,0.02198557159672544,0.22326451668104075
decreasing_alternating_rf100_phase045,Middle ADC8,148.02499999999995,-0.013333285437686089,0.02341852937777461,0.19646569974152628,0.026948172828236507,0.21444048528051035
decreasing_alternating_rf080_phase090,Before RF1,17.332,-0.004947954461073842,0.009218214099761198,0.4993704237834004,0.010462204573506323,0.559600523459956
decreasing_alternating_rf080_phase090,Before ADC1,32.799,0.20381802508253544,0.0026628774157012357,0.30391195366503965,0.20383541955380596,0.4715557021877272
decreasing_alternating_rf080_phase090,Middle ADC1,36.025,0.27159113242206867,0.0003567266559511862,0.30540739834542935,0.2715913666967503,0.4529185161939127
decreasing_alternating_rf080_phase090,Middle ADC2,52.025,-0.20172411706732862,-0.002831169555041746,0.38074818430955665,0.20174398362192292,0.42223090597771956
decreasing_alternating_rf080_phase090,Before ADC8,144.79899999999995,-0.022701752339522617,-0.0004983556289679799,0.2833570135233024,0.022707221706275402,0.21336754097390437
decreasing_alternating_rf080_phase090,Middle ADC8,148.02499999999995,-0.031814713972845854,-2.448972706072753e-06,0.28489661752527873,0.03181471406710204,0.20493466543507688
decreasing_alternating_rf100_phase090,Before RF1,17.332,-0.005658975709391868,0.009375974959784256,0.3192393161670566,0.01095138861176922,0.5698708268525661
decreasing_alternating_rf100_phase090,Before ADC1,32.799,0.18260282285945392,0.0020268982917626913,0.3882963015357911,0.18261407183710204,0.5221827273933306
decreasing_alternating_rf100_phase090,Middle ADC1,36.025,0.24205181521039906,-0.0006936427875378941,0.3896104586264917,0.24205280908712024,0.5015446212946528
decreasing_alternating_rf100_phase090,Middle ADC2,52.025,-0.1696944549812315,0.001621518634423486,0.26529661651584957,0.16970220203067193,0.473068779536732
decreasing_alternating_rf100_phase090,Before ADC8,144.79899999999995,-0.02256708300161815,-0.0002201981575952633,0.19461185845746037,0.022568157267055085,0.22326365055617395
decreasing_alternating_rf100_phase090,Middle ADC8,148.02499999999995,-0.024234368888589517,0.0008322379190090058,0.196342118613859,0.0242486547128304,0.2144396533872946
rf_xy_rf080_phase000,Before RF1,17.332,0.009218214099761198,0.004947954461073839,0.4993704237834004,0.010462204573506325,0.559600523459956
rf_xy_rf080_phase000,Before ADC1,32.799,-0.0028949012312641607,0.20730671626685976,0.3044796138227616,0.20732692797243457,0.4733157103200448
rf_xy_rf080_phase000,Middle ADC1,36.025,0.0006809107237140486,0.2752616538874984,0.30597383896724983,0.27526249606565484,0.4546089639354633
rf_xy_rf080_phase000,Middle ADC2,52.025,-0.002511185059060458,-0.20002546200032928,0.3720423360615858,0.20004122449846687,0.4242980263587207
rf_xy_rf080_phase000,Before ADC8,144.79899999999995,-0.003377015479084055,0.04422483403245134,0.28665398806651243,0.04435358135194766,0.2209893353918071
rf_xy_rf080_phase000,Middle ADC8,148.02499999999995,-0.0034199423244918974,0.055480335275424196,0.2881865089946334,0.05558564210096281,0.212255225450524
rf_xy_rf100_phase000,Before RF1,17.332,0.009375974959784254,0.0056589757093918665,0.3192393161670566,0.010951388611769218,0.5698708268525661
rf_xy_rf100_phase000,Before ADC1,32.799,-0.0043032292589270495,0.1864384686754807,0.38359417960893966,0.1864881239760674,0.5232740694523368
rf_xy_rf100_phase000,Middle ADC1,36.025,-0.0008884837923355642,0.2473153429407723,0.3849184385298025,0.24731693888078318,0.5025928304960936
rf_xy_rf100_phase000,Middle ADC2,52.025,-0.0003851272800508154,-0.18265575965817865,0.2623335768237114,0.1826561656756436,0.4732212610378594
rf_xy_rf100_phase000,Before ADC8,144.79899999999995,-0.0028132480854536177,0.03085565902824378,0.15434073146964075,0.03098364179462366,0.22516391095730948
rf_xy_rf100_phase000,Middle ADC8,148.02499999999995,0.0026017686915451206,0.04329770046119576,0.15615750832883915,0.04337580046006916,0.2162648102399663
rf_xy_rf080_phase045,Before RF1,17.332,0.0030195295479431544,0.01001699385279831,0.49937042378340374,0.010462204573506528,0.5596005234599666
rf_xy_rf080_phase045,Before ADC1,32.799,0.1422150345531572,0.14789176313358965,0.30300780713311715,0.20517575308919297,0.4719012782458887
rf_xy_rf080_phase045,Middle ADC1,36.025,0.19235610633116879,0.1946876735104184,0.3045051942418083,0.273686247114807,0.45325043413015764
rf_xy_rf080_phase045,Middle ADC2,52.025,0.13890959747984083,-0.14260658337564058,0.3750696260908609,0.1990791648919719,0.4233176141770194
rf_xy_rf080_phase045,Before ADC8,144.79899999999995,-0.032031125088391614,0.0317115848438252,0.2890040177424416,0.04507346877859874,0.2172351836767607
rf_xy_rf080_phase045,Middle ADC8,148.02499999999995,-0.04164130734449118,0.04004957283916731,0.2905314899710537,0.05777513965329848,0.2086494481977897
rf_xy_rf100_phase045,Before RF1,17.332,0.0026283153756179304,0.010631315572979923,0.319239316167061,0.010951388611769516,0.5698708268525767
rf_xy_rf100_phase045,Before ADC1,32.799,0.12621176350462626,0.13257748770162353,0.3845999653685433,0.18304698711593662,0.5225675021135767
rf_xy_rf100_phase045,Middle ADC1,36.025,0.17060851319058493,0.17430711751739117,0.38592206350389674,0.24390620326331106,0.5019141886534065
rf_xy_rf100_phase045,Middle ADC2,52.025,0.12013265217513383,-0.13311334606353614,0.26364435359712823,0.1793070467629826,0.4738615848199015
rf_xy_rf100_phase045,Before ADC8,144.79899999999995,-0.025391587668585455,0.021470865694222754,0.15347318215667688,0.03325253070054687,0.2239971430907503
rf_xy_rf100_phase045,Middle ADC8,148.02499999999995,-0.02814992939564972,0.031231529551209433,0.1552918228203349,0.042045534401267064,0.21514415626756594
rf_xy_rf080_phase090,Before RF1,17.332,-0.004947954461073842,0.009218214099761198,0.4993704237834004,0.010462204573506323,0.559600523459956
rf_xy_rf080_phase090,Before ADC1,32.799,0.20381802508253544,0.0026628774157012357,0.30391195366503965,0.20383541955380596,0.4715557021877272
rf_xy_rf080_phase090,Middle ADC1,36.025,0.27159113242206867,0.0003567266559511862,0.30540739834542935,0.2715913666967503,0.4529185161939127
rf_xy_rf080_phase090,Middle ADC2,52.025,0.19797696598014428,-0.0017897202368696399,0.37896015768814806,0.19798505538860625,0.42217094963047275
rf_xy_rf080_phase090,Before ADC8,144.79899999999995,-0.04324707648753552,0.0027535367889795306,0.2882858129904128,0.04333464652638823,0.21957940440356544
rf_xy_rf080_phase090,Middle ADC8,148.02499999999995,-0.05738482125453319,0.0019667189166567628,0.28981482817825477,0.05741851351012023,0.2109010188357644
rf_xy_rf100_phase090,Before RF1,17.332,-0.005658975709391868,0.009375974959784256,0.3192393161670566,0.01095138861176922,0.5698708268525661
rf_xy_rf100_phase090,Before ADC1,32.799,0.18260282285945392,0.0020268982917626913,0.3882963015357911,0.18261407183710204,0.5221827273933306
rf_xy_rf100_phase090,Middle ADC1,36.025,0.24205181521039906,-0.0006936427875378941,0.3896104586264917,0.24205280908712024,0.5015446212946528
rf_xy_rf100_phase090,Middle ADC2,52.025,0.1700327357057309,-0.011807059465119354,0.26658684160843976,0.1704421833490401,0.47227746982968666
rf_xy_rf100_phase090,Before ADC8,144.79899999999995,-0.03399503622391353,-0.0012954565330092966,0.15472255549856861,0.03401971039697589,0.2253439321692811
rf_xy_rf100_phase090,Middle ADC8,148.02499999999995,-0.04064168859865486,0.001146043413009488,0.15653851206396097,0.04065784386381717,0.21643771651557986
rf_180_rf080_phase000,Before RF1,17.332,0.009218214099761198,0.004947954461073839,0.4993704237834004,0.010462204573506325,0.559600523459956
rf_180_rf080_phase000,Before ADC1,32.799,-0.0028949012312641607,0.20730671626685976,0.3044796138227616,0.20732692797243457,0.4733157103200448
rf_180_rf080_phase000,Middle ADC1,36.025,0.0006809107237140486,0.2752616538874984,0.30597383896724983,0.27526249606565484,0.4546089639354633
rf_180_rf080_phase000,Middle ADC2,52.025,0.00025345849507256413,0.2048707528061161,0.3721584243011379,0.20487090959077978,0.42496576958168625
rf_180_rf080_phase000,Before ADC8,144.79899999999995,-0.005836053254558614,-0.030400720822698925,0.2710941874847764,0.03095582892008748,0.21045392293777176
rf_180_rf080_phase000,Middle ADC8,148.02499999999995,-0.0018985707946413567,-0.039179075649003664,0.27266013639823694,0.03922504990146752,0.2021362016447787
rf_180_rf100_phase000,Before RF1,17.332,0.009375974959784254,0.0056589757093918665,0.3192393161670566,0.010951388611769218,0.5698708268525661
rf_180_rf100_phase000,Before ADC1,32.799,-0.0043032292589270495,0.1864384686754807,0.38359417960893966,0.1864881239760674,0.5232740694523368
rf_180_rf100_phase000,Middle ADC1,36.025,-0.0008884837923355642,0.2473153429407723,0.3849184385298025,0.24731693888078318,0.5025928304960936
rf_180_rf100_phase000,Middle ADC2,52.025,0.00856706980991009,0.1743341044271534,0.2585580111914313,0.1745444775738995,0.4749159085755837
rf_180_rf100_phase000,Before ADC8,144.79899999999995,0.0010313599372545332,0.008249963088428087,0.2208426345937502,0.008314180313211855,0.21311072792027216
rf_180_rf100_phase000,Middle ADC8,148.02499999999995,0.0034012704256278854,0.012844930937469815,0.22251654171429075,0.013287621732146803,0.20468800234384357
rf_180_rf080_phase045,Before RF1,17.332,0.0030195295479431544,0.01001699385279831,0.49937042378340374,0.010462204573506528,0.5596005234599666
rf_180_rf080_phase045,Before ADC1,32.799,0.1422150345531572,0.14789176313358965,0.30300780713311715,0.20517575308919297,0.4719012782458887
rf_180_rf080_phase045,Middle ADC1,36.025,0.19235610633116879,0.1946876735104184,0.3045051942418083,0.273686247114807,0.45325043413015764
rf_180_rf080_phase045,Middle ADC2,52.025,-0.14186126968831075,0.1444833358399739,0.37514959807891335,0.20248470108387528,0.42429070799383245
rf_180_rf080_phase045,Before ADC8,144.79899999999995,-0.04247843044246835,-0.02427187083004901,0.2675779642019066,0.048923826163191755,0.21005796950790423
rf_180_rf080_phase045,Middle ADC8,148.02499999999995,-0.04908817500090455,-0.030154358204971466,0.2691514672134888,0.05761019218569888,0.20175589738993563
rf_180_rf100_phase045,Before RF1,17.332,0.0026283153756179304,0.010631315572979923,0.319239316167061,0.010951388611769516,0.5698708268525767
rf_180_rf100_phase045,Before ADC1,32.799,0.12621176350462626,0.13257748770162353,0.3845999653685433,0.18304698711593662,0.5225675021135767
rf_180_rf100_phase045,Middle ADC1,36.025,0.17060851319058493,0.17430711751739117,0.38592206350389674,0.24390620326331106,0.5019141886534065
rf_180_rf100_phase045,Middle ADC2,52.025,-0.11400344607348212,0.12202402270445613,0.2605199368183794,0.16699295743715353,0.473526263313864
rf_180_rf100_phase045,Before ADC8,144.79899999999995,-0.030396766679302745,0.005421641807301942,0.22111506077444693,0.030876489833571656,0.21533737320440702
rf_180_rf100_phase045,Middle ADC8,148.02499999999995,-0.03798066248816434,0.009093391330049432,0.22278838262666562,0.03905407134885262,0.20682664444593618
rf_180_rf080_phase090,Before RF1,17.332,-0.004947954461073842,0.009218214099761198,0.4993704237834004,0.010462204573506323,0.559600523459956
rf_180_rf080_phase090,Before ADC1,32.799,0.20381802508253544,0.0026628774157012357,0.30391195366503965,0.20383541955380596,0.4715557021877272
rf_180_rf080_phase090,Middle ADC1,36.025,0.27159113242206867,0.0003567266559511862,0.30540739834542935,0.2715913666967503,0.4529185161939127
rf_180_rf080_phase090,Middle ADC2,52.025,-0.20068859626836844,0.0005826684289467079,0.3783266152285552,0.20068944211060602,0.4239712307795446
rf_180_rf080_phase090,Before ADC8,144.79899999999995,-0.05819538090497514,-0.0043487728812769515,0.2656272685117025,0.05835764032453741,0.20656168123009983
rf_180_rf080_phase090,Middle ADC8,148.02499999999995,-0.06880323740940666,-0.004092796825139888,0.26720496231137303,0.06892486099998354,0.1983977920979781
rf_180_rf100_phase090,Before RF1,17.332,-0.005658975709391868,0.009375974959784256,0.3192393161670566,0.01095138861176922,0.5698708268525661
rf_180_rf100_phase090,Before ADC1,32.799,0.18260282285945392,0.0020268982917626913,0.3882963015357911,0.18261407183710204,0.5221827273933306
rf_180_rf100_phase090,Middle ADC1,36.025,0.24205181521039906,-0.0006936427875378941,0.3896104586264917,0.24205280908712024,0.5015446212946528
rf_180_rf100_phase090,Middle ADC2,52.025,-0.1650209544942401,-0.0018465911134000696,0.26401654215235254,0.16503128588522284,0.47504813470080887
rf_180_rf100_phase090,Before ADC8,144.79899999999995,-0.044068365168464255,-0.00046138425863535045,0.22267597748488283,0.04407078038854349,0.21576713640868642
rf_180_rf100_phase090,Middle ADC8,148.02499999999995,-0.055053566407659016,0.0008283999710938205,0.22434594593288287,0.055059798589484774,0.20723942221936556
rf_quadratic_rf080_phase000,Before RF1,17.332,0.009218214099761198,0.004947954461073839,0.4993704237834004,0.010462204573506325,0.559600523459956
rf_quadratic_rf080_phase000,Before ADC1,32.799,-0.0028949012312641607,0.20730671626685976,0.3044796138227616,0.20732692797243457,0.4733157103200448
rf_quadratic_rf080_phase000,Middle ADC1,36.025,0.0006809107237140486,0.2752616538874984,0.30597383896724983,0.27526249606565484,0.4546089639354633
rf_quadratic_rf080_phase000,Middle ADC2,52.025,-0.15686514615254699,-0.1277522764425293,0.37360325170372755,0.20230501282397415,0.4233765498997002
rf_quadratic_rf080_phase000,Before ADC8,144.79899999999995,-0.03815756806994358,0.03403875173032314,0.2685134948773077,0.051133517582608715,0.2336968613173856
rf_quadratic_rf080_phase000,Middle ADC8,148.02499999999995,-0.051497385555625705,0.04556386257661576,0.27008498803628694,0.06876079036751609,0.22446051479387585
rf_quadratic_rf100_phase000,Before RF1,17.332,0.009375974959784254,0.0056589757093918665,0.3192393161670566,0.010951388611769218,0.5698708268525661
rf_quadratic_rf100_phase000,Before ADC1,32.799,-0.0043032292589270495,0.1864384686754807,0.38359417960893966,0.1864881239760674,0.5232740694523368
rf_quadratic_rf100_phase000,Middle ADC1,36.025,-0.0008884837923355642,0.2473153429407723,0.3849184385298025,0.24731693888078318,0.5025928304960936
rf_quadratic_rf100_phase000,Middle ADC2,52.025,-0.13708532557231215,-0.12021579462204797,0.2645676788120558,0.18232998591531027,0.47298292668460695
rf_quadratic_rf100_phase000,Before ADC8,144.79899999999995,-0.03373868975914161,0.029180918678561155,0.13527698956267203,0.044607456793549737,0.23954360903787092
rf_quadratic_rf100_phase000,Middle ADC8,148.02499999999995,-0.04509132956954702,0.039197874784656875,0.13713472211931876,0.059746978082436474,0.23007618286837228
rf_quadratic_rf080_phase045,Before RF1,17.332,0.0030195295479431544,0.01001699385279831,0.49937042378340374,0.010462204573506528,0.5596005234599666
rf_quadratic_rf080_phase045,Before ADC1,32.799,0.1422150345531572,0.14789176313358965,0.30300780713311715,0.20517575308919297,0.4719012782458887
rf_quadratic_rf080_phase045,Middle ADC1,36.025,0.19235610633116879,0.1946876735104184,0.3045051942418083,0.273686247114807,0.45325043413015764
rf_quadratic_rf080_phase045,Middle ADC2,52.025,-0.021618213880995628,-0.20028553488661627,0.37644411934346883,0.201448858662,0.4226491534553022
rf_quadratic_rf080_phase045,Before ADC8,144.79899999999995,-0.04768069360816224,0.0006459753651650209,0.2681618903128786,0.04768506922641345,0.22669803706249872
rf_quadratic_rf080_phase045,Middle ADC8,148.02499999999995,-0.06431406870565819,0.0009305355377828943,0.26973413884350694,0.06432080013388514,0.21773830343704367
rf_quadratic_rf100_phase045,Before RF1,17.332,0.0026283153756179304,0.010631315572979923,0.319239316167061,0.010951388611769516,0.5698708268525767
rf_quadratic_rf100_phase045,Before ADC1,32.799,0.12621176350462626,0.13257748770162353,0.3845999653685433,0.18304698711593662,0.5225675021135767
rf_quadratic_rf100_phase045,Middle ADC1,36.025,0.17060851319058493,0.17430711751739117,0.38592206350389674,0.24390620326331106,0.5019141886534065
rf_quadratic_rf100_phase045,Middle ADC2,52.025,-0.021426621647483254,-0.18205199669669336,0.2653988895593859,0.1833085639474524,0.4737651585478883
rf_quadratic_rf100_phase045,Before ADC8,144.79899999999995,-0.041973559077067846,0.001795417193554774,0.13462441693409832,0.042011940975096786,0.23636443783934097
rf_quadratic_rf100_phase045,Middle ADC8,148.02499999999995,-0.057325260014593454,0.002333085023976814,0.13648355144883229,0.057372717570896466,0.22702266131135507
rf_quadratic_rf080_phase090,Before RF1,17.332,-0.004947954461073842,0.009218214099761198,0.4993704237834004,0.010462204573506323,0.559600523459956
rf_quadratic_rf080_phase090,Before ADC1,32.799,0.20381802508253544,0.0026628774157012357,0.30391195366503965,0.20383541955380596,0.4715557021877272
rf_quadratic_rf080_phase090,Middle ADC1,36.025,0.27159113242206867,0.0003567266559511862,0.30540739834542935,0.2715913666967503,0.4529185161939127
rf_quadratic_rf080_phase090,Middle ADC2,52.025,0.12505279389736895,-0.1555260134296605,0.37959140023746907,0.19956588414571458,0.42091208461795904
rf_quadratic_rf080_phase090,Before ADC8,144.79899999999995,-0.02891151618625956,-0.03447501270390627,0.26899451672031904,0.04499335805563803,0.22747872180844364
rf_quadratic_rf080_phase090,Middle ADC8,148.02499999999995,-0.03956580903014943,-0.04607658196540957,0.2705649764733088,0.060733060599852534,0.2184881333619246
rf_quadratic_rf100_phase090,Before RF1,17.332,-0.005658975709391868,0.009375974959784256,0.3192393161670566,0.01095138861176922,0.5698708268525661
rf_quadratic_rf100_phase090,Before ADC1,32.799,0.18260282285945392,0.0020268982917626913,0.3882963015357911,0.18261407183710204,0.5221827273933306
rf_quadratic_rf100_phase090,Middle ADC1,36.025,0.24205181521039906,-0.0006936427875378941,0.3896104586264917,0.24205280908712024,0.5015446212946528
rf_quadratic_rf100_phase090,Middle ADC2,52.025,0.10392425495266372,-0.1431089398753797,0.26739296857696604,0.1768627135371424,0.4719260774457077
rf_quadratic_rf100_phase090,Before ADC8,144.79899999999995,-0.026452371394387723,-0.026610658705671454,0.1352569811626555,0.03752139535167035,0.23644328856463026
rf_quadratic_rf100_phase090,Middle ADC8,148.02499999999995,-0.037328582032943404,-0.036473800716717616,0.13711475670446127,0.05218966540717632,0.2270983956378263
increasing_rf_xy_rf080_phase000,Before RF1,17.332,0.009218214099761198,0.004947954461073839,0.4993704237834004,0.010462204573506325,0.559600523459956
increasing_rf_xy_rf080_phase000,Before ADC1,32.799,-0.0028949012312641607,0.20730671626685976,0.3044796138227616,0.20732692797243457,0.4733157103200448
increasing_rf_xy_rf080_phase000,Middle ADC1,36.025,0.0006809107237140486,0.2752616538874984,0.30597383896724983,0.27526249606565484,0.4546089639354633
increasing_rf_xy_rf080_phase000,Middle ADC2,52.025,-0.002511185059060458,-0.20002546200032928,0.3720423360615858,0.20004122449846687,0.4242980263587207
increasing_rf_xy_rf080_phase000,Before ADC8,144.79899999999995,-0.001391922825486053,0.03835502386124545,0.2608353170617541,0.03838027233552176,0.23604072393026326
increasing_rf_xy_rf080_phase000,Middle ADC8,148.02499999999995,0.0025472607935383943,0.04843397390804978,0.2624233056773495,0.04850091098191811,0.2267117414715767
increasing_rf_xy_rf100_phase000,Before RF1,17.332,0.009375974959784254,0.0056589757093918665,0.3192393161670566,0.010951388611769218,0.5698708268525661
increasing_rf_xy_rf100_phase000,Before ADC1,32.799,-0.0043032292589270495,0.1864384686754807,0.38359417960893966,0.1864881239760674,0.5232740694523368
increasing_rf_xy_rf100_phase000,Middle ADC1,36.025,-0.0008884837923355642,0.2473153429407723,0.3849184385298025,0.24731693888078318,0.5025928304960936
increasing_rf_xy_rf100_phase000,Middle ADC2,52.025,-0.0003851272800508154,-0.18265575965817865,0.2623335768237114,0.1826561656756436,0.4732212610378594
increasing_rf_xy_rf100_phase000,Before ADC8,144.79899999999995,-0.0013879233260624757,0.03615222154025925,0.14265007952785058,0.03617885367801215,0.2404999286452084
increasing_rf_xy_rf100_phase000,Middle ADC8,148.02499999999995,0.002902107652612896,0.048126371663608544,0.14449197206508524,0.04821379344473049,0.2309947060789982
increasing_rf_xy_rf080_phase045,Before RF1,17.332,0.0030195295479431544,0.01001699385279831,0.49937042378340374,0.010462204573506528,0.5596005234599666
increasing_rf_xy_rf080_phase045,Before ADC1,32.799,0.1422150345531572,0.14789176313358965,0.30300780713311715,0.20517575308919297,0.4719012782458887
increasing_rf_xy_rf080_phase045,Middle ADC1,36.025,0.19235610633116879,0.1946876735104184,0.3045051942418083,0.273686247114807,0.45325043413015764
increasing_rf_xy_rf080_phase045,Middle ADC2,52.025,0.13890959747984083,-0.14260658337564058,0.3750696260908609,0.1990791648919719,0.4233176141770194
increasing_rf_xy_rf080_phase045,Before ADC8,144.79899999999995,-0.02605938462605572,0.027055036872214912,0.2619372145839733,0.037564165733390345,0.23664011580585714
increasing_rf_xy_rf080_phase045,Middle ADC8,148.02499999999995,-0.03124637107573771,0.03548881596593527,0.263522835931812,0.04728415975849334,0.22728744372192206
increasing_rf_xy_rf100_phase045,Before RF1,17.332,0.0026283153756179304,0.010631315572979923,0.319239316167061,0.010951388611769516,0.5698708268525767
increasing_rf_xy_rf100_phase045,Before ADC1,32.799,0.12621176350462626,0.13257748770162353,0.3845999653685433,0.18304698711593662,0.5225675021135767
increasing_rf_xy_rf100_phase045,Middle ADC1,36.025,0.17060851319058493,0.17430711751739117,0.38592206350389674,0.24390620326331106,0.5019141886534065
increasing_rf_xy_rf100_phase045,Middle ADC2,52.025,0.12013265217513383,-0.13311334606353614,0.26364435359712823,0.1793070467629826,0.4738615848199015
increasing_rf_xy_rf100_phase045,Before ADC8,144.79899999999995,-0.027477139382991032,0.024073136874635165,0.14445034428461415,0.036530933572210225,0.2425814882151054
increasing_rf_xy_rf100_phase045,Middle ADC8,148.02499999999995,-0.032012830263854625,0.034592926619478256,0.14628836921290483,0.04713270492559252,0.23299399665568532
increasing_rf_xy_rf080_phase090,Before RF1,17.332,-0.004947954461073842,0.009218214099761198,0.4993704237834004,0.010462204573506323,0.559600523459956
increasing_rf_xy_rf080_phase090,Before ADC1,32.799,0.20381802508253544,0.0026628774157012357,0.30391195366503965,0.20383541955380596,0.4715557021877272
increasing_rf_xy_rf080_phase090,Middle ADC1,36.025,0.27159113242206867,0.0003567266559511862,0.30540739834542935,0.2715913666967503,0.4529185161939127
increasing_rf_xy_rf080_phase090,Middle ADC2,52.025,0.19797696598014428,-0.0017897202368696399,0.37896015768814806,0.19798505538860625,0.42217094963047275
increasing_rf_xy_rf080_phase090,Before ADC8,144.79899999999995,-0.03549017968541722,0.0002380176873570044,0.2603579898404087,0.03549097781863293,0.23648929762545257
increasing_rf_xy_rf080_phase090,Middle ADC8,148.02499999999995,-0.04474685837662658,0.001214419461353911,0.26194700392463227,0.04476333487583327,0.2271425862932726
increasing_rf_xy_rf100_phase090,Before RF1,17.332,-0.005658975709391868,0.009375974959784256,0.3192393161670566,0.01095138861176922,0.5698708268525661
increasing_rf_xy_rf100_phase090,Before ADC1,32.799,0.18260282285945392,0.0020268982917626913,0.3882963015357911,0.18261407183710204,0.5221827273933306
increasing_rf_xy_rf100_phase090,Middle ADC1,36.025,0.24205181521039906,-0.0006936427875378941,0.3896104586264917,0.24205280908712024,0.5015446212946528
increasing_rf_xy_rf100_phase090,Middle ADC2,52.025,0.1700327357057309,-0.011807059465119354,0.26658684160843976,0.1704421833490401,0.47227746982968666
increasing_rf_xy_rf100_phase090,Before ADC8,144.79899999999995,-0.03722154336727575,-0.003460594257106898,0.14492664511274345,0.037382067937104684,0.2409748288012485
increasing_rf_xy_rf100_phase090,Middle ADC8,148.02499999999995,-0.04632880729067152,-0.00010288560057923027,0.1467636467774636,0.04632892153313075,0.2314508368669752
increasing_rf_taper_rf080_phase000,Before RF1,17.332,0.009218214099761198,0.004947954461073839,0.4993704237834004,0.010462204573506325,0.559600523459956
increasing_rf_taper_rf080_phase000,Before ADC1,32.799,-0.0028949012312641607,0.20730671626685976,0.3044796138227616,0.20732692797243457,0.4733157103200448
increasing_rf_taper_rf080_phase000,Middle ADC1,36.025,0.0006809107237140486,0.2752616538874984,0.30597383896724983,0.27526249606565484,0.4546089639354633
increasing_rf_taper_rf080_phase000,Middle ADC2,52.025,-0.002941932429055859,0.20285276125775492,0.378169548219026,0.2028740932606055,0.4212162756986929
increasing_rf_taper_rf080_phase000,Before ADC8,144.79899999999995,-0.0030469341339154727,0.037424020875155575,0.2525897316074841,0.03754785141763107,0.23506371117046587
increasing_rf_taper_rf080_phase000,Middle ADC8,148.02499999999995,-0.001767542229997818,0.0488239518023198,0.2541954346730966,0.048855935925228904,0.22577334295912738
increasing_rf_taper_rf100_phase000,Before RF1,17.332,0.009375974959784254,0.0056589757093918665,0.3192393161670566,0.010951388611769218,0.5698708268525661
increasing_rf_taper_rf100_phase000,Before ADC1,32.799,-0.0043032292589270495,0.1864384686754807,0.38359417960893966,0.1864881239760674,0.5232740694523368
increasing_rf_taper_rf100_phase000,Middle ADC1,36.025,-0.0008884837923355642,0.2473153429407723,0.3849184385298025,0.24731693888078318,0.5025928304960936
increasing_rf_taper_rf100_phase000,Middle ADC2,52.025,-0.010421223750983612,0.17259666993055975,0.2685909503013121,0.17291099553118838,0.4729502662219478
increasing_rf_taper_rf100_phase000,Before ADC8,144.79899999999995,-0.004338913167716031,0.03530455185518355,0.16546021668269734,0.035570177806307404,0.2324752651890389
increasing_rf_taper_rf100_phase000,Middle ADC8,148.02499999999995,-0.003188679855243683,0.04475495490153375,0.16725310493312262,0.04486840388800962,0.22328719952428605
increasing_rf_taper_rf080_phase045,Before RF1,17.332,0.0030195295479431544,0.01001699385279831,0.49937042378340374,0.010462204573506528,0.5596005234599666
increasing_rf_taper_rf080_phase045,Before ADC1,32.799,0.1422150345531572,0.14789176313358965,0.30300780713311715,0.20517575308919297,0.4719012782458887
increasing_rf_taper_rf080_phase045,Middle ADC1,36.025,0.19235610633116879,0.1946876735104184,0.3045051942418083,0.273686247114807,0.45325043413015764
increasing_rf_taper_rf080_phase045,Middle ADC2,52.025,-0.14774091975298304,0.1442813917208949,0.3804508738284682,0.20650544633586712,0.42214041143880254
increasing_rf_taper_rf080_phase045,Before ADC8,144.79899999999995,-0.029460114332170655,0.02519353899963182,0.2551543968265981,0.03876354916400891,0.23422856038971598
increasing_rf_taper_rf080_phase045,Middle ADC8,148.02499999999995,-0.03681170513733629,0.03373547679181632,0.25675459007922197,0.04993179377400103,0.22497119964782702
increasing_rf_taper_rf100_phase045,Before RF1,17.332,0.0026283153756179304,0.010631315572979923,0.319239316167061,0.010951388611769516,0.5698708268525767
increasing_rf_taper_rf100_phase045,Before ADC1,32.799,0.12621176350462626,0.13257748770162353,0.3845999653685433,0.18304698711593662,0.5225675021135767
increasing_rf_taper_rf100_phase045,Middle ADC1,36.025,0.17060851319058493,0.17430711751739117,0.38592206350389674,0.24390620326331106,0.5019141886534065
increasing_rf_taper_rf100_phase045,Middle ADC2,52.025,-0.13445775446111286,0.12177018689761429,0.2684570006183592,0.1814024976448914,0.4741055643090033
increasing_rf_taper_rf100_phase045,Before ADC8,144.79899999999995,-0.028927127484431398,0.02510630679885111,0.16444431647955912,0.038302811196811434,0.23208475819264807
increasing_rf_taper_rf100_phase045,Middle ADC8,148.02499999999995,-0.035576899175219494,0.03163071431521439,0.16623938724491566,0.04760480903243328,0.22291212644480018
increasing_rf_taper_rf080_phase090,Before RF1,17.332,-0.004947954461073842,0.009218214099761198,0.4993704237834004,0.010462204573506323,0.559600523459956
increasing_rf_taper_rf080_phase090,Before ADC1,32.799,0.20381802508253544,0.0026628774157012357,0.30391195366503965,0.20383541955380596,0.4715557021877272
increasing_rf_taper_rf080_phase090,Middle ADC1,36.025,0.27159113242206867,0.0003567266559511862,0.30540739834542935,0.2715913666967503,0.4529185161939127
increasing_rf_taper_rf080_phase090,Middle ADC2,52.025,-0.20776711105933846,0.0013293604786818215,0.3810043065747939,0.20777136385273542,0.42087261887154476
increasing_rf_taper_rf080_phase090,Before ADC8,144.79899999999995,-0.03966881111085026,-0.001301683174700394,0.2568290291919476,0.039690161930075504,0.23464577985057958
increasing_rf_taper_rf080_phase090,Middle ADC8,148.02499999999995,-0.04998403566912278,-0.0007701045026675386,0.25842562473868413,0.04998996782072546,0.22537192944128487
increasing_rf_taper_rf100_phase090,Before RF1,17.332,-0.005658975709391868,0.009375974959784256,0.3192393161670566,0.01095138861176922,0.5698708268525661
increasing_rf_taper_rf100_phase090,Before ADC1,32.799,0.18260282285945392,0.0020268982917626913,0.3882963015357911,0.18261407183710204,0.5221827273933306
increasing_rf_taper_rf100_phase090,Middle ADC1,36.025,0.24205181521039906,-0.0006936427875378941,0.3896104586264917,0.24205280908712024,0.5015446212946528
increasing_rf_taper_rf100_phase090,Middle ADC2,52.025,-0.18623096454050858,-0.0007505325160036453,0.2680747466847219,0.18623247690117248,0.47334758930668497
increasing_rf_taper_rf100_phase090,Before ADC8,144.79899999999995,-0.038786958198038984,0.001528463637736602,0.16342342301885815,0.03881706232249301,0.23045412892909123
increasing_rf_taper_rf100_phase090,Middle ADC8,148.02499999999995,-0.04929140145108986,0.00014969430045202764,0.165220687026439,0.049291628755764316,0.22134594416116718
