scan,ppr,mrd,mrd_sha256,ppl_version,method,catalog_order,counter_order,elapsed_minutes,raw_views,imaging_views,etl,b_values,rx_gain,tx_gain,decouple_gain,adjacent_ppr_matches_embedded,adjacent_ppr_differences,tr,te,esp,PE_order,nav_on,sm_delta,big_delta,sample_period,FOV,gs_var,slice_offset,rfcal,alpha,p180_scale,diff_crush_amp,crush_amp,diff_tcrush,tcrush,tramp,crusher_schedule,crusher_step_pct,crusher_custom_count,crusher_custom_pct,crush_independent_on,crusher_max_dac,crusher_slew_dac_100us,gp_init_var,SMX,SMY,gr_var,grad_var,no_disacq,no_discard,b_input_mode,v19_on,v19_cycles,v19_comp_flat,v19_slab_pml,v19_tip_pml,v19_spoil_cpmm,v19_spoil_dac,active_refocusing_flip_degrees
test0,experiments/FSE-DWI_10-07-2026_v18_test0/FSE-DWI_10-07-2026_v18_test0.ppr,experiments/FSE-DWI_10-07-2026_v18_test0/FSE-DWI_10-07-2026_v18_test0.MRD,2e2f021c9b4073fb8943a7ef650ffa56dbc7686f56c7a1666f0ff91d96489f51,1.8,legacy,1,1,0.0,136,128,8,"[0.0, 1000.0, 6000.0]",30.0,-195.0,-453.0,True,{},2000.0,54.0,14.0,1.0,1.0,4000.0,40000.0,"[500.0, 12.0, 20.0, 50.0]",35.0,"[-1377.0, 1.0]","[1284.0, 1.2]",594.0,90.0,185.0,-5482.0,-5482.0,1000.0,1000.0,200.0,0.0,40.0,0.0,"[100.0, 0.0, 0.0, 0.0, 0.0, 0.0, 0.0, 0.0, 0.0, 0.0, 0.0, 0.0, 0.0, 0.0, 0.0, 0.0, 0.0, 0.0, 0.0, 0.0, 0.0, 0.0, 0.0, 0.0, 0.0, 0.0, 0.0, 0.0, 0.0, 0.0, 0.0, 0.0, 0.0, 0.0, 0.0, 0.0, 0.0, 0.0, 0.0, 0.0, 0.0, 0.0, 0.0, 0.0, 0.0, 0.0, 0.0, 0.0, 0.0, 0.0, 0.0, 0.0, 0.0, 0.0, 0.0, 0.0, 0.0, 0.0, 0.0, 0.0, 0.0, 0.0, 0.0, 0.0]",1.0,32767.0,32767.0,-1000.0,0.0224563,0.0305406,-735.0,"[4.0, 25447.0, 25447.0, 25910.0, 25925.0]",4.0,0.0,1.0,,,,,,,,[]
test1,experiments/FSE-DWI_10-07-2026_v18_test1/FSE-DWI_10-07-2026_v18_test1.ppr,experiments/FSE-DWI_10-07-2026_v18_test1/FSE-DWI_10-07-2026_v18_test1.MRD,17e211930322cc968aa7cd4015b98a26ba7113c2d723fcbb8764b7ded2f8850d,1.8,legacy,2,2,2.07220334,136,128,8,"[0.0, 1000.0, 6000.0]",30.0,-195.0,-453.0,True,{},2000.0,54.0,14.0,1.0,1.0,4000.0,40000.0,"[500.0, 12.0, 20.0, 50.0]",35.0,"[-1377.0, 1.0]","[1284.0, 1.2]",594.0,90.0,185.0,-5482.0,-8223.0,1000.0,1000.0,200.0,0.0,40.0,0.0,"[100.0, 0.0, 0.0, 0.0, 0.0, 0.0, 0.0, 0.0, 0.0, 0.0, 0.0, 0.0, 0.0, 0.0, 0.0, 0.0, 0.0, 0.0, 0.0, 0.0, 0.0, 0.0, 0.0, 0.0, 0.0, 0.0, 0.0, 0.0, 0.0, 0.0, 0.0, 0.0, 0.0, 0.0, 0.0, 0.0, 0.0, 0.0, 0.0, 0.0, 0.0, 0.0, 0.0, 0.0, 0.0, 0.0, 0.0, 0.0, 0.0, 0.0, 0.0, 0.0, 0.0, 0.0, 0.0, 0.0, 0.0, 0.0, 0.0, 0.0, 0.0, 0.0, 0.0, 0.0]",1.0,32767.0,32767.0,-1000.0,0.0224563,0.0305406,-735.0,"[4.0, 25447.0, 25447.0, 25910.0, 25925.0]",4.0,0.0,1.0,,,,,,,,[]
test1b,experiments/FSE-DWI_10-07-2026_v18_test1b/FSE-DWI_10-07-2026_v18_test1.ppr,experiments/FSE-DWI_10-07-2026_v18_test1b/FSE-DWI_10-07-2026_v18_test1b.MRD,bacb194645e3b8e8fc13d09a1290954a024aa81714e59056e7c36bb931f142d7,1.8,legacy,3,9,32.886636845,144,128,16,"[0.0, 100.0, 500.0, 1000.0, 2000.0, 3000.0, 6000.0]",30.0,-195.0,-453.0,False,"{""SMY"": [0.0305406, 0.0323371], ""gp_init_var"": [-1000.0, -1059.0]}",2000.0,54.0,14.0,1.0,1.0,4000.0,40000.0,"[500.0, 12.0, 20.0, 50.0]",35.0,"[-1377.0, 1.0]","[1284.0, 1.2]",594.0,90.0,185.0,-5482.0,-8223.0,1000.0,1000.0,200.0,0.0,40.0,0.0,"[100.0, 0.0, 0.0, 0.0, 0.0, 0.0, 0.0, 0.0, 0.0, 0.0, 0.0, 0.0, 0.0, 0.0, 0.0, 0.0, 0.0, 0.0, 0.0, 0.0, 0.0, 0.0, 0.0, 0.0, 0.0, 0.0, 0.0, 0.0, 0.0, 0.0, 0.0, 0.0, 0.0, 0.0, 0.0, 0.0, 0.0, 0.0, 0.0, 0.0, 0.0, 0.0, 0.0, 0.0, 0.0, 0.0, 0.0, 0.0, 0.0, 0.0, 0.0, 0.0, 0.0, 0.0, 0.0, 0.0, 0.0, 0.0, 0.0, 0.0, 0.0, 0.0, 0.0, 0.0]",1.0,32767.0,32767.0,-1059.0,0.0224563,0.0323371,-735.0,"[4.0, 25447.0, 25447.0, 25910.0, 25925.0]",4.0,0.0,1.0,,,,,,,,[]
test2,experiments/FSE-DWI_10-07-2026_v191_test2/FSE-DWI_10-07-2026_v191_test2.ppr,experiments/FSE-DWI_10-07-2026_v191_test2/FSE-DWI_10-07-2026_v191_test2.MRD,82d5ef992cb86b8c7e5b066830c670bf5c5d3f434aad1bb88e65f8c21517d144,1.91,ss-MGOT,4,3,4.270822141666667,136,128,8,"[0.0, 1000.0, 6000.0]",30.0,-195.0,-453.0,True,{},2000.0,54.0,14.0,1.0,1.0,4000.0,40000.0,"[500.0, 12.0, 20.0, 50.0]",35.0,"[-1377.0, 1.0]","[1284.0, 1.2]",594.0,90.0,185.0,-5482.0,-8223.0,1000.0,1000.0,200.0,0.0,0.0,0.0,"[100.0, 0.0, 0.0, 0.0, 0.0, 0.0, 0.0, 0.0, 0.0, 0.0, 0.0, 0.0, 0.0, 0.0, 0.0, 0.0, 0.0, 0.0, 0.0, 0.0, 0.0, 0.0, 0.0, 0.0, 0.0, 0.0, 0.0, 0.0, 0.0, 0.0, 0.0, 0.0, 0.0, 0.0, 0.0, 0.0, 0.0, 0.0, 0.0, 0.0, 0.0, 0.0, 0.0, 0.0, 0.0, 0.0, 0.0, 0.0, 0.0, 0.0, 0.0, 0.0, 0.0, 0.0, 0.0, 0.0, 0.0, 0.0, 0.0, 0.0, 0.0, 0.0, 0.0, 0.0]",1.0,32767.0,32767.0,-1000.0,0.0224563,0.0305406,-735.0,"[4.0, 25447.0, 25447.0, 25910.0, 25925.0]",4.0,0.0,1.0,1.0,2.0,1000.0,3000.0,1667.0,32.0,16384.0,"[142.2, 94.9, 69.2, 63.0, 60.2, 60.0, 60.0, 60.0]"
test2b,experiments/FSE-DWI_10-07-2026_v191_test2b/FSE-DWI_10-07-2026_v191_test2.ppr,experiments/FSE-DWI_10-07-2026_v191_test2b/FSE-DWI_10-07-2026_v191_test2b.MRD,3f267f8493dd897866be3a3d0e4be19bf9bb08ea73cabf136ba7a7a66c9f681c,1.91,ss-MGOT,5,5,14.389688346666667,144,128,16,"[0.0, 1000.0, 6000.0]",30.0,-195.0,-453.0,True,{},2000.0,54.0,14.0,1.0,1.0,4000.0,40000.0,"[500.0, 12.0, 20.0, 50.0]",35.0,"[-1377.0, 1.0]","[1284.0, 1.2]",594.0,90.0,185.0,-5482.0,-8223.0,1000.0,1000.0,200.0,0.0,0.0,0.0,"[100.0, 0.0, 0.0, 0.0, 0.0, 0.0, 0.0, 0.0, 0.0, 0.0, 0.0, 0.0, 0.0, 0.0, 0.0, 0.0, 0.0, 0.0, 0.0, 0.0, 0.0, 0.0, 0.0, 0.0, 0.0, 0.0, 0.0, 0.0, 0.0, 0.0, 0.0, 0.0, 0.0, 0.0, 0.0, 0.0, 0.0, 0.0, 0.0, 0.0, 0.0, 0.0, 0.0, 0.0, 0.0, 0.0, 0.0, 0.0, 0.0, 0.0, 0.0, 0.0, 0.0, 0.0, 0.0, 0.0, 0.0, 0.0, 0.0, 0.0, 0.0, 0.0, 0.0, 0.0]",1.0,32767.0,32767.0,-1059.0,0.0224563,0.0323371,-735.0,"[4.0, 25447.0, 25447.0, 25910.0, 25925.0]",4.0,0.0,1.0,1.0,2.0,1000.0,3000.0,1667.0,32.0,16384.0,"[142.2, 94.9, 69.2, 63.0, 60.2, 60.0, 60.0, 60.0, 60.0, 60.0, 60.0, 60.0, 60.0, 60.0, 60.0, 60.0]"
test2c,experiments/FSE-DWI_10-07-2026_v191_test2c/FSE-DWI_10-07-2026_v191_test2c.ppr,experiments/FSE-DWI_10-07-2026_v191_test2c/FSE-DWI_10-07-2026_v191_test2c.MRD,c838bfa9a7c5e13cafcafce326128714ef8e14887de77f432b8bdea660ffb86d,1.91,ss-MGOT,6,7,17.13736533,144,128,16,"[0.0, 100.0, 500.0, 1000.0, 2000.0, 3000.0, 6000.0]",30.0,-195.0,-453.0,False,"{""SMY"": [0.0305406, 0.0323371], ""gp_init_var"": [-1000.0, -1059.0]}",2000.0,54.0,14.0,1.0,1.0,4000.0,40000.0,"[500.0, 12.0, 20.0, 50.0]",35.0,"[-1377.0, 1.0]","[1284.0, 1.2]",594.0,90.0,185.0,-5482.0,-8223.0,1000.0,1000.0,200.0,0.0,0.0,0.0,"[100.0, 0.0, 0.0, 0.0, 0.0, 0.0, 0.0, 0.0, 0.0, 0.0, 0.0, 0.0, 0.0, 0.0, 0.0, 0.0, 0.0, 0.0, 0.0, 0.0, 0.0, 0.0, 0.0, 0.0, 0.0, 0.0, 0.0, 0.0, 0.0, 0.0, 0.0, 0.0, 0.0, 0.0, 0.0, 0.0, 0.0, 0.0, 0.0, 0.0, 0.0, 0.0, 0.0, 0.0, 0.0, 0.0, 0.0, 0.0, 0.0, 0.0, 0.0, 0.0, 0.0, 0.0, 0.0, 0.0, 0.0, 0.0, 0.0, 0.0, 0.0, 0.0, 0.0, 0.0]",1.0,32767.0,32767.0,-1059.0,0.0224563,0.0323371,-735.0,"[4.0, 25447.0, 25447.0, 25910.0, 25925.0]",4.0,0.0,1.0,1.0,2.0,1000.0,3000.0,1667.0,32.0,16384.0,"[142.2, 94.9, 69.2, 63.0, 60.2, 60.0, 60.0, 60.0, 60.0, 60.0, 60.0, 60.0, 60.0, 60.0, 60.0, 60.0]"
test3,experiments/FSE-DWI_10-07-2026_v192_test3/FSE-DWI_10-07-2026_v192_test3.ppr,experiments/FSE-DWI_10-07-2026_v192_test3/FSE-DWI_10-07-2026_v192_test3.MRD,cde478dff581e601591ade8d544b7b0e05d82614e4da432c4ad04ac2f9aeb540,1.92,Alsop,7,4,6.3085796,136,128,8,"[0.0, 1000.0, 6000.0]",30.0,-195.0,-453.0,True,{},2000.0,54.0,14.0,1.0,1.0,4000.0,40000.0,"[500.0, 12.0, 20.0, 50.0]",35.0,"[-1377.0, 1.0]","[1284.0, 1.2]",594.0,90.0,185.0,-5482.0,-8223.0,1000.0,1000.0,200.0,0.0,0.0,0.0,"[100.0, 0.0, 0.0, 0.0, 0.0, 0.0, 0.0, 0.0, 0.0, 0.0, 0.0, 0.0, 0.0, 0.0, 0.0, 0.0, 0.0, 0.0, 0.0, 0.0, 0.0, 0.0, 0.0, 0.0, 0.0, 0.0, 0.0, 0.0, 0.0, 0.0, 0.0, 0.0, 0.0, 0.0, 0.0, 0.0, 0.0, 0.0, 0.0, 0.0, 0.0, 0.0, 0.0, 0.0, 0.0, 0.0, 0.0, 0.0, 0.0, 0.0, 0.0, 0.0, 0.0, 0.0, 0.0, 0.0, 0.0, 0.0, 0.0, 0.0, 0.0, 0.0, 0.0, 0.0]",1.0,32767.0,32767.0,-1000.0,0.0224563,0.0305406,-735.0,"[4.0, 25447.0, 25447.0, 25910.0, 25925.0]",4.0,0.0,1.0,1.0,2.0,1000.0,,,,,"[142.2, 94.9, 69.2, 63.0, 60.2, 60.0, 60.0, 60.0]"
test3b,experiments/FSE-DWI_10-07-2026_v192_test3b/FSE-DWI_10-07-2026_v192_test3b.ppr,experiments/FSE-DWI_10-07-2026_v192_test3b/FSE-DWI_10-07-2026_v192_test3b.MRD,a215476120be0aa2138402f9e2f2c11f05abd950ca3989ee6b138f4ccc64d301,1.92,Alsop,8,6,15.769321501666667,144,128,16,"[0.0, 1000.0, 6000.0]",30.0,-195.0,-453.0,False,"{""SMY"": [0.0305406, 0.0323371], ""gp_init_var"": [-1000.0, -1059.0]}",2000.0,54.0,14.0,1.0,1.0,4000.0,40000.0,"[500.0, 12.0, 20.0, 50.0]",35.0,"[-1377.0, 1.0]","[1284.0, 1.2]",594.0,90.0,185.0,-5482.0,-8223.0,1000.0,1000.0,200.0,0.0,0.0,0.0,"[100.0, 0.0, 0.0, 0.0, 0.0, 0.0, 0.0, 0.0, 0.0, 0.0, 0.0, 0.0, 0.0, 0.0, 0.0, 0.0, 0.0, 0.0, 0.0, 0.0, 0.0, 0.0, 0.0, 0.0, 0.0, 0.0, 0.0, 0.0, 0.0, 0.0, 0.0, 0.0, 0.0, 0.0, 0.0, 0.0, 0.0, 0.0, 0.0, 0.0, 0.0, 0.0, 0.0, 0.0, 0.0, 0.0, 0.0, 0.0, 0.0, 0.0, 0.0, 0.0, 0.0, 0.0, 0.0, 0.0, 0.0, 0.0, 0.0, 0.0, 0.0, 0.0, 0.0, 0.0]",1.0,32767.0,32767.0,-1059.0,0.0224563,0.0323371,-735.0,"[4.0, 25447.0, 25447.0, 25910.0, 25925.0]",4.0,0.0,1.0,1.0,2.0,1000.0,,,,,"[142.2, 94.9, 69.2, 63.0, 60.2, 60.0, 60.0, 60.0, 60.0, 60.0, 60.0, 60.0, 60.0, 60.0, 60.0, 60.0]"
test3c,experiments/FSE-DWI_10-07-2026_v192_test3c/FSE-DWI_10-07-2026_v192_test3c.ppr,experiments/FSE-DWI_10-07-2026_v192_test3c/FSE-DWI_10-07-2026_v192_test3c.MRD,8274f9f76c972b8787a2a69670c15661216bb9d1c0cbbb1828c0dac8a90258b0,1.92,Alsop,9,8,21.950494205,144,128,16,"[0.0, 100.0, 500.0, 1000.0, 2000.0, 3000.0, 6000.0]",30.0,-195.0,-453.0,True,{},2000.0,54.0,14.0,1.0,1.0,4000.0,40000.0,"[500.0, 12.0, 20.0, 50.0]",35.0,"[-1377.0, 1.0]","[1284.0, 1.2]",594.0,90.0,185.0,-5482.0,-8223.0,1000.0,1000.0,200.0,0.0,0.0,0.0,"[100.0, 0.0, 0.0, 0.0, 0.0, 0.0, 0.0, 0.0, 0.0, 0.0, 0.0, 0.0, 0.0, 0.0, 0.0, 0.0, 0.0, 0.0, 0.0, 0.0, 0.0, 0.0, 0.0, 0.0, 0.0, 0.0, 0.0, 0.0, 0.0, 0.0, 0.0, 0.0, 0.0, 0.0, 0.0, 0.0, 0.0, 0.0, 0.0, 0.0, 0.0, 0.0, 0.0, 0.0, 0.0, 0.0, 0.0, 0.0, 0.0, 0.0, 0.0, 0.0, 0.0, 0.0, 0.0, 0.0, 0.0, 0.0, 0.0, 0.0, 0.0, 0.0, 0.0, 0.0]",1.0,32767.0,32767.0,-1059.0,0.0224563,0.0323371,-735.0,"[4.0, 25447.0, 25447.0, 25910.0, 25925.0]",4.0,0.0,1.0,1.0,2.0,1000.0,,,,,"[142.2, 94.9, 69.2, 63.0, 60.2, 60.0, 60.0, 60.0, 60.0, 60.0, 60.0, 60.0, 60.0, 60.0, 60.0, 60.0]"
test3d,experiments/FSE-DWI_10-07-2026_v192_test3d/FSE-DWI_10-07-2026_v192_test3d.ppr,experiments/FSE-DWI_10-07-2026_v192_test3d/FSE-DWI_10-07-2026_v192_test3d.MRD,d8ad828f8bf56cf6bfb655831cb8ef43b0c3bfe8921b45921f52cc4f8c82ea9a,1.92,Alsop,10,10,57.73273167833334,144,128,16,"[0.0, 100.0, 500.0, 1000.0, 2000.0, 3000.0, 6000.0]",30.0,-195.0,-453.0,True,{},2000.0,54.0,14.0,1.0,1.0,4000.0,40000.0,"[500.0, 12.0, 20.0, 50.0]",35.0,"[-1377.0, 1.0]","[1284.0, 1.2]",594.0,90.0,185.0,-5482.0,-8223.0,1000.0,1000.0,200.0,0.0,0.0,0.0,"[100.0, 0.0, 0.0, 0.0, 0.0, 0.0, 0.0, 0.0, 0.0, 0.0, 0.0, 0.0, 0.0, 0.0, 0.0, 0.0, 0.0, 0.0, 0.0, 0.0, 0.0, 0.0, 0.0, 0.0, 0.0, 0.0, 0.0, 0.0, 0.0, 0.0, 0.0, 0.0, 0.0, 0.0, 0.0, 0.0, 0.0, 0.0, 0.0, 0.0, 0.0, 0.0, 0.0, 0.0, 0.0, 0.0, 0.0, 0.0, 0.0, 0.0, 0.0, 0.0, 0.0, 0.0, 0.0, 0.0, 0.0, 0.0, 0.0, 0.0, 0.0, 0.0, 0.0, 0.0]",1.0,32767.0,32767.0,-1059.0,0.0224563,0.0323371,-735.0,"[4.0, 25447.0, 25447.0, 25910.0, 25925.0]",4.0,0.0,1.0,1.0,2.0,1000.0,,,,,"[142.2, 94.9, 69.2, 63.0, 60.2, 60.0, 60.0, 60.0, 60.0, 60.0, 60.0, 60.0, 60.0, 60.0, 60.0, 60.0]"
