scan,catalog_order,folder,mrd,mrd_sha256,mrd_bytes,sidecar_ppr,sidecar_ppr_sha256,sidecar_ppr_basename_matches_scan,embedded_ppl,embedded_ppl_version,mrd_mtime_utc,acquisition_start_counter,performance_counter_frequency,embedded_receiver_gain,embedded_transmit_gain,embedded_decouple_gain,dims,datatype_hex,views_per_segment,raw_views,imaging_views,no_diff_acq,b_values,diffusion_directions_scaled,pe_order,te_ms,esp_ms,first_crusher_duration_us,train_crusher_duration_us,first_crusher_baseline_dac,train_crusher_baseline_dac,crusher_schedule,crusher_step_pct,crusher_custom_count,crusher_custom_pct,sidecar_protocol_values_match,sidecar_protocol_value_diffs,sidecar_embedded_only_runtime_values,json,diffusion_sidecars,nifti,data_payload_complete,nonzero_experiment_slots,nonzero_experiment_count,trailing_bytes_before_ppr,present_files,counter_order,acquisition_elapsed_minutes_from_test0
test0,1,experiments/FSE-DWI_10-07-2026_v18_test0,experiments/FSE-DWI_10-07-2026_v18_test0/FSE-DWI_10-07-2026_v18_test0.MRD,2e2f021c9b4073fb8943a7ef650ffa56dbc7686f56c7a1666f0ff91d96489f51,434707,experiments/FSE-DWI_10-07-2026_v18_test0/FSE-DWI_10-07-2026_v18_test0.ppr,9274d616b8d41956cab6b76a782d286ae082f5e103074724275ab6f94b2f7323,True,G:\J_Figger\FSE_dwi_CPMG_non_CPMG_twoTE-1.8.ppl,1.8,2026-10-07T22:15:07+00:00,1169189317035.0,10000000.0,30.0,-195.0,-453.0,"{""experiments"": 3, ""echoes"": 1, ""slices"": 1, ""views_2"": 1, ""views"": 136, ""samples"": 128}",0x15,8,136,128,3,"[0.0, 1000.0, 6000.0]","{""acq_x"": [1000.0, 1000.0, 1000.0], ""acq_y"": [0.0, 0.0, 0.0], ""acq_z"": [0.0, 0.0, 0.0]}",1.0,54.0,14.0,1000.0,1000.0,-5482.0,-5482.0,0.0,40.0,0.0,"[100.0, 0.0, 0.0, 0.0, 0.0, 0.0, 0.0, 0.0, 0.0, 0.0, 0.0, 0.0, 0.0, 0.0, 0.0, 0.0, 0.0, 0.0, 0.0, 0.0, 0.0, 0.0, 0.0, 0.0, 0.0, 0.0, 0.0, 0.0, 0.0, 0.0, 0.0, 0.0, 0.0, 0.0, 0.0, 0.0, 0.0, 0.0, 0.0, 0.0, 0.0, 0.0, 0.0, 0.0, 0.0, 0.0, 0.0, 0.0, 0.0, 0.0, 0.0, 0.0, 0.0, 0.0, 0.0, 0.0, 0.0, 0.0, 0.0, 0.0, 0.0, 0.0, 0.0, 0.0]",True,{},"{""B0GradientDelay"": 0.0, ""RxDelay"": 0.0, ""TxDelay"": 0.0, ""XGradientDelay"": 0.0, ""YGradientDelay"": 0.0, ""ZGradientDelay"": 0.0, ""_DecoupleTransmitGain"": -453.0, ""_ObserveReceiverGain"": 30.0, ""_ObserveTransmitGain"": -195.0, ""_pdd_rx_mask"": 8.0, ""_pdd_tx_mask"": 8.0, ""_pts_mask"": 13.0, ""_use_pdd"": 0.0}","{""available"": true, ""path"": ""experiments/FSE-DWI_10-07-2026_v18_test0/FSE-DWI_10-07-2026_v18_test0.json"", ""comparisons"": {""PEOrder"": {""json"": 1, ""mrd"": 1.0, ""match"": true}, ""BValueInputMode"": {""json"": 1, ""mrd"": 1.0, ""match"": true}, ""DiffusionOn"": {""json"": 1, ""mrd"": 1.0, ""match"": true}, ""SmallDelta_ms"": {""json"": 4.0, ""mrd"": 4.0, ""match"": true}, ""BigDelta_ms"": {""json"": 40.0, ""mrd"": 40.0, ""match"": true}, ""bval_s_per_mm2"": {""json"": [0.0, 1000.0, 6000.0], ""mrd"": [0.0, 1000.0, 6000.0], ""match"": true}, ""SliceSpacing_mm"": {""json"": 1.2, ""mrd"": 1.2, ""match"": true}, ""SliceOffsets_mm"": {""json"": [0.0], ""mrd"": [0.0], ""match"": true}}}","{""bval_path"": ""experiments/FSE-DWI_10-07-2026_v18_test0/FSE-DWI_10-07-2026_v18_test0.bval"", ""bvec_path"": ""experiments/FSE-DWI_10-07-2026_v18_test0/FSE-DWI_10-07-2026_v18_test0.bvec"", ""bval_values"": [0.0, 1000.0, 6000.0], ""bvec_values"": [[0.0, 1.0, 1.0], [0.0, 0.0, 0.0], [0.0, 0.0, 0.0]], ""bval_match"": true, ""bvec_match"": true}","{""path"": ""experiments/FSE-DWI_10-07-2026_v18_test0/FSE-DWI_10-07-2026_v18_test0.nii.gz"", ""dims"": [4, 128, 128, 1, 3, 1, 1, 1], ""pixdim"": [1.0, 0.2734375, 0.2734375, 1.2000000476837158, 1.0, 1.0, 1.0, 1.0], ""datatype"": 16, ""shape_matches_mrd"": true}",True,"[true, true, true]",3,120,"[""FSE-DWI_10-07-2026_v18_test0.MRD"", ""FSE-DWI_10-07-2026_v18_test0.bval"", ""FSE-DWI_10-07-2026_v18_test0.bvec"", ""FSE-DWI_10-07-2026_v18_test0.json"", ""FSE-DWI_10-07-2026_v18_test0.nii.gz"", ""FSE-DWI_10-07-2026_v18_test0.ppr"", ""reconstructed_image_exp_1_slice_1.png"", ""reconstructed_image_exp_2_slice_1.png"", ""reconstructed_image_exp_3_slice_1.png"", ""reordered_log_kspace_exp_1_slice_1.png"", ""reordered_log_kspace_exp_2_slice_1.png"", ""reordered_log_kspace_exp_3_slice_1.png""]",1,0.0
test1,2,experiments/FSE-DWI_10-07-2026_v18_test1,experiments/FSE-DWI_10-07-2026_v18_test1/FSE-DWI_10-07-2026_v18_test1.MRD,17e211930322cc968aa7cd4015b98a26ba7113c2d723fcbb8764b7ded2f8850d,434707,experiments/FSE-DWI_10-07-2026_v18_test1/FSE-DWI_10-07-2026_v18_test1.ppr,b8b476d5b7949c9bf468c64811f9e5b6c24cf11b2e0db5c3dd575976339ac93d,True,G:\J_Figger\FSE_dwi_CPMG_non_CPMG_twoTE-1.8.ppl,1.8,2026-10-07T22:15:07+00:00,1170432639039.0,10000000.0,30.0,-195.0,-453.0,"{""experiments"": 3, ""echoes"": 1, ""slices"": 1, ""views_2"": 1, ""views"": 136, ""samples"": 128}",0x15,8,136,128,3,"[0.0, 1000.0, 6000.0]","{""acq_x"": [1000.0, 1000.0, 1000.0], ""acq_y"": [0.0, 0.0, 0.0], ""acq_z"": [0.0, 0.0, 0.0]}",1.0,54.0,14.0,1000.0,1000.0,-5482.0,-8223.0,0.0,40.0,0.0,"[100.0, 0.0, 0.0, 0.0, 0.0, 0.0, 0.0, 0.0, 0.0, 0.0, 0.0, 0.0, 0.0, 0.0, 0.0, 0.0, 0.0, 0.0, 0.0, 0.0, 0.0, 0.0, 0.0, 0.0, 0.0, 0.0, 0.0, 0.0, 0.0, 0.0, 0.0, 0.0, 0.0, 0.0, 0.0, 0.0, 0.0, 0.0, 0.0, 0.0, 0.0, 0.0, 0.0, 0.0, 0.0, 0.0, 0.0, 0.0, 0.0, 0.0, 0.0, 0.0, 0.0, 0.0, 0.0, 0.0, 0.0, 0.0, 0.0, 0.0, 0.0, 0.0, 0.0, 0.0]",True,{},"{""B0GradientDelay"": 0.0, ""RxDelay"": 0.0, ""TxDelay"": 0.0, ""XGradientDelay"": 0.0, ""YGradientDelay"": 0.0, ""ZGradientDelay"": 0.0, ""_DecoupleTransmitGain"": -453.0, ""_ObserveReceiverGain"": 30.0, ""_ObserveTransmitGain"": -195.0, ""_pdd_rx_mask"": 8.0, ""_pdd_tx_mask"": 8.0, ""_pts_mask"": 13.0, ""_use_pdd"": 0.0}","{""available"": true, ""path"": ""experiments/FSE-DWI_10-07-2026_v18_test1/FSE-DWI_10-07-2026_v18_test1.json"", ""comparisons"": {""PEOrder"": {""json"": 1, ""mrd"": 1.0, ""match"": true}, ""BValueInputMode"": {""json"": 1, ""mrd"": 1.0, ""match"": true}, ""DiffusionOn"": {""json"": 1, ""mrd"": 1.0, ""match"": true}, ""SmallDelta_ms"": {""json"": 4.0, ""mrd"": 4.0, ""match"": true}, ""BigDelta_ms"": {""json"": 40.0, ""mrd"": 40.0, ""match"": true}, ""bval_s_per_mm2"": {""json"": [0.0, 1000.0, 6000.0], ""mrd"": [0.0, 1000.0, 6000.0], ""match"": true}, ""SliceSpacing_mm"": {""json"": 1.2, ""mrd"": 1.2, ""match"": true}, ""SliceOffsets_mm"": {""json"": [0.0], ""mrd"": [0.0], ""match"": true}}}","{""bval_path"": ""experiments/FSE-DWI_10-07-2026_v18_test1/FSE-DWI_10-07-2026_v18_test1.bval"", ""bvec_path"": ""experiments/FSE-DWI_10-07-2026_v18_test1/FSE-DWI_10-07-2026_v18_test1.bvec"", ""bval_values"": [0.0, 1000.0, 6000.0], ""bvec_values"": [[0.0, 1.0, 1.0], [0.0, 0.0, 0.0], [0.0, 0.0, 0.0]], ""bval_match"": true, ""bvec_match"": true}","{""path"": ""experiments/FSE-DWI_10-07-2026_v18_test1/FSE-DWI_10-07-2026_v18_test1.nii.gz"", ""dims"": [4, 128, 128, 1, 3, 1, 1, 1], ""pixdim"": [1.0, 0.2734375, 0.2734375, 1.2000000476837158, 1.0, 1.0, 1.0, 1.0], ""datatype"": 16, ""shape_matches_mrd"": true}",True,"[true, true, true]",3,120,"[""FSE-DWI_10-07-2026_v18_test1.MRD"", ""FSE-DWI_10-07-2026_v18_test1.bval"", ""FSE-DWI_10-07-2026_v18_test1.bvec"", ""FSE-DWI_10-07-2026_v18_test1.json"", ""FSE-DWI_10-07-2026_v18_test1.nii.gz"", ""FSE-DWI_10-07-2026_v18_test1.ppr"", ""reconstructed_image_exp_1_slice_1.png"", ""reconstructed_image_exp_2_slice_1.png"", ""reconstructed_image_exp_3_slice_1.png"", ""reordered_log_kspace_exp_1_slice_1.png"", ""reordered_log_kspace_exp_2_slice_1.png"", ""reordered_log_kspace_exp_3_slice_1.png""]",2,2.07220334
test1b,3,experiments/FSE-DWI_10-07-2026_v18_test1b,experiments/FSE-DWI_10-07-2026_v18_test1b/FSE-DWI_10-07-2026_v18_test1b.MRD,bacb194645e3b8e8fc13d09a1290954a024aa81714e59056e7c36bb931f142d7,1049136,experiments/FSE-DWI_10-07-2026_v18_test1b/FSE-DWI_10-07-2026_v18_test1.ppr,29f1cbdd9e295d517e160912b315d7ac473d48bb4acb08e8f074d0ac69c6ba23,False,G:\J_Figger\FSE_dwi_CPMG_non_CPMG_twoTE-1.8.ppl,1.8,2026-10-07T22:15:07+00:00,1188921299142.0,10000000.0,30.0,-195.0,-453.0,"{""experiments"": 7, ""echoes"": 1, ""slices"": 1, ""views_2"": 1, ""views"": 144, ""samples"": 128}",0x15,16,144,128,7,"[0.0, 100.0, 500.0, 1000.0, 2000.0, 3000.0, 6000.0]","{""acq_x"": [1000.0, 1000.0, 1000.0, 1000.0, 1000.0, 1000.0, 1000.0], ""acq_y"": [0.0, 0.0, 0.0, 0.0, 0.0, 0.0, 0.0], ""acq_z"": [0.0, 0.0, 0.0, 0.0, 0.0, 0.0, 0.0]}",1.0,54.0,14.0,1000.0,1000.0,-5482.0,-8223.0,0.0,40.0,0.0,"[100.0, 0.0, 0.0, 0.0, 0.0, 0.0, 0.0, 0.0, 0.0, 0.0, 0.0, 0.0, 0.0, 0.0, 0.0, 0.0, 0.0, 0.0, 0.0, 0.0, 0.0, 0.0, 0.0, 0.0, 0.0, 0.0, 0.0, 0.0, 0.0, 0.0, 0.0, 0.0, 0.0, 0.0, 0.0, 0.0, 0.0, 0.0, 0.0, 0.0, 0.0, 0.0, 0.0, 0.0, 0.0, 0.0, 0.0, 0.0, 0.0, 0.0, 0.0, 0.0, 0.0, 0.0, 0.0, 0.0, 0.0, 0.0, 0.0, 0.0, 0.0, 0.0, 0.0, 0.0]",False,"{""SMY"": [0.0305406, 0.0323371], ""gp_init_var"": [-1000.0, -1059.0]}","{""B0GradientDelay"": 0.0, ""RxDelay"": 0.0, ""TxDelay"": 0.0, ""XGradientDelay"": 0.0, ""YGradientDelay"": 0.0, ""ZGradientDelay"": 0.0, ""_DecoupleTransmitGain"": -453.0, ""_ObserveReceiverGain"": 30.0, ""_ObserveTransmitGain"": -195.0, ""_pdd_rx_mask"": 8.0, ""_pdd_tx_mask"": 8.0, ""_pts_mask"": 13.0, ""_use_pdd"": 0.0}","{""available"": true, ""path"": ""experiments/FSE-DWI_10-07-2026_v18_test1b/FSE-DWI_10-07-2026_v18_test1b.json"", ""comparisons"": {""PEOrder"": {""json"": 1, ""mrd"": 1.0, ""match"": true}, ""BValueInputMode"": {""json"": 1, ""mrd"": 1.0, ""match"": true}, ""DiffusionOn"": {""json"": 1, ""mrd"": 1.0, ""match"": true}, ""SmallDelta_ms"": {""json"": 4.0, ""mrd"": 4.0, ""match"": true}, ""BigDelta_ms"": {""json"": 40.0, ""mrd"": 40.0, ""match"": true}, ""bval_s_per_mm2"": {""json"": [0.0, 100.0, 500.0, 1000.0, 2000.0, 3000.0, 6000.0], ""mrd"": [0.0, 100.0, 500.0, 1000.0, 2000.0, 3000.0, 6000.0], ""match"": true}, ""SliceSpacing_mm"": {""json"": 1.2, ""mrd"": 1.2, ""match"": true}, ""SliceOffsets_mm"": {""json"": [0.0], ""mrd"": [0.0], ""match"": true}}}","{""bval_path"": ""experiments/FSE-DWI_10-07-2026_v18_test1b/FSE-DWI_10-07-2026_v18_test1b.bval"", ""bvec_path"": ""experiments/FSE-DWI_10-07-2026_v18_test1b/FSE-DWI_10-07-2026_v18_test1b.bvec"", ""bval_values"": [0.0, 100.0, 500.0, 1000.0, 2000.0, 3000.0, 6000.0], ""bvec_values"": [[0.0, 1.0, 1.0, 1.0, 1.0, 1.0, 1.0], [0.0, 0.0, 0.0, 0.0, 0.0, 0.0, 0.0], [0.0, 0.0, 0.0, 0.0, 0.0, 0.0, 0.0]], ""bval_match"": true, ""bvec_match"": true}","{""path"": ""experiments/FSE-DWI_10-07-2026_v18_test1b/FSE-DWI_10-07-2026_v18_test1b.nii.gz"", ""dims"": [4, 128, 128, 1, 7, 1, 1, 1], ""pixdim"": [1.0, 0.2734375, 0.2734375, 1.2000000476837158, 1.0, 1.0, 1.0, 1.0], ""datatype"": 16, ""shape_matches_mrd"": true}",True,"[true, true, true, true, true, true, true]",7,120,"[""FSE-DWI_10-07-2026_v18_test1.ppr"", ""FSE-DWI_10-07-2026_v18_test1b.MRD"", ""FSE-DWI_10-07-2026_v18_test1b.bval"", ""FSE-DWI_10-07-2026_v18_test1b.bvec"", ""FSE-DWI_10-07-2026_v18_test1b.json"", ""FSE-DWI_10-07-2026_v18_test1b.nii.gz"", ""reconstructed_image_exp_1_slice_1.png"", ""reconstructed_image_exp_2_slice_1.png"", ""reconstructed_image_exp_3_slice_1.png"", ""reconstructed_image_exp_4_slice_1.png"", ""reconstructed_image_exp_5_slice_1.png"", ""reconstructed_image_exp_6_slice_1.png"", ""reconstructed_image_exp_7_slice_1.png"", ""reordered_log_kspace_exp_1_slice_1.png"", ""reordered_log_kspace_exp_2_slice_1.png"", ""reordered_log_kspace_exp_3_slice_1.png"", ""reordered_log_kspace_exp_4_slice_1.png"", ""reordered_log_kspace_exp_5_slice_1.png"", ""reordered_log_kspace_exp_6_slice_1.png"", ""reordered_log_kspace_exp_7_slice_1.png""]",9,32.886636845
test2,4,experiments/FSE-DWI_10-07-2026_v191_test2,experiments/FSE-DWI_10-07-2026_v191_test2/FSE-DWI_10-07-2026_v191_test2.MRD,82d5ef992cb86b8c7e5b066830c670bf5c5d3f434aad1bb88e65f8c21517d144,427954,experiments/FSE-DWI_10-07-2026_v191_test2/FSE-DWI_10-07-2026_v191_test2.ppr,475afa164999856fb1583ea426b4d417a14a230ff69f4475816657b94914d680,True,G:\J_Figger\FSE_dwi_CPMG_non_CPMG_twoTE-1.91.ppl,1.91,2026-10-07T22:15:09+00:00,1171751810320.0,10000000.0,30.0,-195.0,-453.0,"{""experiments"": 3, ""echoes"": 1, ""slices"": 1, ""views_2"": 1, ""views"": 136, ""samples"": 128}",0x15,8,136,128,3,"[0.0, 1000.0, 6000.0]","{""acq_x"": [1000.0, 1000.0, 1000.0], ""acq_y"": [0.0, 0.0, 0.0], ""acq_z"": [0.0, 0.0, 0.0]}",1.0,54.0,14.0,1000.0,1000.0,-5482.0,-8223.0,0.0,0.0,0.0,"[100.0, 0.0, 0.0, 0.0, 0.0, 0.0, 0.0, 0.0, 0.0, 0.0, 0.0, 0.0, 0.0, 0.0, 0.0, 0.0, 0.0, 0.0, 0.0, 0.0, 0.0, 0.0, 0.0, 0.0, 0.0, 0.0, 0.0, 0.0, 0.0, 0.0, 0.0, 0.0, 0.0, 0.0, 0.0, 0.0, 0.0, 0.0, 0.0, 0.0, 0.0, 0.0, 0.0, 0.0, 0.0, 0.0, 0.0, 0.0, 0.0, 0.0, 0.0, 0.0, 0.0, 0.0, 0.0, 0.0, 0.0, 0.0, 0.0, 0.0, 0.0, 0.0, 0.0, 0.0]",True,{},"{""B0GradientDelay"": 0.0, ""RxDelay"": 0.0, ""TxDelay"": 0.0, ""XGradientDelay"": 0.0, ""YGradientDelay"": 0.0, ""ZGradientDelay"": 0.0, ""_DecoupleTransmitGain"": -453.0, ""_ObserveReceiverGain"": 30.0, ""_ObserveTransmitGain"": -195.0, ""_pdd_rx_mask"": 8.0, ""_pdd_tx_mask"": 8.0, ""_pts_mask"": 13.0, ""_use_pdd"": 0.0}","{""available"": true, ""path"": ""experiments/FSE-DWI_10-07-2026_v191_test2/FSE-DWI_10-07-2026_v191_test2.json"", ""comparisons"": {""PEOrder"": {""json"": 1, ""mrd"": 1.0, ""match"": true}, ""BValueInputMode"": {""json"": 1, ""mrd"": 1.0, ""match"": true}, ""DiffusionOn"": {""json"": 1, ""mrd"": 1.0, ""match"": true}, ""SmallDelta_ms"": {""json"": 4.0, ""mrd"": 4.0, ""match"": true}, ""BigDelta_ms"": {""json"": 40.0, ""mrd"": 40.0, ""match"": true}, ""bval_s_per_mm2"": {""json"": [0.0, 1000.0, 6000.0], ""mrd"": [0.0, 1000.0, 6000.0], ""match"": true}, ""SliceSpacing_mm"": {""json"": 1.2, ""mrd"": 1.2, ""match"": true}, ""SliceOffsets_mm"": {""json"": [0.0], ""mrd"": [0.0], ""match"": true}}}","{""bval_path"": ""experiments/FSE-DWI_10-07-2026_v191_test2/FSE-DWI_10-07-2026_v191_test2.bval"", ""bvec_path"": ""experiments/FSE-DWI_10-07-2026_v191_test2/FSE-DWI_10-07-2026_v191_test2.bvec"", ""bval_values"": [0.0, 1000.0, 6000.0], ""bvec_values"": [[0.0, 1.0, 1.0], [0.0, 0.0, 0.0], [0.0, 0.0, 0.0]], ""bval_match"": true, ""bvec_match"": true}","{""path"": ""experiments/FSE-DWI_10-07-2026_v191_test2/FSE-DWI_10-07-2026_v191_test2.nii.gz"", ""dims"": [4, 128, 128, 1, 3, 1, 1, 1], ""pixdim"": [1.0, 0.2734375, 0.2734375, 1.2000000476837158, 1.0, 1.0, 1.0, 1.0], ""datatype"": 16, ""shape_matches_mrd"": true}",True,"[true, true, true]",3,120,"[""FSE-DWI_10-07-2026_v191_test2.MRD"", ""FSE-DWI_10-07-2026_v191_test2.bval"", ""FSE-DWI_10-07-2026_v191_test2.bvec"", ""FSE-DWI_10-07-2026_v191_test2.json"", ""FSE-DWI_10-07-2026_v191_test2.nii.gz"", ""FSE-DWI_10-07-2026_v191_test2.ppr"", ""reconstructed_image_exp_1_slice_1.png"", ""reconstructed_image_exp_2_slice_1.png"", ""reconstructed_image_exp_3_slice_1.png"", ""reordered_log_kspace_exp_1_slice_1.png"", ""reordered_log_kspace_exp_2_slice_1.png"", ""reordered_log_kspace_exp_3_slice_1.png""]",3,4.270822141666667
test2b,5,experiments/FSE-DWI_10-07-2026_v191_test2b,experiments/FSE-DWI_10-07-2026_v191_test2b/FSE-DWI_10-07-2026_v191_test2b.MRD,3f267f8493dd897866be3a3d0e4be19bf9bb08ea73cabf136ba7a7a66c9f681c,452531,experiments/FSE-DWI_10-07-2026_v191_test2b/FSE-DWI_10-07-2026_v191_test2.ppr,e4d40878fc1bd8b63989a1de12d05f9c46657c29f0fa270d28877c47543bc402,False,G:\J_Figger\FSE_dwi_CPMG_non_CPMG_twoTE-1.91.ppl,1.91,2026-10-07T22:15:09+00:00,1177823130043.0,10000000.0,30.0,-195.0,-453.0,"{""experiments"": 3, ""echoes"": 1, ""slices"": 1, ""views_2"": 1, ""views"": 144, ""samples"": 128}",0x15,16,144,128,3,"[0.0, 1000.0, 6000.0]","{""acq_x"": [1000.0, 1000.0, 1000.0], ""acq_y"": [0.0, 0.0, 0.0], ""acq_z"": [0.0, 0.0, 0.0]}",1.0,54.0,14.0,1000.0,1000.0,-5482.0,-8223.0,0.0,0.0,0.0,"[100.0, 0.0, 0.0, 0.0, 0.0, 0.0, 0.0, 0.0, 0.0, 0.0, 0.0, 0.0, 0.0, 0.0, 0.0, 0.0, 0.0, 0.0, 0.0, 0.0, 0.0, 0.0, 0.0, 0.0, 0.0, 0.0, 0.0, 0.0, 0.0, 0.0, 0.0, 0.0, 0.0, 0.0, 0.0, 0.0, 0.0, 0.0, 0.0, 0.0, 0.0, 0.0, 0.0, 0.0, 0.0, 0.0, 0.0, 0.0, 0.0, 0.0, 0.0, 0.0, 0.0, 0.0, 0.0, 0.0, 0.0, 0.0, 0.0, 0.0, 0.0, 0.0, 0.0, 0.0]",True,{},"{""B0GradientDelay"": 0.0, ""RxDelay"": 0.0, ""TxDelay"": 0.0, ""XGradientDelay"": 0.0, ""YGradientDelay"": 0.0, ""ZGradientDelay"": 0.0, ""_DecoupleTransmitGain"": -453.0, ""_ObserveReceiverGain"": 30.0, ""_ObserveTransmitGain"": -195.0, ""_pdd_rx_mask"": 8.0, ""_pdd_tx_mask"": 8.0, ""_pts_mask"": 13.0, ""_use_pdd"": 0.0}","{""available"": true, ""path"": ""experiments/FSE-DWI_10-07-2026_v191_test2b/FSE-DWI_10-07-2026_v191_test2b.json"", ""comparisons"": {""PEOrder"": {""json"": 1, ""mrd"": 1.0, ""match"": true}, ""BValueInputMode"": {""json"": 1, ""mrd"": 1.0, ""match"": true}, ""DiffusionOn"": {""json"": 1, ""mrd"": 1.0, ""match"": true}, ""SmallDelta_ms"": {""json"": 4.0, ""mrd"": 4.0, ""match"": true}, ""BigDelta_ms"": {""json"": 40.0, ""mrd"": 40.0, ""match"": true}, ""bval_s_per_mm2"": {""json"": [0.0, 1000.0, 6000.0], ""mrd"": [0.0, 1000.0, 6000.0], ""match"": true}, ""SliceSpacing_mm"": {""json"": 1.2, ""mrd"": 1.2, ""match"": true}, ""SliceOffsets_mm"": {""json"": [0.0], ""mrd"": [0.0], ""match"": true}}}","{""bval_path"": ""experiments/FSE-DWI_10-07-2026_v191_test2b/FSE-DWI_10-07-2026_v191_test2b.bval"", ""bvec_path"": ""experiments/FSE-DWI_10-07-2026_v191_test2b/FSE-DWI_10-07-2026_v191_test2b.bvec"", ""bval_values"": [0.0, 1000.0, 6000.0], ""bvec_values"": [[0.0, 1.0, 1.0], [0.0, 0.0, 0.0], [0.0, 0.0, 0.0]], ""bval_match"": true, ""bvec_match"": true}","{""path"": ""experiments/FSE-DWI_10-07-2026_v191_test2b/FSE-DWI_10-07-2026_v191_test2b.nii.gz"", ""dims"": [4, 128, 128, 1, 3, 1, 1, 1], ""pixdim"": [1.0, 0.2734375, 0.2734375, 1.2000000476837158, 1.0, 1.0, 1.0, 1.0], ""datatype"": 16, ""shape_matches_mrd"": true}",True,"[true, true, true]",3,120,"[""FSE-DWI_10-07-2026_v191_test2.ppr"", ""FSE-DWI_10-07-2026_v191_test2b.MRD"", ""FSE-DWI_10-07-2026_v191_test2b.bval"", ""FSE-DWI_10-07-2026_v191_test2b.bvec"", ""FSE-DWI_10-07-2026_v191_test2b.json"", ""FSE-DWI_10-07-2026_v191_test2b.nii.gz"", ""reconstructed_image_exp_1_slice_1.png"", ""reconstructed_image_exp_2_slice_1.png"", ""reconstructed_image_exp_3_slice_1.png"", ""reordered_log_kspace_exp_1_slice_1.png"", ""reordered_log_kspace_exp_2_slice_1.png"", ""reordered_log_kspace_exp_3_slice_1.png""]",5,14.389688346666667
test2c,6,experiments/FSE-DWI_10-07-2026_v191_test2c,experiments/FSE-DWI_10-07-2026_v191_test2c/FSE-DWI_10-07-2026_v191_test2c.MRD,c838bfa9a7c5e13cafcafce326128714ef8e14887de77f432b8bdea660ffb86d,1042377,experiments/FSE-DWI_10-07-2026_v191_test2c/FSE-DWI_10-07-2026_v191_test2c.ppr,129ae5a1ed994bfeeef1ecbcebc62734fb243e3293acaf4c01b6abc8d549fe88,True,G:\J_Figger\FSE_dwi_CPMG_non_CPMG_twoTE-1.91.ppl,1.91,2026-10-07T22:15:09+00:00,1179471736233.0,10000000.0,30.0,-195.0,-453.0,"{""experiments"": 7, ""echoes"": 1, ""slices"": 1, ""views_2"": 1, ""views"": 144, ""samples"": 128}",0x15,16,144,128,7,"[0.0, 100.0, 500.0, 1000.0, 2000.0, 3000.0, 6000.0]","{""acq_x"": [1000.0, 1000.0, 1000.0, 1000.0, 1000.0, 1000.0, 1000.0], ""acq_y"": [0.0, 0.0, 0.0, 0.0, 0.0, 0.0, 0.0], ""acq_z"": [0.0, 0.0, 0.0, 0.0, 0.0, 0.0, 0.0]}",1.0,54.0,14.0,1000.0,1000.0,-5482.0,-8223.0,0.0,0.0,0.0,"[100.0, 0.0, 0.0, 0.0, 0.0, 0.0, 0.0, 0.0, 0.0, 0.0, 0.0, 0.0, 0.0, 0.0, 0.0, 0.0, 0.0, 0.0, 0.0, 0.0, 0.0, 0.0, 0.0, 0.0, 0.0, 0.0, 0.0, 0.0, 0.0, 0.0, 0.0, 0.0, 0.0, 0.0, 0.0, 0.0, 0.0, 0.0, 0.0, 0.0, 0.0, 0.0, 0.0, 0.0, 0.0, 0.0, 0.0, 0.0, 0.0, 0.0, 0.0, 0.0, 0.0, 0.0, 0.0, 0.0, 0.0, 0.0, 0.0, 0.0, 0.0, 0.0, 0.0, 0.0]",False,"{""SMY"": [0.0305406, 0.0323371], ""gp_init_var"": [-1000.0, -1059.0]}","{""B0GradientDelay"": 0.0, ""RxDelay"": 0.0, ""TxDelay"": 0.0, ""XGradientDelay"": 0.0, ""YGradientDelay"": 0.0, ""ZGradientDelay"": 0.0, ""_DecoupleTransmitGain"": -453.0, ""_ObserveReceiverGain"": 30.0, ""_ObserveTransmitGain"": -195.0, ""_pdd_rx_mask"": 8.0, ""_pdd_tx_mask"": 8.0, ""_pts_mask"": 13.0, ""_use_pdd"": 0.0}","{""available"": true, ""path"": ""experiments/FSE-DWI_10-07-2026_v191_test2c/FSE-DWI_10-07-2026_v191_test2c.json"", ""comparisons"": {""PEOrder"": {""json"": 1, ""mrd"": 1.0, ""match"": true}, ""BValueInputMode"": {""json"": 1, ""mrd"": 1.0, ""match"": true}, ""DiffusionOn"": {""json"": 1, ""mrd"": 1.0, ""match"": true}, ""SmallDelta_ms"": {""json"": 4.0, ""mrd"": 4.0, ""match"": true}, ""BigDelta_ms"": {""json"": 40.0, ""mrd"": 40.0, ""match"": true}, ""bval_s_per_mm2"": {""json"": [0.0, 100.0, 500.0, 1000.0, 2000.0, 3000.0, 6000.0], ""mrd"": [0.0, 100.0, 500.0, 1000.0, 2000.0, 3000.0, 6000.0], ""match"": true}, ""SliceSpacing_mm"": {""json"": 1.2, ""mrd"": 1.2, ""match"": true}, ""SliceOffsets_mm"": {""json"": [0.0], ""mrd"": [0.0], ""match"": true}}}","{""bval_path"": ""experiments/FSE-DWI_10-07-2026_v191_test2c/FSE-DWI_10-07-2026_v191_test2c.bval"", ""bvec_path"": ""experiments/FSE-DWI_10-07-2026_v191_test2c/FSE-DWI_10-07-2026_v191_test2c.bvec"", ""bval_values"": [0.0, 100.0, 500.0, 1000.0, 2000.0, 3000.0, 6000.0], ""bvec_values"": [[0.0, 1.0, 1.0, 1.0, 1.0, 1.0, 1.0], [0.0, 0.0, 0.0, 0.0, 0.0, 0.0, 0.0], [0.0, 0.0, 0.0, 0.0, 0.0, 0.0, 0.0]], ""bval_match"": true, ""bvec_match"": true}","{""path"": ""experiments/FSE-DWI_10-07-2026_v191_test2c/FSE-DWI_10-07-2026_v191_test2c.nii.gz"", ""dims"": [4, 128, 128, 1, 7, 1, 1, 1], ""pixdim"": [1.0, 0.2734375, 0.2734375, 1.2000000476837158, 1.0, 1.0, 1.0, 1.0], ""datatype"": 16, ""shape_matches_mrd"": true}",True,"[true, true, true, true, true, true, true]",7,120,"[""FSE-DWI_10-07-2026_v191_test2c.MRD"", ""FSE-DWI_10-07-2026_v191_test2c.bval"", ""FSE-DWI_10-07-2026_v191_test2c.bvec"", ""FSE-DWI_10-07-2026_v191_test2c.json"", ""FSE-DWI_10-07-2026_v191_test2c.nii.gz"", ""FSE-DWI_10-07-2026_v191_test2c.ppr"", ""reconstructed_image_exp_1_slice_1.png"", ""reconstructed_image_exp_2_slice_1.png"", ""reconstructed_image_exp_3_slice_1.png"", ""reconstructed_image_exp_4_slice_1.png"", ""reconstructed_image_exp_5_slice_1.png"", ""reconstructed_image_exp_6_slice_1.png"", ""reconstructed_image_exp_7_slice_1.png"", ""reordered_log_kspace_exp_1_slice_1.png"", ""reordered_log_kspace_exp_2_slice_1.png"", ""reordered_log_kspace_exp_3_slice_1.png"", ""reordered_log_kspace_exp_4_slice_1.png"", ""reordered_log_kspace_exp_5_slice_1.png"", ""reordered_log_kspace_exp_6_slice_1.png"", ""reordered_log_kspace_exp_7_slice_1.png""]",7,17.13736533
test3,7,experiments/FSE-DWI_10-07-2026_v192_test3,experiments/FSE-DWI_10-07-2026_v192_test3/FSE-DWI_10-07-2026_v192_test3.MRD,cde478dff581e601591ade8d544b7b0e05d82614e4da432c4ad04ac2f9aeb540,427853,experiments/FSE-DWI_10-07-2026_v192_test3/FSE-DWI_10-07-2026_v192_test3.ppr,38e47e6f919bd58a4628701d6731fb62212003b51ddfdf980968fdd9359ae6ee,True,G:\J_Figger\FSE_dwi_CPMG_non_CPMG_twoTE-1.92.ppl,1.92,2026-10-07T22:15:09+00:00,1172974464795.0,10000000.0,30.0,-195.0,-453.0,"{""experiments"": 3, ""echoes"": 1, ""slices"": 1, ""views_2"": 1, ""views"": 136, ""samples"": 128}",0x15,8,136,128,3,"[0.0, 1000.0, 6000.0]","{""acq_x"": [1000.0, 1000.0, 1000.0], ""acq_y"": [0.0, 0.0, 0.0], ""acq_z"": [0.0, 0.0, 0.0]}",1.0,54.0,14.0,1000.0,1000.0,-5482.0,-8223.0,0.0,0.0,0.0,"[100.0, 0.0, 0.0, 0.0, 0.0, 0.0, 0.0, 0.0, 0.0, 0.0, 0.0, 0.0, 0.0, 0.0, 0.0, 0.0, 0.0, 0.0, 0.0, 0.0, 0.0, 0.0, 0.0, 0.0, 0.0, 0.0, 0.0, 0.0, 0.0, 0.0, 0.0, 0.0, 0.0, 0.0, 0.0, 0.0, 0.0, 0.0, 0.0, 0.0, 0.0, 0.0, 0.0, 0.0, 0.0, 0.0, 0.0, 0.0, 0.0, 0.0, 0.0, 0.0, 0.0, 0.0, 0.0, 0.0, 0.0, 0.0, 0.0, 0.0, 0.0, 0.0, 0.0, 0.0]",True,{},"{""B0GradientDelay"": 0.0, ""RxDelay"": 0.0, ""TxDelay"": 0.0, ""XGradientDelay"": 0.0, ""YGradientDelay"": 0.0, ""ZGradientDelay"": 0.0, ""_DecoupleTransmitGain"": -453.0, ""_ObserveReceiverGain"": 30.0, ""_ObserveTransmitGain"": -195.0, ""_pdd_rx_mask"": 8.0, ""_pdd_tx_mask"": 8.0, ""_pts_mask"": 13.0, ""_use_pdd"": 0.0}","{""available"": true, ""path"": ""experiments/FSE-DWI_10-07-2026_v192_test3/FSE-DWI_10-07-2026_v192_test3.json"", ""comparisons"": {""PEOrder"": {""json"": 1, ""mrd"": 1.0, ""match"": true}, ""BValueInputMode"": {""json"": 1, ""mrd"": 1.0, ""match"": true}, ""DiffusionOn"": {""json"": 1, ""mrd"": 1.0, ""match"": true}, ""SmallDelta_ms"": {""json"": 4.0, ""mrd"": 4.0, ""match"": true}, ""BigDelta_ms"": {""json"": 40.0, ""mrd"": 40.0, ""match"": true}, ""bval_s_per_mm2"": {""json"": [0.0, 1000.0, 6000.0], ""mrd"": [0.0, 1000.0, 6000.0], ""match"": true}, ""SliceSpacing_mm"": {""json"": 1.2, ""mrd"": 1.2, ""match"": true}, ""SliceOffsets_mm"": {""json"": [0.0], ""mrd"": [0.0], ""match"": true}}}","{""bval_path"": ""experiments/FSE-DWI_10-07-2026_v192_test3/FSE-DWI_10-07-2026_v192_test3.bval"", ""bvec_path"": ""experiments/FSE-DWI_10-07-2026_v192_test3/FSE-DWI_10-07-2026_v192_test3.bvec"", ""bval_values"": [0.0, 1000.0, 6000.0], ""bvec_values"": [[0.0, 1.0, 1.0], [0.0, 0.0, 0.0], [0.0, 0.0, 0.0]], ""bval_match"": true, ""bvec_match"": true}","{""path"": ""experiments/FSE-DWI_10-07-2026_v192_test3/FSE-DWI_10-07-2026_v192_test3.nii.gz"", ""dims"": [4, 128, 128, 1, 3, 1, 1, 1], ""pixdim"": [1.0, 0.2734375, 0.2734375, 1.2000000476837158, 1.0, 1.0, 1.0, 1.0], ""datatype"": 16, ""shape_matches_mrd"": true}",True,"[true, true, true]",3,120,"[""FSE-DWI_10-07-2026_v192_test3.MRD"", ""FSE-DWI_10-07-2026_v192_test3.bval"", ""FSE-DWI_10-07-2026_v192_test3.bvec"", ""FSE-DWI_10-07-2026_v192_test3.json"", ""FSE-DWI_10-07-2026_v192_test3.nii.gz"", ""FSE-DWI_10-07-2026_v192_test3.ppr"", ""reconstructed_image_exp_1_slice_1.png"", ""reconstructed_image_exp_2_slice_1.png"", ""reconstructed_image_exp_3_slice_1.png"", ""reordered_log_kspace_exp_1_slice_1.png"", ""reordered_log_kspace_exp_2_slice_1.png"", ""reordered_log_kspace_exp_3_slice_1.png""]",4,6.3085796
test3b,8,experiments/FSE-DWI_10-07-2026_v192_test3b,experiments/FSE-DWI_10-07-2026_v192_test3b/FSE-DWI_10-07-2026_v192_test3b.MRD,a215476120be0aa2138402f9e2f2c11f05abd950ca3989ee6b138f4ccc64d301,452430,experiments/FSE-DWI_10-07-2026_v192_test3b/FSE-DWI_10-07-2026_v192_test3b.ppr,dc44626b98f84c1e9f862285491068ae451175e8e6faedfa8d84ccbf3e96d53f,True,G:\J_Figger\FSE_dwi_CPMG_non_CPMG_twoTE-1.92.ppl,1.92,2026-10-07T22:15:09+00:00,1178650909936.0,10000000.0,30.0,-195.0,-453.0,"{""experiments"": 3, ""echoes"": 1, ""slices"": 1, ""views_2"": 1, ""views"": 144, ""samples"": 128}",0x15,16,144,128,3,"[0.0, 1000.0, 6000.0]","{""acq_x"": [1000.0, 1000.0, 1000.0], ""acq_y"": [0.0, 0.0, 0.0], ""acq_z"": [0.0, 0.0, 0.0]}",1.0,54.0,14.0,1000.0,1000.0,-5482.0,-8223.0,0.0,0.0,0.0,"[100.0, 0.0, 0.0, 0.0, 0.0, 0.0, 0.0, 0.0, 0.0, 0.0, 0.0, 0.0, 0.0, 0.0, 0.0, 0.0, 0.0, 0.0, 0.0, 0.0, 0.0, 0.0, 0.0, 0.0, 0.0, 0.0, 0.0, 0.0, 0.0, 0.0, 0.0, 0.0, 0.0, 0.0, 0.0, 0.0, 0.0, 0.0, 0.0, 0.0, 0.0, 0.0, 0.0, 0.0, 0.0, 0.0, 0.0, 0.0, 0.0, 0.0, 0.0, 0.0, 0.0, 0.0, 0.0, 0.0, 0.0, 0.0, 0.0, 0.0, 0.0, 0.0, 0.0, 0.0]",False,"{""SMY"": [0.0305406, 0.0323371], ""gp_init_var"": [-1000.0, -1059.0]}","{""B0GradientDelay"": 0.0, ""RxDelay"": 0.0, ""TxDelay"": 0.0, ""XGradientDelay"": 0.0, ""YGradientDelay"": 0.0, ""ZGradientDelay"": 0.0, ""_DecoupleTransmitGain"": -453.0, ""_ObserveReceiverGain"": 30.0, ""_ObserveTransmitGain"": -195.0, ""_pdd_rx_mask"": 8.0, ""_pdd_tx_mask"": 8.0, ""_pts_mask"": 13.0, ""_use_pdd"": 0.0}","{""available"": true, ""path"": ""experiments/FSE-DWI_10-07-2026_v192_test3b/FSE-DWI_10-07-2026_v192_test3b.json"", ""comparisons"": {""PEOrder"": {""json"": 1, ""mrd"": 1.0, ""match"": true}, ""BValueInputMode"": {""json"": 1, ""mrd"": 1.0, ""match"": true}, ""DiffusionOn"": {""json"": 1, ""mrd"": 1.0, ""match"": true}, ""SmallDelta_ms"": {""json"": 4.0, ""mrd"": 4.0, ""match"": true}, ""BigDelta_ms"": {""json"": 40.0, ""mrd"": 40.0, ""match"": true}, ""bval_s_per_mm2"": {""json"": [0.0, 1000.0, 6000.0], ""mrd"": [0.0, 1000.0, 6000.0], ""match"": true}, ""SliceSpacing_mm"": {""json"": 1.2, ""mrd"": 1.2, ""match"": true}, ""SliceOffsets_mm"": {""json"": [0.0], ""mrd"": [0.0], ""match"": true}}}","{""bval_path"": ""experiments/FSE-DWI_10-07-2026_v192_test3b/FSE-DWI_10-07-2026_v192_test3b.bval"", ""bvec_path"": ""experiments/FSE-DWI_10-07-2026_v192_test3b/FSE-DWI_10-07-2026_v192_test3b.bvec"", ""bval_values"": [0.0, 1000.0, 6000.0], ""bvec_values"": [[0.0, 1.0, 1.0], [0.0, 0.0, 0.0], [0.0, 0.0, 0.0]], ""bval_match"": true, ""bvec_match"": true}","{""path"": ""experiments/FSE-DWI_10-07-2026_v192_test3b/FSE-DWI_10-07-2026_v192_test3b.nii.gz"", ""dims"": [4, 128, 128, 1, 3, 1, 1, 1], ""pixdim"": [1.0, 0.2734375, 0.2734375, 1.2000000476837158, 1.0, 1.0, 1.0, 1.0], ""datatype"": 16, ""shape_matches_mrd"": true}",True,"[true, true, true]",3,120,"[""FSE-DWI_10-07-2026_v192_test3b.MRD"", ""FSE-DWI_10-07-2026_v192_test3b.bval"", ""FSE-DWI_10-07-2026_v192_test3b.bvec"", ""FSE-DWI_10-07-2026_v192_test3b.json"", ""FSE-DWI_10-07-2026_v192_test3b.nii.gz"", ""FSE-DWI_10-07-2026_v192_test3b.ppr"", ""reconstructed_image_exp_1_slice_1.png"", ""reconstructed_image_exp_2_slice_1.png"", ""reconstructed_image_exp_3_slice_1.png"", ""reordered_log_kspace_exp_1_slice_1.png"", ""reordered_log_kspace_exp_2_slice_1.png"", ""reordered_log_kspace_exp_3_slice_1.png""]",6,15.769321501666667
test3c,9,experiments/FSE-DWI_10-07-2026_v192_test3c,experiments/FSE-DWI_10-07-2026_v192_test3c/FSE-DWI_10-07-2026_v192_test3c.MRD,8274f9f76c972b8787a2a69670c15661216bb9d1c0cbbb1828c0dac8a90258b0,1042276,experiments/FSE-DWI_10-07-2026_v192_test3c/FSE-DWI_10-07-2026_v192_test3c.ppr,3ae3179544e8d09e703d4b34bdbe903efca113bd2b1fd3e8c2c937c36fc67787,True,G:\J_Figger\FSE_dwi_CPMG_non_CPMG_twoTE-1.92.ppl,1.92,2026-10-07T22:15:09+00:00,1182359613558.0,10000000.0,30.0,-195.0,-453.0,"{""experiments"": 7, ""echoes"": 1, ""slices"": 1, ""views_2"": 1, ""views"": 144, ""samples"": 128}",0x15,16,144,128,7,"[0.0, 100.0, 500.0, 1000.0, 2000.0, 3000.0, 6000.0]","{""acq_x"": [1000.0, 1000.0, 1000.0, 1000.0, 1000.0, 1000.0, 1000.0], ""acq_y"": [0.0, 0.0, 0.0, 0.0, 0.0, 0.0, 0.0], ""acq_z"": [0.0, 0.0, 0.0, 0.0, 0.0, 0.0, 0.0]}",1.0,54.0,14.0,1000.0,1000.0,-5482.0,-8223.0,0.0,0.0,0.0,"[100.0, 0.0, 0.0, 0.0, 0.0, 0.0, 0.0, 0.0, 0.0, 0.0, 0.0, 0.0, 0.0, 0.0, 0.0, 0.0, 0.0, 0.0, 0.0, 0.0, 0.0, 0.0, 0.0, 0.0, 0.0, 0.0, 0.0, 0.0, 0.0, 0.0, 0.0, 0.0, 0.0, 0.0, 0.0, 0.0, 0.0, 0.0, 0.0, 0.0, 0.0, 0.0, 0.0, 0.0, 0.0, 0.0, 0.0, 0.0, 0.0, 0.0, 0.0, 0.0, 0.0, 0.0, 0.0, 0.0, 0.0, 0.0, 0.0, 0.0, 0.0, 0.0, 0.0, 0.0]",True,{},"{""B0GradientDelay"": 0.0, ""RxDelay"": 0.0, ""TxDelay"": 0.0, ""XGradientDelay"": 0.0, ""YGradientDelay"": 0.0, ""ZGradientDelay"": 0.0, ""_DecoupleTransmitGain"": -453.0, ""_ObserveReceiverGain"": 30.0, ""_ObserveTransmitGain"": -195.0, ""_pdd_rx_mask"": 8.0, ""_pdd_tx_mask"": 8.0, ""_pts_mask"": 13.0, ""_use_pdd"": 0.0}","{""available"": true, ""path"": ""experiments/FSE-DWI_10-07-2026_v192_test3c/FSE-DWI_10-07-2026_v192_test3c.json"", ""comparisons"": {""PEOrder"": {""json"": 1, ""mrd"": 1.0, ""match"": true}, ""BValueInputMode"": {""json"": 1, ""mrd"": 1.0, ""match"": true}, ""DiffusionOn"": {""json"": 1, ""mrd"": 1.0, ""match"": true}, ""SmallDelta_ms"": {""json"": 4.0, ""mrd"": 4.0, ""match"": true}, ""BigDelta_ms"": {""json"": 40.0, ""mrd"": 40.0, ""match"": true}, ""bval_s_per_mm2"": {""json"": [0.0, 100.0, 500.0, 1000.0, 2000.0, 3000.0, 6000.0], ""mrd"": [0.0, 100.0, 500.0, 1000.0, 2000.0, 3000.0, 6000.0], ""match"": true}, ""SliceSpacing_mm"": {""json"": 1.2, ""mrd"": 1.2, ""match"": true}, ""SliceOffsets_mm"": {""json"": [0.0], ""mrd"": [0.0], ""match"": true}}}","{""bval_path"": ""experiments/FSE-DWI_10-07-2026_v192_test3c/FSE-DWI_10-07-2026_v192_test3c.bval"", ""bvec_path"": ""experiments/FSE-DWI_10-07-2026_v192_test3c/FSE-DWI_10-07-2026_v192_test3c.bvec"", ""bval_values"": [0.0, 100.0, 500.0, 1000.0, 2000.0, 3000.0, 6000.0], ""bvec_values"": [[0.0, 1.0, 1.0, 1.0, 1.0, 1.0, 1.0], [0.0, 0.0, 0.0, 0.0, 0.0, 0.0, 0.0], [0.0, 0.0, 0.0, 0.0, 0.0, 0.0, 0.0]], ""bval_match"": true, ""bvec_match"": true}","{""path"": ""experiments/FSE-DWI_10-07-2026_v192_test3c/FSE-DWI_10-07-2026_v192_test3c.nii.gz"", ""dims"": [4, 128, 128, 1, 7, 1, 1, 1], ""pixdim"": [1.0, 0.2734375, 0.2734375, 1.2000000476837158, 1.0, 1.0, 1.0, 1.0], ""datatype"": 16, ""shape_matches_mrd"": true}",True,"[true, true, true, true, true, true, true]",7,120,"[""FSE-DWI_10-07-2026_v192_test3c.MRD"", ""FSE-DWI_10-07-2026_v192_test3c.bval"", ""FSE-DWI_10-07-2026_v192_test3c.bvec"", ""FSE-DWI_10-07-2026_v192_test3c.json"", ""FSE-DWI_10-07-2026_v192_test3c.nii.gz"", ""FSE-DWI_10-07-2026_v192_test3c.ppr"", ""reconstructed_image_exp_1_slice_1.png"", ""reconstructed_image_exp_2_slice_1.png"", ""reconstructed_image_exp_3_slice_1.png"", ""reconstructed_image_exp_4_slice_1.png"", ""reconstructed_image_exp_5_slice_1.png"", ""reconstructed_image_exp_6_slice_1.png"", ""reconstructed_image_exp_7_slice_1.png"", ""reordered_log_kspace_exp_1_slice_1.png"", ""reordered_log_kspace_exp_2_slice_1.png"", ""reordered_log_kspace_exp_3_slice_1.png"", ""reordered_log_kspace_exp_4_slice_1.png"", ""reordered_log_kspace_exp_5_slice_1.png"", ""reordered_log_kspace_exp_6_slice_1.png"", ""reordered_log_kspace_exp_7_slice_1.png""]",8,21.950494205
test3d,10,experiments/FSE-DWI_10-07-2026_v192_test3d,experiments/FSE-DWI_10-07-2026_v192_test3d/FSE-DWI_10-07-2026_v192_test3d.MRD,d8ad828f8bf56cf6bfb655831cb8ef43b0c3bfe8921b45921f52cc4f8c82ea9a,1042276,experiments/FSE-DWI_10-07-2026_v192_test3d/FSE-DWI_10-07-2026_v192_test3d.ppr,3ae3179544e8d09e703d4b34bdbe903efca113bd2b1fd3e8c2c937c36fc67787,True,G:\J_Figger\FSE_dwi_CPMG_non_CPMG_twoTE-1.92.ppl,1.92,2026-10-07T22:15:10+00:00,1203828956042.0,10000000.0,30.0,-195.0,-453.0,"{""experiments"": 7, ""echoes"": 1, ""slices"": 1, ""views_2"": 1, ""views"": 144, ""samples"": 128}",0x15,16,144,128,7,"[0.0, 100.0, 500.0, 1000.0, 2000.0, 3000.0, 6000.0]","{""acq_x"": [1000.0, 1000.0, 1000.0, 1000.0, 1000.0, 1000.0, 1000.0], ""acq_y"": [0.0, 0.0, 0.0, 0.0, 0.0, 0.0, 0.0], ""acq_z"": [0.0, 0.0, 0.0, 0.0, 0.0, 0.0, 0.0]}",1.0,54.0,14.0,1000.0,1000.0,-5482.0,-8223.0,0.0,0.0,0.0,"[100.0, 0.0, 0.0, 0.0, 0.0, 0.0, 0.0, 0.0, 0.0, 0.0, 0.0, 0.0, 0.0, 0.0, 0.0, 0.0, 0.0, 0.0, 0.0, 0.0, 0.0, 0.0, 0.0, 0.0, 0.0, 0.0, 0.0, 0.0, 0.0, 0.0, 0.0, 0.0, 0.0, 0.0, 0.0, 0.0, 0.0, 0.0, 0.0, 0.0, 0.0, 0.0, 0.0, 0.0, 0.0, 0.0, 0.0, 0.0, 0.0, 0.0, 0.0, 0.0, 0.0, 0.0, 0.0, 0.0, 0.0, 0.0, 0.0, 0.0, 0.0, 0.0, 0.0, 0.0]",True,{},"{""B0GradientDelay"": 0.0, ""RxDelay"": 0.0, ""TxDelay"": 0.0, ""XGradientDelay"": 0.0, ""YGradientDelay"": 0.0, ""ZGradientDelay"": 0.0, ""_DecoupleTransmitGain"": -453.0, ""_ObserveReceiverGain"": 30.0, ""_ObserveTransmitGain"": -195.0, ""_pdd_rx_mask"": 8.0, ""_pdd_tx_mask"": 8.0, ""_pts_mask"": 13.0, ""_use_pdd"": 0.0}","{""available"": true, ""path"": ""experiments/FSE-DWI_10-07-2026_v192_test3d/FSE-DWI_10-07-2026_v192_test3d.json"", ""comparisons"": {""PEOrder"": {""json"": 1, ""mrd"": 1.0, ""match"": true}, ""BValueInputMode"": {""json"": 1, ""mrd"": 1.0, ""match"": true}, ""DiffusionOn"": {""json"": 1, ""mrd"": 1.0, ""match"": true}, ""SmallDelta_ms"": {""json"": 4.0, ""mrd"": 4.0, ""match"": true}, ""BigDelta_ms"": {""json"": 40.0, ""mrd"": 40.0, ""match"": true}, ""bval_s_per_mm2"": {""json"": [0.0, 100.0, 500.0, 1000.0, 2000.0, 3000.0, 6000.0], ""mrd"": [0.0, 100.0, 500.0, 1000.0, 2000.0, 3000.0, 6000.0], ""match"": true}, ""SliceSpacing_mm"": {""json"": 1.2, ""mrd"": 1.2, ""match"": true}, ""SliceOffsets_mm"": {""json"": [0.0], ""mrd"": [0.0], ""match"": true}}}","{""bval_path"": ""experiments/FSE-DWI_10-07-2026_v192_test3d/FSE-DWI_10-07-2026_v192_test3d.bval"", ""bvec_path"": ""experiments/FSE-DWI_10-07-2026_v192_test3d/FSE-DWI_10-07-2026_v192_test3d.bvec"", ""bval_values"": [0.0, 100.0, 500.0, 1000.0, 2000.0, 3000.0, 6000.0], ""bvec_values"": [[0.0, 1.0, 1.0, 1.0, 1.0, 1.0, 1.0], [0.0, 0.0, 0.0, 0.0, 0.0, 0.0, 0.0], [0.0, 0.0, 0.0, 0.0, 0.0, 0.0, 0.0]], ""bval_match"": true, ""bvec_match"": true}","{""path"": ""experiments/FSE-DWI_10-07-2026_v192_test3d/FSE-DWI_10-07-2026_v192_test3d.nii.gz"", ""dims"": [4, 128, 128, 1, 7, 1, 1, 1], ""pixdim"": [1.0, 0.2734375, 0.2734375, 1.2000000476837158, 1.0, 1.0, 1.0, 1.0], ""datatype"": 16, ""shape_matches_mrd"": true}",True,"[true, true, true, true, true, true, true]",7,120,"[""FSE-DWI_10-07-2026_v192_test3d.MRD"", ""FSE-DWI_10-07-2026_v192_test3d.bval"", ""FSE-DWI_10-07-2026_v192_test3d.bvec"", ""FSE-DWI_10-07-2026_v192_test3d.json"", ""FSE-DWI_10-07-2026_v192_test3d.nii.gz"", ""FSE-DWI_10-07-2026_v192_test3d.ppr"", ""reconstructed_image_exp_1_slice_1.png"", ""reconstructed_image_exp_2_slice_1.png"", ""reconstructed_image_exp_3_slice_1.png"", ""reconstructed_image_exp_4_slice_1.png"", ""reconstructed_image_exp_5_slice_1.png"", ""reconstructed_image_exp_6_slice_1.png"", ""reconstructed_image_exp_7_slice_1.png"", ""reordered_log_kspace_exp_1_slice_1.png"", ""reordered_log_kspace_exp_2_slice_1.png"", ""reordered_log_kspace_exp_3_slice_1.png"", ""reordered_log_kspace_exp_4_slice_1.png"", ""reordered_log_kspace_exp_5_slice_1.png"", ""reordered_log_kspace_exp_6_slice_1.png"", ""reordered_log_kspace_exp_7_slice_1.png""]",10,57.73273167833334
