scan,mrd,ppl,etl,pe_order,schedule_code,step_pct,tramp_us,flat_first_us,flat_train_us,crusher_dac_by_pulse,lobe_signed_area_cumulative_dac_us,lobe_absolute_area_cumulative_dac_us,pair_signed_area_cumulative_dac_us,pair_absolute_area_cumulative_dac_us,primary_pathway_net_pair_area_dac_us,max_abs_lobe_area_dac_us,nominal_pair_abs_area_T_s_per_m,conditional_on_v1.7
test0,experiments\FSE-DWI_10-05-2026_v18_test0\FSE-DWI_10-05-2026_v18_test0.MRD,G:\J_Figger\FSE_dwi_CPMG_non_CPMG_twoTE-1.8.ppl,1,5,0,0,200,1000,1000,5482,6578400,6578400,13156800,13156800,0,6578400,0.00023997734212328472,True
test1,experiments\FSE-DWI_10-05-2026_v18_test1\FSE-DWI_10-05-2026_v18_test1.MRD,G:\J_Figger\FSE_dwi_CPMG_non_CPMG_twoTE-1.8.ppl,8,1,0,0,200,1000,1000,5482;2741;2741;2741;2741;2741;2741;2741,29602800,29602800,59205600,59205600,0,6578400,0.0010798980395547813,True
test1b,experiments\FSE-DWI_10-05-2026_v18_test1b\FSE-DWI_10-05-2026_v18_test1b.MRD,G:\J_Figger\FSE_dwi_CPMG_non_CPMG_twoTE-1.8.ppl,8,1,0,0,200,2000,2000,2741;2741;2741;2741;2741;2741;2741;2741,48241600,48241600,96483200,96483200,0,6030200,0.0017598338422374214,True
test1c,experiments\FSE-DWI_10-05-2026_v18_test1c\FSE-DWI_10-05-2026_v18_test1c.MRD,G:\J_Figger\FSE_dwi_CPMG_non_CPMG_twoTE-1.8.ppl,8,1,0,0,200,2000,2000,-2741;-2741;-2741;-2741;-2741;-2741;-2741;-2741,-48241600,48241600,-96483200,96483200,0,6030200,0.0017598338422374214,True
test1d,experiments\FSE-DWI_10-05-2026_v18_test1d\FSE-DWI_10-05-2026_v18_test1d.MRD,G:\J_Figger\FSE_dwi_CPMG_non_CPMG_twoTE-1.8.ppl,8,1,0,0,200,2000,2000,-5482;-5482;-5482;-5482;-5482;-5482;-5482;-5482,-96483200,96483200,-192966400,192966400,0,12060400,0.003519667684474843,True
test1e,experiments\FSE-DWI_10-05-2026_v18_test1e\FSE-DWI_10-05-2026_v18_test1e.MRD,G:\J_Figger\FSE_dwi_CPMG_non_CPMG_twoTE-1.8.ppl,8,1,0,0,200,1000,1000,-5482;-2741;-2741;-2741;-2741;-2741;-2741;-2741,-29602800,29602800,-59205600,59205600,0,6578400,0.0010798980395547813,True
test1f,experiments\FSE-DWI_10-05-2026_v18_test1f\FSE-DWI_10-05-2026_v18_test1f.MRD,G:\J_Figger\FSE_dwi_CPMG_non_CPMG_twoTE-1.8.ppl,8,6,0,0,200,1000,1000,-5482;-2741;-2741;-2741;-2741;-2741;-2741;-2741,-29602800,29602800,-59205600,59205600,0,6578400,0.0010798980395547813,True
test1g,experiments\FSE-DWI_10-05-2026_v18_test1g\FSE-DWI_10-05-2026_v18_test1g.MRD,G:\J_Figger\FSE_dwi_CPMG_non_CPMG_twoTE-1.8.ppl,8,7,0,0,200,1000,1000,-5482;-2741;-2741;-2741;-2741;-2741;-2741;-2741,-29602800,29602800,-59205600,59205600,0,6578400,0.0010798980395547813,True
test2,experiments\FSE-DWI_10-05-2026_v18_test2\FSE-DWI_10-05-2026_v18_test2.MRD,G:\J_Figger\FSE_dwi_CPMG_non_CPMG_twoTE-1.8.ppl,8,1,1,40,200,1000,1000,5482;2741;3837;4934;6030;7127;8223;9319,57231600,57231600,114463200,114463200,0,11182800,0.002087785366268847,True
test2b,experiments\FSE-DWI_10-05-2026_v18_test2b\FSE-DWI_10-05-2026_v18_test2b.MRD,G:\J_Figger\FSE_dwi_CPMG_non_CPMG_twoTE-1.8.ppl,8,1,1,40,200,1000,1000,-5482;-2741;-3837;-4934;-6030;-7127;-8223;-9319,-57231600,57231600,-114463200,114463200,0,11182800,0.002087785366268847,True
test2c,experiments\FSE-DWI_10-05-2026_v18_test2c\FSE-DWI_10-05-2026_v18_test2c.MRD,G:\J_Figger\FSE_dwi_CPMG_non_CPMG_twoTE-1.8.ppl,8,6,1,40,200,1000,1000,-5482;-2741;-3837;-4934;-6030;-7127;-8223;-9319,-57231600,57231600,-114463200,114463200,0,11182800,0.002087785366268847,True
test2d,experiments\FSE-DWI_10-05-2026_v18_test2d\FSE-DWI_10-05-2026_v18_test2d.MRD,G:\J_Figger\FSE_dwi_CPMG_non_CPMG_twoTE-1.8.ppl,8,7,1,40,200,1000,1000,-5482;-2741;-3837;-4934;-6030;-7127;-8223;-9319,-57231600,57231600,-114463200,114463200,0,11182800,0.002087785366268847,True
test3,experiments\FSE-DWI_10-05-2026_v18_test3\FSE-DWI_10-05-2026_v18_test3.MRD,G:\J_Figger\FSE_dwi_CPMG_non_CPMG_twoTE-1.8.ppl,8,1,3,40,200,1000,1000,5482;-2741;3837;-4934;6030;-7127;8223;-9319,-658800,57231600,-1317600,114463200,0,11182800,0.002087785366268847,True
test3b,experiments\FSE-DWI_10-05-2026_v18_test3b\FSE-DWI_10-05-2026_v18_test3b.MRD,G:\J_Figger\FSE_dwi_CPMG_non_CPMG_twoTE-1.8.ppl,8,1,3,40,200,1000,1000,-5482;2741;-3837;4934;-6030;7127;-8223;9319,658800,57231600,1317600,114463200,0,11182800,0.002087785366268847,True
test4,experiments\FSE-DWI_10-05-2026_v18_test4\FSE-DWI_10-05-2026_v18_test4.MRD,G:\J_Figger\FSE_dwi_CPMG_non_CPMG_twoTE-1.8.ppl,8,1,4,40,200,1000,1000,-5482;-18639;-16446;-14253;-12060;-9868;-7675;-5482,-107886000,107886000,-215772000,215772000,0,22366800,0.003935637165923735,True
test4b,experiments\FSE-DWI_10-05-2026_v18_test4b\FSE-DWI_10-05-2026_v18_test4b.MRD,G:\J_Figger\FSE_dwi_CPMG_non_CPMG_twoTE-1.8.ppl,8,1,4,40,200,2000,1000,-5842;-19863;-17526;-15189;-12852;-10516;-8179;-5842,-120812800,120812800,-241625600,241625600,0,23835600,0.004407201544216219,True
test5,experiments\FSE-DWI_10-05-2026_v18_test5\FSE-DWI_10-05-2026_v18_test5.MRD,G:\J_Figger\FSE_dwi_CPMG_non_CPMG_twoTE-1.8.ppl,8,1,4,40,200,1000,1000,-5482;-9319;-8223;-7127;-6030;-4934;-3837;-2741,-57231600,57231600,-114463200,114463200,0,11182800,0.002087785366268847,True
test6,experiments\FSE-DWI_10-05-2026_v18_test6\FSE-DWI_10-05-2026_v18_test6.MRD,G:\J_Figger\FSE_dwi_CPMG_non_CPMG_twoTE-1.8.ppl,8,1,5,0,200,1000,1000,-5482;-2741;-4687;-2275;-3755;-5838;-2988;-5235,-39601200,39601200,-79202400,79202400,0,7005600,0.001444635583256206,True
test7,experiments\FSE-DWI_10-05-2026_v18_test7\FSE-DWI_10-05-2026_v18_test7.MRD,G:\J_Figger\FSE_dwi_CPMG_non_CPMG_twoTE-1.8.ppl,8,1,5,0,200,1000,1000,-5482;2741;-4687;2275;-3755;5838;-2988;5235,-987600,39601200,-1975200,79202400,0,7005600,0.001444635583256206,True
