scan,x,y,area_px,equivalent_radius_px
test0,60.83565737051793,70.85216277746159,7028,47.297799949888585
test1,60.816863358453006,70.84046637281388,7033,47.31462173082017
test1b,60.794853568382145,70.99914700028434,7034,47.317985369379194
test2,60.865312046444124,71.16952104499275,6890,46.83113404356463
test2b,60.905383833986356,71.24016833551009,6891,46.83453240604097
test2c,60.8370031032954,70.61740800945766,6767,46.41123786116582
test3,60.838275318722246,70.80633147113593,6981,47.139381788999344
test3b,60.77157434402332,70.19256559766764,6860,46.72906824687182
test3c,60.73614928395776,70.50730507739043,6913,46.909234092964525
test3d,60.75485756026296,70.22951059167275,6845,46.677951657372965
