scan,low_b_limit,low_b_anchored_mono_slope_mm2_s,low_b_rms_ratio_residual,b6000_measured_ratio,b6000_low_b_mono_extrapolation,mrd_sha256,full_mono_slope_mm2_s,full_mono_rms_ratio_residual,offset_slope_mm2_s,offset_fraction,offset_rms_ratio_residual
test0,1000,0.002147742204662216,4.625356668415504e-10,0.0007224523258328342,2.5321210975910795e-06,2e2f021c9b4073fb8943a7ef650ffa56dbc7686f56c7a1666f0ff91d96489f51,,,,,
test1,1000,0.002158369148553286,8.061358486300181e-10,0.0007064803517540844,2.3757083998776397e-06,17e211930322cc968aa7cd4015b98a26ba7113c2d723fcbb8764b7ded2f8850d,,,,,
test1b,1000,0.0023891286824710475,0.024316616048135765,0.0007037260570771979,5.949597416238508e-07,bacb194645e3b8e8fc13d09a1290954a024aa81714e59056e7c36bb931f142d7,0.002385493418215278,0.018604197852486706,0.0024426009678581383,0.008872136708694267,0.01769335220855775
test2,1000,0.001828809794660426,5.650530777642136e-10,0.0017920782163301685,1.7161213185246163e-05,82d5ef992cb86b8c7e5b066830c670bf5c5d3f434aad1bb88e65f8c21517d144,,,,,
test2b,1000,0.0018376877462653437,3.2585147392546956e-10,0.0017724482934034275,1.6270995089657475e-05,3f267f8493dd897866be3a3d0e4be19bf9bb08ea73cabf136ba7a7a66c9f681c,,,,,
test2c,1000,0.0018674397968579442,0.0021643732460622737,0.0018319732406008955,1.3610911358197523e-05,c838bfa9a7c5e13cafcafce326128714ef8e14887de77f432b8bdea660ffb86d,0.001867264720474742,0.0017787446390648489,0.001872524141219661,0.001167773392264702,0.0016292818497502613
test3,1000,0.0015487696282560858,7.549436316777729e-12,0.09603034843147647,9.210164355449922e-05,cde478dff581e601591ade8d544b7b0e05d82614e4da432c4ad04ac2f9aeb540,,,,,
test3b,1000,0.001643288651916683,1.4643271054356892e-12,0.08311313427577786,5.22363517639462e-05,a215476120be0aa2138402f9e2f2c11f05abd950ca3989ee6b138f4ccc64d301,,,,,
test3c,1000,0.0016832075220374627,0.00792923105105121,0.08407806526134931,4.1110576564792496e-05,8274f9f76c972b8787a2a69670c15661216bb9d1c0cbbb1828c0dac8a90258b0,0.0016142342074711479,0.04987168798342064,0.002002900364184053,0.08202853782640826,0.004438186409756815
test3d,1000,0.0017023013221582068,0.009654402192116312,0.08260978574414851,3.666060059116299e-05,d8ad828f8bf56cf6bfb655831cb8ef43b0c3bfe8921b45921f52cc4f8c82ea9a,0.0016378891572316825,0.04858615704735113,0.0020202844776932172,0.07977389576943668,0.003513925898356499
