scan_a,scan_b,same_mrd_sha256,same_protocol_signature,all_other_embedded_records_equal,protocol_differences,acquisition_counter_a,acquisition_counter_b,receiver_gain_a,receiver_gain_b,pe_order_a,pe_order_b
test1,test2,False,False,False,"{""crusher_schedule"": [0.0, 1.0], ""crusher_step_pct"": [0.0, 40.0]}",6999797523066.0,7003408505980.0,30.0,30.0,1.0,1.0
test2,test3,False,False,False,"{""crusher_schedule"": [1.0, 3.0]}",7003408505980.0,7004633722731.0,30.0,30.0,1.0,1.0
test1b,test1c,False,False,False,"{""crush_amp"": [2741.0, -2741.0], ""diff_crush_amp"": [2741.0, -2741.0]}",7005864160848.0,7009538947642.0,30.0,30.0,1.0,1.0
test1c,test1d,False,False,False,"{""crush_amp"": [-2741.0, -5482.0], ""diff_crush_amp"": [-2741.0, -5482.0]}",7009538947642.0,7012375158342.0,30.0,30.0,1.0,1.0
test1,test1e,False,False,False,"{""crush_amp"": [2741.0, -2741.0], ""diff_crush_amp"": [5482.0, -5482.0]}",6999797523066.0,7018324902022.0,30.0,30.0,1.0,1.0
test2,test2b,False,False,False,"{""crush_amp"": [2741.0, -2741.0], ""diff_crush_amp"": [5482.0, -5482.0]}",7003408505980.0,7015676022510.0,30.0,30.0,1.0,1.0
test3,test3b,False,False,False,"{""crush_amp"": [2741.0, -2741.0], ""diff_crush_amp"": [5482.0, -5482.0]}",7004633722731.0,7017001304890.0,30.0,30.0,1.0,1.0
test1e,test2b,False,False,False,"{""crusher_schedule"": [0.0, 1.0], ""crusher_step_pct"": [0.0, 40.0]}",7018324902022.0,7015676022510.0,30.0,30.0,1.0,1.0
test2b,test3b,False,False,False,"{""crusher_schedule"": [1.0, 3.0]}",7015676022510.0,7017001304890.0,30.0,30.0,1.0,1.0
test2b,test5,False,False,False,"{""crusher_schedule"": [1.0, 4.0]}",7015676022510.0,7020968549801.0,30.0,30.0,1.0,1.0
test4,test5,False,False,False,"{""crush_amp"": [-5482.0, -2741.0]}",7019697676491.0,7020968549801.0,30.0,30.0,1.0,1.0
test4,test4b,False,False,False,"{""crush_amp"": [-5482.0, -5842.0], ""diff_crush_amp"": [-5482.0, -5842.0], ""diff_tcrush"": [1000.0, 2000.0]}",7019697676491.0,7027312875475.0,30.0,30.0,1.0,1.0
test6,test7,False,False,False,"{""crusher_custom_pct"": [[100.0, 100.0, 171.0, 83.0, 137.0, 213.0, 109.0, 191.0, 0.0, 0.0, 0.0, 0.0, 0.0, 0.0, 0.0, 0.0, 0.0, 0.0, 0.0, 0.0, 0.0, 0.0, 0.0, 0.0, 0.0, 0.0, 0.0, 0.0, 0.0, 0.0, 0.0, 0.0, 0.0, 0.0, 0.0, 0.0, 0.0, 0.0, 0.0, 0.0, 0.0, 0.0, 0.0, 0.0, 0.0, 0.0, 0.0, 0.0, 0.0, 0.0, 0.0, 0.0, 0.0, 0.0, 0.0, 0.0, 0.0, 0.0, 0.0, 0.0, 0.0, 0.0, 0.0, 0.0], [100.0, -100.0, 171.0, -83.0, 137.0, -213.0, 109.0, -191.0, 0.0, 0.0, 0.0, 0.0, 0.0, 0.0, 0.0, 0.0, 0.0, 0.0, 0.0, 0.0, 0.0, 0.0, 0.0, 0.0, 0.0, 0.0, 0.0, 0.0, 0.0, 0.0, 0.0, 0.0, 0.0, 0.0, 0.0, 0.0, 0.0, 0.0, 0.0, 0.0, 0.0, 0.0, 0.0, 0.0, 0.0, 0.0, 0.0, 0.0, 0.0, 0.0, 0.0, 0.0, 0.0, 0.0, 0.0, 0.0, 0.0, 0.0, 0.0, 0.0, 0.0, 0.0, 0.0, 0.0]]}",7022213090133.0,7023466782710.0,30.0,30.0,1.0,1.0
test1c,test1e,False,False,False,"{""diff_crush_amp"": [-2741.0, -5482.0], ""diff_tcrush"": [2000.0, 1000.0], ""esp"": [16.0, 14.0], ""tcrush"": [2000.0, 1000.0]}",7009538947642.0,7018324902022.0,30.0,30.0,1.0,1.0
test1,test1e,False,False,False,"{""crush_amp"": [2741.0, -2741.0], ""diff_crush_amp"": [5482.0, -5482.0]}",6999797523066.0,7018324902022.0,30.0,30.0,1.0,1.0
test1,test1f,False,False,False,"{""PE_order"": [1.0, 6.0], ""crush_amp"": [2741.0, -2741.0], ""diff_crush_amp"": [5482.0, -5482.0]}",6999797523066.0,7030813488051.0,30.0,30.0,1.0,6.0
test1,test1g,False,False,False,"{""PE_order"": [1.0, 7.0], ""crush_amp"": [2741.0, -2741.0], ""diff_crush_amp"": [5482.0, -5482.0]}",6999797523066.0,7033459661650.0,30.0,30.0,1.0,7.0
test1e,test1f,False,False,True,"{""PE_order"": [1.0, 6.0]}",7018324902022.0,7030813488051.0,30.0,30.0,1.0,6.0
test1e,test1g,False,False,True,"{""PE_order"": [1.0, 7.0]}",7018324902022.0,7033459661650.0,30.0,30.0,1.0,7.0
test1f,test1g,False,False,True,"{""PE_order"": [6.0, 7.0]}",7030813488051.0,7033459661650.0,30.0,30.0,6.0,7.0
test2b,test2c,False,False,True,"{""PE_order"": [1.0, 6.0]}",7015676022510.0,7029550771342.0,30.0,30.0,1.0,6.0
test2b,test2d,False,False,True,"{""PE_order"": [1.0, 7.0]}",7015676022510.0,7032037079555.0,30.0,30.0,1.0,7.0
test2c,test2d,False,False,True,"{""PE_order"": [6.0, 7.0]}",7029550771342.0,7032037079555.0,30.0,30.0,6.0,7.0
