scan,folder,mrd,ppl,etl,pe_order,schedule_code,step_pct,base_first_dac,base_train_dac,tramp_us,flat_first_us,flat_train_us,pulse,crusher_dac,lobe_area_dac_us,lobe_abs_area_dac_us,pair_commanded_area_dac_us,pair_abs_area_dac_us,primary_pathway_signed_net_dac_us,grad_var0_hz_per_mm,lobe_area_nominal_T_s_per_m,notes,cumulative_lobe_signed_area_dac_us,cumulative_lobe_absolute_area_dac_us,cumulative_pair_signed_area_dac_us,cumulative_pair_absolute_area_dac_us
test0,FSE-DWI_10-05-2026_v18_test0,experiments\FSE-DWI_10-05-2026_v18_test0\FSE-DWI_10-05-2026_v18_test0.MRD,G:\J_Figger\FSE_dwi_CPMG_non_CPMG_twoTE-1.8.ppl,1,5,0,0,5482,2741,200,1000,1000,1,5482,6578400,6578400,13156800,13156800,0,25447,0.00011998867106164236,conditional_v1.7; commanded ideal trapezoid,6578400,6578400,13156800,13156800
test1,FSE-DWI_10-05-2026_v18_test1,experiments\FSE-DWI_10-05-2026_v18_test1\FSE-DWI_10-05-2026_v18_test1.MRD,G:\J_Figger\FSE_dwi_CPMG_non_CPMG_twoTE-1.8.ppl,8,1,0,0,5482,2741,200,1000,1000,1,5482,6578400,6578400,13156800,13156800,0,25447,0.00011998867106164236,conditional_v1.7; commanded ideal trapezoid,6578400,6578400,13156800,13156800
test1,FSE-DWI_10-05-2026_v18_test1,experiments\FSE-DWI_10-05-2026_v18_test1\FSE-DWI_10-05-2026_v18_test1.MRD,G:\J_Figger\FSE_dwi_CPMG_non_CPMG_twoTE-1.8.ppl,8,1,0,0,5482,2741,200,1000,1000,2,2741,3289200,3289200,6578400,6578400,0,25447,5.999433553082118e-05,conditional_v1.7; commanded ideal trapezoid,9867600,9867600,19735200,19735200
test1,FSE-DWI_10-05-2026_v18_test1,experiments\FSE-DWI_10-05-2026_v18_test1\FSE-DWI_10-05-2026_v18_test1.MRD,G:\J_Figger\FSE_dwi_CPMG_non_CPMG_twoTE-1.8.ppl,8,1,0,0,5482,2741,200,1000,1000,3,2741,3289200,3289200,6578400,6578400,0,25447,5.999433553082118e-05,conditional_v1.7; commanded ideal trapezoid,13156800,13156800,26313600,26313600
test1,FSE-DWI_10-05-2026_v18_test1,experiments\FSE-DWI_10-05-2026_v18_test1\FSE-DWI_10-05-2026_v18_test1.MRD,G:\J_Figger\FSE_dwi_CPMG_non_CPMG_twoTE-1.8.ppl,8,1,0,0,5482,2741,200,1000,1000,4,2741,3289200,3289200,6578400,6578400,0,25447,5.999433553082118e-05,conditional_v1.7; commanded ideal trapezoid,16446000,16446000,32892000,32892000
test1,FSE-DWI_10-05-2026_v18_test1,experiments\FSE-DWI_10-05-2026_v18_test1\FSE-DWI_10-05-2026_v18_test1.MRD,G:\J_Figger\FSE_dwi_CPMG_non_CPMG_twoTE-1.8.ppl,8,1,0,0,5482,2741,200,1000,1000,5,2741,3289200,3289200,6578400,6578400,0,25447,5.999433553082118e-05,conditional_v1.7; commanded ideal trapezoid,19735200,19735200,39470400,39470400
test1,FSE-DWI_10-05-2026_v18_test1,experiments\FSE-DWI_10-05-2026_v18_test1\FSE-DWI_10-05-2026_v18_test1.MRD,G:\J_Figger\FSE_dwi_CPMG_non_CPMG_twoTE-1.8.ppl,8,1,0,0,5482,2741,200,1000,1000,6,2741,3289200,3289200,6578400,6578400,0,25447,5.999433553082118e-05,conditional_v1.7; commanded ideal trapezoid,23024400,23024400,46048800,46048800
test1,FSE-DWI_10-05-2026_v18_test1,experiments\FSE-DWI_10-05-2026_v18_test1\FSE-DWI_10-05-2026_v18_test1.MRD,G:\J_Figger\FSE_dwi_CPMG_non_CPMG_twoTE-1.8.ppl,8,1,0,0,5482,2741,200,1000,1000,7,2741,3289200,3289200,6578400,6578400,0,25447,5.999433553082118e-05,conditional_v1.7; commanded ideal trapezoid,26313600,26313600,52627200,52627200
test1,FSE-DWI_10-05-2026_v18_test1,experiments\FSE-DWI_10-05-2026_v18_test1\FSE-DWI_10-05-2026_v18_test1.MRD,G:\J_Figger\FSE_dwi_CPMG_non_CPMG_twoTE-1.8.ppl,8,1,0,0,5482,2741,200,1000,1000,8,2741,3289200,3289200,6578400,6578400,0,25447,5.999433553082118e-05,conditional_v1.7; commanded ideal trapezoid,29602800,29602800,59205600,59205600
test1b,FSE-DWI_10-05-2026_v18_test1b,experiments\FSE-DWI_10-05-2026_v18_test1b\FSE-DWI_10-05-2026_v18_test1b.MRD,G:\J_Figger\FSE_dwi_CPMG_non_CPMG_twoTE-1.8.ppl,8,1,0,0,2741,2741,200,2000,2000,1,2741,6030200,6030200,12060400,12060400,0,25447,0.00010998961513983885,conditional_v1.7; commanded ideal trapezoid,6030200,6030200,12060400,12060400
test1b,FSE-DWI_10-05-2026_v18_test1b,experiments\FSE-DWI_10-05-2026_v18_test1b\FSE-DWI_10-05-2026_v18_test1b.MRD,G:\J_Figger\FSE_dwi_CPMG_non_CPMG_twoTE-1.8.ppl,8,1,0,0,2741,2741,200,2000,2000,2,2741,6030200,6030200,12060400,12060400,0,25447,0.00010998961513983885,conditional_v1.7; commanded ideal trapezoid,12060400,12060400,24120800,24120800
test1b,FSE-DWI_10-05-2026_v18_test1b,experiments\FSE-DWI_10-05-2026_v18_test1b\FSE-DWI_10-05-2026_v18_test1b.MRD,G:\J_Figger\FSE_dwi_CPMG_non_CPMG_twoTE-1.8.ppl,8,1,0,0,2741,2741,200,2000,2000,3,2741,6030200,6030200,12060400,12060400,0,25447,0.00010998961513983885,conditional_v1.7; commanded ideal trapezoid,18090600,18090600,36181200,36181200
test1b,FSE-DWI_10-05-2026_v18_test1b,experiments\FSE-DWI_10-05-2026_v18_test1b\FSE-DWI_10-05-2026_v18_test1b.MRD,G:\J_Figger\FSE_dwi_CPMG_non_CPMG_twoTE-1.8.ppl,8,1,0,0,2741,2741,200,2000,2000,4,2741,6030200,6030200,12060400,12060400,0,25447,0.00010998961513983885,conditional_v1.7; commanded ideal trapezoid,24120800,24120800,48241600,48241600
test1b,FSE-DWI_10-05-2026_v18_test1b,experiments\FSE-DWI_10-05-2026_v18_test1b\FSE-DWI_10-05-2026_v18_test1b.MRD,G:\J_Figger\FSE_dwi_CPMG_non_CPMG_twoTE-1.8.ppl,8,1,0,0,2741,2741,200,2000,2000,5,2741,6030200,6030200,12060400,12060400,0,25447,0.00010998961513983885,conditional_v1.7; commanded ideal trapezoid,30151000,30151000,60302000,60302000
test1b,FSE-DWI_10-05-2026_v18_test1b,experiments\FSE-DWI_10-05-2026_v18_test1b\FSE-DWI_10-05-2026_v18_test1b.MRD,G:\J_Figger\FSE_dwi_CPMG_non_CPMG_twoTE-1.8.ppl,8,1,0,0,2741,2741,200,2000,2000,6,2741,6030200,6030200,12060400,12060400,0,25447,0.00010998961513983885,conditional_v1.7; commanded ideal trapezoid,36181200,36181200,72362400,72362400
test1b,FSE-DWI_10-05-2026_v18_test1b,experiments\FSE-DWI_10-05-2026_v18_test1b\FSE-DWI_10-05-2026_v18_test1b.MRD,G:\J_Figger\FSE_dwi_CPMG_non_CPMG_twoTE-1.8.ppl,8,1,0,0,2741,2741,200,2000,2000,7,2741,6030200,6030200,12060400,12060400,0,25447,0.00010998961513983885,conditional_v1.7; commanded ideal trapezoid,42211400,42211400,84422800,84422800
test1b,FSE-DWI_10-05-2026_v18_test1b,experiments\FSE-DWI_10-05-2026_v18_test1b\FSE-DWI_10-05-2026_v18_test1b.MRD,G:\J_Figger\FSE_dwi_CPMG_non_CPMG_twoTE-1.8.ppl,8,1,0,0,2741,2741,200,2000,2000,8,2741,6030200,6030200,12060400,12060400,0,25447,0.00010998961513983885,conditional_v1.7; commanded ideal trapezoid,48241600,48241600,96483200,96483200
test1c,FSE-DWI_10-05-2026_v18_test1c,experiments\FSE-DWI_10-05-2026_v18_test1c\FSE-DWI_10-05-2026_v18_test1c.MRD,G:\J_Figger\FSE_dwi_CPMG_non_CPMG_twoTE-1.8.ppl,8,1,0,0,-2741,-2741,200,2000,2000,1,-2741,-6030200,6030200,-12060400,12060400,0,25447,-0.00010998961513983885,conditional_v1.7; commanded ideal trapezoid,-6030200,6030200,-12060400,12060400
test1c,FSE-DWI_10-05-2026_v18_test1c,experiments\FSE-DWI_10-05-2026_v18_test1c\FSE-DWI_10-05-2026_v18_test1c.MRD,G:\J_Figger\FSE_dwi_CPMG_non_CPMG_twoTE-1.8.ppl,8,1,0,0,-2741,-2741,200,2000,2000,2,-2741,-6030200,6030200,-12060400,12060400,0,25447,-0.00010998961513983885,conditional_v1.7; commanded ideal trapezoid,-12060400,12060400,-24120800,24120800
test1c,FSE-DWI_10-05-2026_v18_test1c,experiments\FSE-DWI_10-05-2026_v18_test1c\FSE-DWI_10-05-2026_v18_test1c.MRD,G:\J_Figger\FSE_dwi_CPMG_non_CPMG_twoTE-1.8.ppl,8,1,0,0,-2741,-2741,200,2000,2000,3,-2741,-6030200,6030200,-12060400,12060400,0,25447,-0.00010998961513983885,conditional_v1.7; commanded ideal trapezoid,-18090600,18090600,-36181200,36181200
test1c,FSE-DWI_10-05-2026_v18_test1c,experiments\FSE-DWI_10-05-2026_v18_test1c\FSE-DWI_10-05-2026_v18_test1c.MRD,G:\J_Figger\FSE_dwi_CPMG_non_CPMG_twoTE-1.8.ppl,8,1,0,0,-2741,-2741,200,2000,2000,4,-2741,-6030200,6030200,-12060400,12060400,0,25447,-0.00010998961513983885,conditional_v1.7; commanded ideal trapezoid,-24120800,24120800,-48241600,48241600
test1c,FSE-DWI_10-05-2026_v18_test1c,experiments\FSE-DWI_10-05-2026_v18_test1c\FSE-DWI_10-05-2026_v18_test1c.MRD,G:\J_Figger\FSE_dwi_CPMG_non_CPMG_twoTE-1.8.ppl,8,1,0,0,-2741,-2741,200,2000,2000,5,-2741,-6030200,6030200,-12060400,12060400,0,25447,-0.00010998961513983885,conditional_v1.7; commanded ideal trapezoid,-30151000,30151000,-60302000,60302000
test1c,FSE-DWI_10-05-2026_v18_test1c,experiments\FSE-DWI_10-05-2026_v18_test1c\FSE-DWI_10-05-2026_v18_test1c.MRD,G:\J_Figger\FSE_dwi_CPMG_non_CPMG_twoTE-1.8.ppl,8,1,0,0,-2741,-2741,200,2000,2000,6,-2741,-6030200,6030200,-12060400,12060400,0,25447,-0.00010998961513983885,conditional_v1.7; commanded ideal trapezoid,-36181200,36181200,-72362400,72362400
test1c,FSE-DWI_10-05-2026_v18_test1c,experiments\FSE-DWI_10-05-2026_v18_test1c\FSE-DWI_10-05-2026_v18_test1c.MRD,G:\J_Figger\FSE_dwi_CPMG_non_CPMG_twoTE-1.8.ppl,8,1,0,0,-2741,-2741,200,2000,2000,7,-2741,-6030200,6030200,-12060400,12060400,0,25447,-0.00010998961513983885,conditional_v1.7; commanded ideal trapezoid,-42211400,42211400,-84422800,84422800
test1c,FSE-DWI_10-05-2026_v18_test1c,experiments\FSE-DWI_10-05-2026_v18_test1c\FSE-DWI_10-05-2026_v18_test1c.MRD,G:\J_Figger\FSE_dwi_CPMG_non_CPMG_twoTE-1.8.ppl,8,1,0,0,-2741,-2741,200,2000,2000,8,-2741,-6030200,6030200,-12060400,12060400,0,25447,-0.00010998961513983885,conditional_v1.7; commanded ideal trapezoid,-48241600,48241600,-96483200,96483200
test1d,FSE-DWI_10-05-2026_v18_test1d,experiments\FSE-DWI_10-05-2026_v18_test1d\FSE-DWI_10-05-2026_v18_test1d.MRD,G:\J_Figger\FSE_dwi_CPMG_non_CPMG_twoTE-1.8.ppl,8,1,0,0,-5482,-5482,200,2000,2000,1,-5482,-12060400,12060400,-24120800,24120800,0,25447,-0.0002199792302796777,conditional_v1.7; commanded ideal trapezoid,-12060400,12060400,-24120800,24120800
test1d,FSE-DWI_10-05-2026_v18_test1d,experiments\FSE-DWI_10-05-2026_v18_test1d\FSE-DWI_10-05-2026_v18_test1d.MRD,G:\J_Figger\FSE_dwi_CPMG_non_CPMG_twoTE-1.8.ppl,8,1,0,0,-5482,-5482,200,2000,2000,2,-5482,-12060400,12060400,-24120800,24120800,0,25447,-0.0002199792302796777,conditional_v1.7; commanded ideal trapezoid,-24120800,24120800,-48241600,48241600
test1d,FSE-DWI_10-05-2026_v18_test1d,experiments\FSE-DWI_10-05-2026_v18_test1d\FSE-DWI_10-05-2026_v18_test1d.MRD,G:\J_Figger\FSE_dwi_CPMG_non_CPMG_twoTE-1.8.ppl,8,1,0,0,-5482,-5482,200,2000,2000,3,-5482,-12060400,12060400,-24120800,24120800,0,25447,-0.0002199792302796777,conditional_v1.7; commanded ideal trapezoid,-36181200,36181200,-72362400,72362400
test1d,FSE-DWI_10-05-2026_v18_test1d,experiments\FSE-DWI_10-05-2026_v18_test1d\FSE-DWI_10-05-2026_v18_test1d.MRD,G:\J_Figger\FSE_dwi_CPMG_non_CPMG_twoTE-1.8.ppl,8,1,0,0,-5482,-5482,200,2000,2000,4,-5482,-12060400,12060400,-24120800,24120800,0,25447,-0.0002199792302796777,conditional_v1.7; commanded ideal trapezoid,-48241600,48241600,-96483200,96483200
test1d,FSE-DWI_10-05-2026_v18_test1d,experiments\FSE-DWI_10-05-2026_v18_test1d\FSE-DWI_10-05-2026_v18_test1d.MRD,G:\J_Figger\FSE_dwi_CPMG_non_CPMG_twoTE-1.8.ppl,8,1,0,0,-5482,-5482,200,2000,2000,5,-5482,-12060400,12060400,-24120800,24120800,0,25447,-0.0002199792302796777,conditional_v1.7; commanded ideal trapezoid,-60302000,60302000,-120604000,120604000
test1d,FSE-DWI_10-05-2026_v18_test1d,experiments\FSE-DWI_10-05-2026_v18_test1d\FSE-DWI_10-05-2026_v18_test1d.MRD,G:\J_Figger\FSE_dwi_CPMG_non_CPMG_twoTE-1.8.ppl,8,1,0,0,-5482,-5482,200,2000,2000,6,-5482,-12060400,12060400,-24120800,24120800,0,25447,-0.0002199792302796777,conditional_v1.7; commanded ideal trapezoid,-72362400,72362400,-144724800,144724800
test1d,FSE-DWI_10-05-2026_v18_test1d,experiments\FSE-DWI_10-05-2026_v18_test1d\FSE-DWI_10-05-2026_v18_test1d.MRD,G:\J_Figger\FSE_dwi_CPMG_non_CPMG_twoTE-1.8.ppl,8,1,0,0,-5482,-5482,200,2000,2000,7,-5482,-12060400,12060400,-24120800,24120800,0,25447,-0.0002199792302796777,conditional_v1.7; commanded ideal trapezoid,-84422800,84422800,-168845600,168845600
test1d,FSE-DWI_10-05-2026_v18_test1d,experiments\FSE-DWI_10-05-2026_v18_test1d\FSE-DWI_10-05-2026_v18_test1d.MRD,G:\J_Figger\FSE_dwi_CPMG_non_CPMG_twoTE-1.8.ppl,8,1,0,0,-5482,-5482,200,2000,2000,8,-5482,-12060400,12060400,-24120800,24120800,0,25447,-0.0002199792302796777,conditional_v1.7; commanded ideal trapezoid,-96483200,96483200,-192966400,192966400
test1e,FSE-DWI_10-05-2026_v18_test1e,experiments\FSE-DWI_10-05-2026_v18_test1e\FSE-DWI_10-05-2026_v18_test1e.MRD,G:\J_Figger\FSE_dwi_CPMG_non_CPMG_twoTE-1.8.ppl,8,1,0,0,-5482,-2741,200,1000,1000,1,-5482,-6578400,6578400,-13156800,13156800,0,25447,-0.00011998867106164236,conditional_v1.7; commanded ideal trapezoid,-6578400,6578400,-13156800,13156800
test1e,FSE-DWI_10-05-2026_v18_test1e,experiments\FSE-DWI_10-05-2026_v18_test1e\FSE-DWI_10-05-2026_v18_test1e.MRD,G:\J_Figger\FSE_dwi_CPMG_non_CPMG_twoTE-1.8.ppl,8,1,0,0,-5482,-2741,200,1000,1000,2,-2741,-3289200,3289200,-6578400,6578400,0,25447,-5.999433553082118e-05,conditional_v1.7; commanded ideal trapezoid,-9867600,9867600,-19735200,19735200
test1e,FSE-DWI_10-05-2026_v18_test1e,experiments\FSE-DWI_10-05-2026_v18_test1e\FSE-DWI_10-05-2026_v18_test1e.MRD,G:\J_Figger\FSE_dwi_CPMG_non_CPMG_twoTE-1.8.ppl,8,1,0,0,-5482,-2741,200,1000,1000,3,-2741,-3289200,3289200,-6578400,6578400,0,25447,-5.999433553082118e-05,conditional_v1.7; commanded ideal trapezoid,-13156800,13156800,-26313600,26313600
test1e,FSE-DWI_10-05-2026_v18_test1e,experiments\FSE-DWI_10-05-2026_v18_test1e\FSE-DWI_10-05-2026_v18_test1e.MRD,G:\J_Figger\FSE_dwi_CPMG_non_CPMG_twoTE-1.8.ppl,8,1,0,0,-5482,-2741,200,1000,1000,4,-2741,-3289200,3289200,-6578400,6578400,0,25447,-5.999433553082118e-05,conditional_v1.7; commanded ideal trapezoid,-16446000,16446000,-32892000,32892000
test1e,FSE-DWI_10-05-2026_v18_test1e,experiments\FSE-DWI_10-05-2026_v18_test1e\FSE-DWI_10-05-2026_v18_test1e.MRD,G:\J_Figger\FSE_dwi_CPMG_non_CPMG_twoTE-1.8.ppl,8,1,0,0,-5482,-2741,200,1000,1000,5,-2741,-3289200,3289200,-6578400,6578400,0,25447,-5.999433553082118e-05,conditional_v1.7; commanded ideal trapezoid,-19735200,19735200,-39470400,39470400
test1e,FSE-DWI_10-05-2026_v18_test1e,experiments\FSE-DWI_10-05-2026_v18_test1e\FSE-DWI_10-05-2026_v18_test1e.MRD,G:\J_Figger\FSE_dwi_CPMG_non_CPMG_twoTE-1.8.ppl,8,1,0,0,-5482,-2741,200,1000,1000,6,-2741,-3289200,3289200,-6578400,6578400,0,25447,-5.999433553082118e-05,conditional_v1.7; commanded ideal trapezoid,-23024400,23024400,-46048800,46048800
test1e,FSE-DWI_10-05-2026_v18_test1e,experiments\FSE-DWI_10-05-2026_v18_test1e\FSE-DWI_10-05-2026_v18_test1e.MRD,G:\J_Figger\FSE_dwi_CPMG_non_CPMG_twoTE-1.8.ppl,8,1,0,0,-5482,-2741,200,1000,1000,7,-2741,-3289200,3289200,-6578400,6578400,0,25447,-5.999433553082118e-05,conditional_v1.7; commanded ideal trapezoid,-26313600,26313600,-52627200,52627200
test1e,FSE-DWI_10-05-2026_v18_test1e,experiments\FSE-DWI_10-05-2026_v18_test1e\FSE-DWI_10-05-2026_v18_test1e.MRD,G:\J_Figger\FSE_dwi_CPMG_non_CPMG_twoTE-1.8.ppl,8,1,0,0,-5482,-2741,200,1000,1000,8,-2741,-3289200,3289200,-6578400,6578400,0,25447,-5.999433553082118e-05,conditional_v1.7; commanded ideal trapezoid,-29602800,29602800,-59205600,59205600
test1f,FSE-DWI_10-05-2026_v18_test1f,experiments\FSE-DWI_10-05-2026_v18_test1f\FSE-DWI_10-05-2026_v18_test1f.MRD,G:\J_Figger\FSE_dwi_CPMG_non_CPMG_twoTE-1.8.ppl,8,6,0,0,-5482,-2741,200,1000,1000,1,-5482,-6578400,6578400,-13156800,13156800,0,25447,-0.00011998867106164236,conditional_v1.7; commanded ideal trapezoid,-6578400,6578400,-13156800,13156800
test1f,FSE-DWI_10-05-2026_v18_test1f,experiments\FSE-DWI_10-05-2026_v18_test1f\FSE-DWI_10-05-2026_v18_test1f.MRD,G:\J_Figger\FSE_dwi_CPMG_non_CPMG_twoTE-1.8.ppl,8,6,0,0,-5482,-2741,200,1000,1000,2,-2741,-3289200,3289200,-6578400,6578400,0,25447,-5.999433553082118e-05,conditional_v1.7; commanded ideal trapezoid,-9867600,9867600,-19735200,19735200
test1f,FSE-DWI_10-05-2026_v18_test1f,experiments\FSE-DWI_10-05-2026_v18_test1f\FSE-DWI_10-05-2026_v18_test1f.MRD,G:\J_Figger\FSE_dwi_CPMG_non_CPMG_twoTE-1.8.ppl,8,6,0,0,-5482,-2741,200,1000,1000,3,-2741,-3289200,3289200,-6578400,6578400,0,25447,-5.999433553082118e-05,conditional_v1.7; commanded ideal trapezoid,-13156800,13156800,-26313600,26313600
test1f,FSE-DWI_10-05-2026_v18_test1f,experiments\FSE-DWI_10-05-2026_v18_test1f\FSE-DWI_10-05-2026_v18_test1f.MRD,G:\J_Figger\FSE_dwi_CPMG_non_CPMG_twoTE-1.8.ppl,8,6,0,0,-5482,-2741,200,1000,1000,4,-2741,-3289200,3289200,-6578400,6578400,0,25447,-5.999433553082118e-05,conditional_v1.7; commanded ideal trapezoid,-16446000,16446000,-32892000,32892000
test1f,FSE-DWI_10-05-2026_v18_test1f,experiments\FSE-DWI_10-05-2026_v18_test1f\FSE-DWI_10-05-2026_v18_test1f.MRD,G:\J_Figger\FSE_dwi_CPMG_non_CPMG_twoTE-1.8.ppl,8,6,0,0,-5482,-2741,200,1000,1000,5,-2741,-3289200,3289200,-6578400,6578400,0,25447,-5.999433553082118e-05,conditional_v1.7; commanded ideal trapezoid,-19735200,19735200,-39470400,39470400
test1f,FSE-DWI_10-05-2026_v18_test1f,experiments\FSE-DWI_10-05-2026_v18_test1f\FSE-DWI_10-05-2026_v18_test1f.MRD,G:\J_Figger\FSE_dwi_CPMG_non_CPMG_twoTE-1.8.ppl,8,6,0,0,-5482,-2741,200,1000,1000,6,-2741,-3289200,3289200,-6578400,6578400,0,25447,-5.999433553082118e-05,conditional_v1.7; commanded ideal trapezoid,-23024400,23024400,-46048800,46048800
test1f,FSE-DWI_10-05-2026_v18_test1f,experiments\FSE-DWI_10-05-2026_v18_test1f\FSE-DWI_10-05-2026_v18_test1f.MRD,G:\J_Figger\FSE_dwi_CPMG_non_CPMG_twoTE-1.8.ppl,8,6,0,0,-5482,-2741,200,1000,1000,7,-2741,-3289200,3289200,-6578400,6578400,0,25447,-5.999433553082118e-05,conditional_v1.7; commanded ideal trapezoid,-26313600,26313600,-52627200,52627200
test1f,FSE-DWI_10-05-2026_v18_test1f,experiments\FSE-DWI_10-05-2026_v18_test1f\FSE-DWI_10-05-2026_v18_test1f.MRD,G:\J_Figger\FSE_dwi_CPMG_non_CPMG_twoTE-1.8.ppl,8,6,0,0,-5482,-2741,200,1000,1000,8,-2741,-3289200,3289200,-6578400,6578400,0,25447,-5.999433553082118e-05,conditional_v1.7; commanded ideal trapezoid,-29602800,29602800,-59205600,59205600
test1g,FSE-DWI_10-05-2026_v18_test1g,experiments\FSE-DWI_10-05-2026_v18_test1g\FSE-DWI_10-05-2026_v18_test1g.MRD,G:\J_Figger\FSE_dwi_CPMG_non_CPMG_twoTE-1.8.ppl,8,7,0,0,-5482,-2741,200,1000,1000,1,-5482,-6578400,6578400,-13156800,13156800,0,25447,-0.00011998867106164236,conditional_v1.7; commanded ideal trapezoid,-6578400,6578400,-13156800,13156800
test1g,FSE-DWI_10-05-2026_v18_test1g,experiments\FSE-DWI_10-05-2026_v18_test1g\FSE-DWI_10-05-2026_v18_test1g.MRD,G:\J_Figger\FSE_dwi_CPMG_non_CPMG_twoTE-1.8.ppl,8,7,0,0,-5482,-2741,200,1000,1000,2,-2741,-3289200,3289200,-6578400,6578400,0,25447,-5.999433553082118e-05,conditional_v1.7; commanded ideal trapezoid,-9867600,9867600,-19735200,19735200
test1g,FSE-DWI_10-05-2026_v18_test1g,experiments\FSE-DWI_10-05-2026_v18_test1g\FSE-DWI_10-05-2026_v18_test1g.MRD,G:\J_Figger\FSE_dwi_CPMG_non_CPMG_twoTE-1.8.ppl,8,7,0,0,-5482,-2741,200,1000,1000,3,-2741,-3289200,3289200,-6578400,6578400,0,25447,-5.999433553082118e-05,conditional_v1.7; commanded ideal trapezoid,-13156800,13156800,-26313600,26313600
test1g,FSE-DWI_10-05-2026_v18_test1g,experiments\FSE-DWI_10-05-2026_v18_test1g\FSE-DWI_10-05-2026_v18_test1g.MRD,G:\J_Figger\FSE_dwi_CPMG_non_CPMG_twoTE-1.8.ppl,8,7,0,0,-5482,-2741,200,1000,1000,4,-2741,-3289200,3289200,-6578400,6578400,0,25447,-5.999433553082118e-05,conditional_v1.7; commanded ideal trapezoid,-16446000,16446000,-32892000,32892000
test1g,FSE-DWI_10-05-2026_v18_test1g,experiments\FSE-DWI_10-05-2026_v18_test1g\FSE-DWI_10-05-2026_v18_test1g.MRD,G:\J_Figger\FSE_dwi_CPMG_non_CPMG_twoTE-1.8.ppl,8,7,0,0,-5482,-2741,200,1000,1000,5,-2741,-3289200,3289200,-6578400,6578400,0,25447,-5.999433553082118e-05,conditional_v1.7; commanded ideal trapezoid,-19735200,19735200,-39470400,39470400
test1g,FSE-DWI_10-05-2026_v18_test1g,experiments\FSE-DWI_10-05-2026_v18_test1g\FSE-DWI_10-05-2026_v18_test1g.MRD,G:\J_Figger\FSE_dwi_CPMG_non_CPMG_twoTE-1.8.ppl,8,7,0,0,-5482,-2741,200,1000,1000,6,-2741,-3289200,3289200,-6578400,6578400,0,25447,-5.999433553082118e-05,conditional_v1.7; commanded ideal trapezoid,-23024400,23024400,-46048800,46048800
test1g,FSE-DWI_10-05-2026_v18_test1g,experiments\FSE-DWI_10-05-2026_v18_test1g\FSE-DWI_10-05-2026_v18_test1g.MRD,G:\J_Figger\FSE_dwi_CPMG_non_CPMG_twoTE-1.8.ppl,8,7,0,0,-5482,-2741,200,1000,1000,7,-2741,-3289200,3289200,-6578400,6578400,0,25447,-5.999433553082118e-05,conditional_v1.7; commanded ideal trapezoid,-26313600,26313600,-52627200,52627200
test1g,FSE-DWI_10-05-2026_v18_test1g,experiments\FSE-DWI_10-05-2026_v18_test1g\FSE-DWI_10-05-2026_v18_test1g.MRD,G:\J_Figger\FSE_dwi_CPMG_non_CPMG_twoTE-1.8.ppl,8,7,0,0,-5482,-2741,200,1000,1000,8,-2741,-3289200,3289200,-6578400,6578400,0,25447,-5.999433553082118e-05,conditional_v1.7; commanded ideal trapezoid,-29602800,29602800,-59205600,59205600
test2,FSE-DWI_10-05-2026_v18_test2,experiments\FSE-DWI_10-05-2026_v18_test2\FSE-DWI_10-05-2026_v18_test2.MRD,G:\J_Figger\FSE_dwi_CPMG_non_CPMG_twoTE-1.8.ppl,8,1,1,40,5482,2741,200,1000,1000,1,5482,6578400,6578400,13156800,13156800,0,25447,0.00011998867106164236,conditional_v1.7; commanded ideal trapezoid,6578400,6578400,13156800,13156800
test2,FSE-DWI_10-05-2026_v18_test2,experiments\FSE-DWI_10-05-2026_v18_test2\FSE-DWI_10-05-2026_v18_test2.MRD,G:\J_Figger\FSE_dwi_CPMG_non_CPMG_twoTE-1.8.ppl,8,1,1,40,5482,2741,200,1000,1000,2,2741,3289200,3289200,6578400,6578400,0,25447,5.999433553082118e-05,conditional_v1.7; commanded ideal trapezoid,9867600,9867600,19735200,19735200
test2,FSE-DWI_10-05-2026_v18_test2,experiments\FSE-DWI_10-05-2026_v18_test2\FSE-DWI_10-05-2026_v18_test2.MRD,G:\J_Figger\FSE_dwi_CPMG_non_CPMG_twoTE-1.8.ppl,8,1,1,40,5482,2741,200,1000,1000,3,3837,4604400,4604400,9208800,9208800,0,25447,8.398331464128454e-05,conditional_v1.7; commanded ideal trapezoid,14472000,14472000,28944000,28944000
test2,FSE-DWI_10-05-2026_v18_test2,experiments\FSE-DWI_10-05-2026_v18_test2\FSE-DWI_10-05-2026_v18_test2.MRD,G:\J_Figger\FSE_dwi_CPMG_non_CPMG_twoTE-1.8.ppl,8,1,1,40,5482,2741,200,1000,1000,4,4934,5920800,5920800,11841600,11841600,0,25447,0.00010799418150641071,conditional_v1.7; commanded ideal trapezoid,20392800,20392800,40785600,40785600
test2,FSE-DWI_10-05-2026_v18_test2,experiments\FSE-DWI_10-05-2026_v18_test2\FSE-DWI_10-05-2026_v18_test2.MRD,G:\J_Figger\FSE_dwi_CPMG_non_CPMG_twoTE-1.8.ppl,8,1,1,40,5482,2741,200,1000,1000,5,6030,7236000,7236000,14472000,14472000,0,25447,0.00013198316061687404,conditional_v1.7; commanded ideal trapezoid,27628800,27628800,55257600,55257600
test2,FSE-DWI_10-05-2026_v18_test2,experiments\FSE-DWI_10-05-2026_v18_test2\FSE-DWI_10-05-2026_v18_test2.MRD,G:\J_Figger\FSE_dwi_CPMG_non_CPMG_twoTE-1.8.ppl,8,1,1,40,5482,2741,200,1000,1000,6,7127,8552400,8552400,17104800,17104800,0,25447,0.00015599402748200022,conditional_v1.7; commanded ideal trapezoid,36181200,36181200,72362400,72362400
test2,FSE-DWI_10-05-2026_v18_test2,experiments\FSE-DWI_10-05-2026_v18_test2\FSE-DWI_10-05-2026_v18_test2.MRD,G:\J_Figger\FSE_dwi_CPMG_non_CPMG_twoTE-1.8.ppl,8,1,1,40,5482,2741,200,1000,1000,7,8223,9867600,9867600,19735200,19735200,0,25447,0.00017998300659246357,conditional_v1.7; commanded ideal trapezoid,46048800,46048800,92097600,92097600
test2,FSE-DWI_10-05-2026_v18_test2,experiments\FSE-DWI_10-05-2026_v18_test2\FSE-DWI_10-05-2026_v18_test2.MRD,G:\J_Figger\FSE_dwi_CPMG_non_CPMG_twoTE-1.8.ppl,8,1,1,40,5482,2741,200,1000,1000,8,9319,11182800,11182800,22365600,22365600,0,25447,0.0002039719857029269,conditional_v1.7; commanded ideal trapezoid,57231600,57231600,114463200,114463200
test2b,FSE-DWI_10-05-2026_v18_test2b,experiments\FSE-DWI_10-05-2026_v18_test2b\FSE-DWI_10-05-2026_v18_test2b.MRD,G:\J_Figger\FSE_dwi_CPMG_non_CPMG_twoTE-1.8.ppl,8,1,1,40,-5482,-2741,200,1000,1000,1,-5482,-6578400,6578400,-13156800,13156800,0,25447,-0.00011998867106164236,conditional_v1.7; commanded ideal trapezoid,-6578400,6578400,-13156800,13156800
test2b,FSE-DWI_10-05-2026_v18_test2b,experiments\FSE-DWI_10-05-2026_v18_test2b\FSE-DWI_10-05-2026_v18_test2b.MRD,G:\J_Figger\FSE_dwi_CPMG_non_CPMG_twoTE-1.8.ppl,8,1,1,40,-5482,-2741,200,1000,1000,2,-2741,-3289200,3289200,-6578400,6578400,0,25447,-5.999433553082118e-05,conditional_v1.7; commanded ideal trapezoid,-9867600,9867600,-19735200,19735200
test2b,FSE-DWI_10-05-2026_v18_test2b,experiments\FSE-DWI_10-05-2026_v18_test2b\FSE-DWI_10-05-2026_v18_test2b.MRD,G:\J_Figger\FSE_dwi_CPMG_non_CPMG_twoTE-1.8.ppl,8,1,1,40,-5482,-2741,200,1000,1000,3,-3837,-4604400,4604400,-9208800,9208800,0,25447,-8.398331464128454e-05,conditional_v1.7; commanded ideal trapezoid,-14472000,14472000,-28944000,28944000
test2b,FSE-DWI_10-05-2026_v18_test2b,experiments\FSE-DWI_10-05-2026_v18_test2b\FSE-DWI_10-05-2026_v18_test2b.MRD,G:\J_Figger\FSE_dwi_CPMG_non_CPMG_twoTE-1.8.ppl,8,1,1,40,-5482,-2741,200,1000,1000,4,-4934,-5920800,5920800,-11841600,11841600,0,25447,-0.00010799418150641071,conditional_v1.7; commanded ideal trapezoid,-20392800,20392800,-40785600,40785600
test2b,FSE-DWI_10-05-2026_v18_test2b,experiments\FSE-DWI_10-05-2026_v18_test2b\FSE-DWI_10-05-2026_v18_test2b.MRD,G:\J_Figger\FSE_dwi_CPMG_non_CPMG_twoTE-1.8.ppl,8,1,1,40,-5482,-2741,200,1000,1000,5,-6030,-7236000,7236000,-14472000,14472000,0,25447,-0.00013198316061687404,conditional_v1.7; commanded ideal trapezoid,-27628800,27628800,-55257600,55257600
test2b,FSE-DWI_10-05-2026_v18_test2b,experiments\FSE-DWI_10-05-2026_v18_test2b\FSE-DWI_10-05-2026_v18_test2b.MRD,G:\J_Figger\FSE_dwi_CPMG_non_CPMG_twoTE-1.8.ppl,8,1,1,40,-5482,-2741,200,1000,1000,6,-7127,-8552400,8552400,-17104800,17104800,0,25447,-0.00015599402748200022,conditional_v1.7; commanded ideal trapezoid,-36181200,36181200,-72362400,72362400
test2b,FSE-DWI_10-05-2026_v18_test2b,experiments\FSE-DWI_10-05-2026_v18_test2b\FSE-DWI_10-05-2026_v18_test2b.MRD,G:\J_Figger\FSE_dwi_CPMG_non_CPMG_twoTE-1.8.ppl,8,1,1,40,-5482,-2741,200,1000,1000,7,-8223,-9867600,9867600,-19735200,19735200,0,25447,-0.00017998300659246357,conditional_v1.7; commanded ideal trapezoid,-46048800,46048800,-92097600,92097600
test2b,FSE-DWI_10-05-2026_v18_test2b,experiments\FSE-DWI_10-05-2026_v18_test2b\FSE-DWI_10-05-2026_v18_test2b.MRD,G:\J_Figger\FSE_dwi_CPMG_non_CPMG_twoTE-1.8.ppl,8,1,1,40,-5482,-2741,200,1000,1000,8,-9319,-11182800,11182800,-22365600,22365600,0,25447,-0.0002039719857029269,conditional_v1.7; commanded ideal trapezoid,-57231600,57231600,-114463200,114463200
test2c,FSE-DWI_10-05-2026_v18_test2c,experiments\FSE-DWI_10-05-2026_v18_test2c\FSE-DWI_10-05-2026_v18_test2c.MRD,G:\J_Figger\FSE_dwi_CPMG_non_CPMG_twoTE-1.8.ppl,8,6,1,40,-5482,-2741,200,1000,1000,1,-5482,-6578400,6578400,-13156800,13156800,0,25447,-0.00011998867106164236,conditional_v1.7; commanded ideal trapezoid,-6578400,6578400,-13156800,13156800
test2c,FSE-DWI_10-05-2026_v18_test2c,experiments\FSE-DWI_10-05-2026_v18_test2c\FSE-DWI_10-05-2026_v18_test2c.MRD,G:\J_Figger\FSE_dwi_CPMG_non_CPMG_twoTE-1.8.ppl,8,6,1,40,-5482,-2741,200,1000,1000,2,-2741,-3289200,3289200,-6578400,6578400,0,25447,-5.999433553082118e-05,conditional_v1.7; commanded ideal trapezoid,-9867600,9867600,-19735200,19735200
test2c,FSE-DWI_10-05-2026_v18_test2c,experiments\FSE-DWI_10-05-2026_v18_test2c\FSE-DWI_10-05-2026_v18_test2c.MRD,G:\J_Figger\FSE_dwi_CPMG_non_CPMG_twoTE-1.8.ppl,8,6,1,40,-5482,-2741,200,1000,1000,3,-3837,-4604400,4604400,-9208800,9208800,0,25447,-8.398331464128454e-05,conditional_v1.7; commanded ideal trapezoid,-14472000,14472000,-28944000,28944000
test2c,FSE-DWI_10-05-2026_v18_test2c,experiments\FSE-DWI_10-05-2026_v18_test2c\FSE-DWI_10-05-2026_v18_test2c.MRD,G:\J_Figger\FSE_dwi_CPMG_non_CPMG_twoTE-1.8.ppl,8,6,1,40,-5482,-2741,200,1000,1000,4,-4934,-5920800,5920800,-11841600,11841600,0,25447,-0.00010799418150641071,conditional_v1.7; commanded ideal trapezoid,-20392800,20392800,-40785600,40785600
test2c,FSE-DWI_10-05-2026_v18_test2c,experiments\FSE-DWI_10-05-2026_v18_test2c\FSE-DWI_10-05-2026_v18_test2c.MRD,G:\J_Figger\FSE_dwi_CPMG_non_CPMG_twoTE-1.8.ppl,8,6,1,40,-5482,-2741,200,1000,1000,5,-6030,-7236000,7236000,-14472000,14472000,0,25447,-0.00013198316061687404,conditional_v1.7; commanded ideal trapezoid,-27628800,27628800,-55257600,55257600
test2c,FSE-DWI_10-05-2026_v18_test2c,experiments\FSE-DWI_10-05-2026_v18_test2c\FSE-DWI_10-05-2026_v18_test2c.MRD,G:\J_Figger\FSE_dwi_CPMG_non_CPMG_twoTE-1.8.ppl,8,6,1,40,-5482,-2741,200,1000,1000,6,-7127,-8552400,8552400,-17104800,17104800,0,25447,-0.00015599402748200022,conditional_v1.7; commanded ideal trapezoid,-36181200,36181200,-72362400,72362400
test2c,FSE-DWI_10-05-2026_v18_test2c,experiments\FSE-DWI_10-05-2026_v18_test2c\FSE-DWI_10-05-2026_v18_test2c.MRD,G:\J_Figger\FSE_dwi_CPMG_non_CPMG_twoTE-1.8.ppl,8,6,1,40,-5482,-2741,200,1000,1000,7,-8223,-9867600,9867600,-19735200,19735200,0,25447,-0.00017998300659246357,conditional_v1.7; commanded ideal trapezoid,-46048800,46048800,-92097600,92097600
test2c,FSE-DWI_10-05-2026_v18_test2c,experiments\FSE-DWI_10-05-2026_v18_test2c\FSE-DWI_10-05-2026_v18_test2c.MRD,G:\J_Figger\FSE_dwi_CPMG_non_CPMG_twoTE-1.8.ppl,8,6,1,40,-5482,-2741,200,1000,1000,8,-9319,-11182800,11182800,-22365600,22365600,0,25447,-0.0002039719857029269,conditional_v1.7; commanded ideal trapezoid,-57231600,57231600,-114463200,114463200
test2d,FSE-DWI_10-05-2026_v18_test2d,experiments\FSE-DWI_10-05-2026_v18_test2d\FSE-DWI_10-05-2026_v18_test2d.MRD,G:\J_Figger\FSE_dwi_CPMG_non_CPMG_twoTE-1.8.ppl,8,7,1,40,-5482,-2741,200,1000,1000,1,-5482,-6578400,6578400,-13156800,13156800,0,25447,-0.00011998867106164236,conditional_v1.7; commanded ideal trapezoid,-6578400,6578400,-13156800,13156800
test2d,FSE-DWI_10-05-2026_v18_test2d,experiments\FSE-DWI_10-05-2026_v18_test2d\FSE-DWI_10-05-2026_v18_test2d.MRD,G:\J_Figger\FSE_dwi_CPMG_non_CPMG_twoTE-1.8.ppl,8,7,1,40,-5482,-2741,200,1000,1000,2,-2741,-3289200,3289200,-6578400,6578400,0,25447,-5.999433553082118e-05,conditional_v1.7; commanded ideal trapezoid,-9867600,9867600,-19735200,19735200
test2d,FSE-DWI_10-05-2026_v18_test2d,experiments\FSE-DWI_10-05-2026_v18_test2d\FSE-DWI_10-05-2026_v18_test2d.MRD,G:\J_Figger\FSE_dwi_CPMG_non_CPMG_twoTE-1.8.ppl,8,7,1,40,-5482,-2741,200,1000,1000,3,-3837,-4604400,4604400,-9208800,9208800,0,25447,-8.398331464128454e-05,conditional_v1.7; commanded ideal trapezoid,-14472000,14472000,-28944000,28944000
test2d,FSE-DWI_10-05-2026_v18_test2d,experiments\FSE-DWI_10-05-2026_v18_test2d\FSE-DWI_10-05-2026_v18_test2d.MRD,G:\J_Figger\FSE_dwi_CPMG_non_CPMG_twoTE-1.8.ppl,8,7,1,40,-5482,-2741,200,1000,1000,4,-4934,-5920800,5920800,-11841600,11841600,0,25447,-0.00010799418150641071,conditional_v1.7; commanded ideal trapezoid,-20392800,20392800,-40785600,40785600
test2d,FSE-DWI_10-05-2026_v18_test2d,experiments\FSE-DWI_10-05-2026_v18_test2d\FSE-DWI_10-05-2026_v18_test2d.MRD,G:\J_Figger\FSE_dwi_CPMG_non_CPMG_twoTE-1.8.ppl,8,7,1,40,-5482,-2741,200,1000,1000,5,-6030,-7236000,7236000,-14472000,14472000,0,25447,-0.00013198316061687404,conditional_v1.7; commanded ideal trapezoid,-27628800,27628800,-55257600,55257600
test2d,FSE-DWI_10-05-2026_v18_test2d,experiments\FSE-DWI_10-05-2026_v18_test2d\FSE-DWI_10-05-2026_v18_test2d.MRD,G:\J_Figger\FSE_dwi_CPMG_non_CPMG_twoTE-1.8.ppl,8,7,1,40,-5482,-2741,200,1000,1000,6,-7127,-8552400,8552400,-17104800,17104800,0,25447,-0.00015599402748200022,conditional_v1.7; commanded ideal trapezoid,-36181200,36181200,-72362400,72362400
test2d,FSE-DWI_10-05-2026_v18_test2d,experiments\FSE-DWI_10-05-2026_v18_test2d\FSE-DWI_10-05-2026_v18_test2d.MRD,G:\J_Figger\FSE_dwi_CPMG_non_CPMG_twoTE-1.8.ppl,8,7,1,40,-5482,-2741,200,1000,1000,7,-8223,-9867600,9867600,-19735200,19735200,0,25447,-0.00017998300659246357,conditional_v1.7; commanded ideal trapezoid,-46048800,46048800,-92097600,92097600
test2d,FSE-DWI_10-05-2026_v18_test2d,experiments\FSE-DWI_10-05-2026_v18_test2d\FSE-DWI_10-05-2026_v18_test2d.MRD,G:\J_Figger\FSE_dwi_CPMG_non_CPMG_twoTE-1.8.ppl,8,7,1,40,-5482,-2741,200,1000,1000,8,-9319,-11182800,11182800,-22365600,22365600,0,25447,-0.0002039719857029269,conditional_v1.7; commanded ideal trapezoid,-57231600,57231600,-114463200,114463200
test3,FSE-DWI_10-05-2026_v18_test3,experiments\FSE-DWI_10-05-2026_v18_test3\FSE-DWI_10-05-2026_v18_test3.MRD,G:\J_Figger\FSE_dwi_CPMG_non_CPMG_twoTE-1.8.ppl,8,1,3,40,5482,2741,200,1000,1000,1,5482,6578400,6578400,13156800,13156800,0,25447,0.00011998867106164236,conditional_v1.7; commanded ideal trapezoid,6578400,6578400,13156800,13156800
test3,FSE-DWI_10-05-2026_v18_test3,experiments\FSE-DWI_10-05-2026_v18_test3\FSE-DWI_10-05-2026_v18_test3.MRD,G:\J_Figger\FSE_dwi_CPMG_non_CPMG_twoTE-1.8.ppl,8,1,3,40,5482,2741,200,1000,1000,2,-2741,-3289200,3289200,-6578400,6578400,0,25447,-5.999433553082118e-05,conditional_v1.7; commanded ideal trapezoid,3289200,9867600,6578400,19735200
test3,FSE-DWI_10-05-2026_v18_test3,experiments\FSE-DWI_10-05-2026_v18_test3\FSE-DWI_10-05-2026_v18_test3.MRD,G:\J_Figger\FSE_dwi_CPMG_non_CPMG_twoTE-1.8.ppl,8,1,3,40,5482,2741,200,1000,1000,3,3837,4604400,4604400,9208800,9208800,0,25447,8.398331464128454e-05,conditional_v1.7; commanded ideal trapezoid,7893600,14472000,15787200,28944000
test3,FSE-DWI_10-05-2026_v18_test3,experiments\FSE-DWI_10-05-2026_v18_test3\FSE-DWI_10-05-2026_v18_test3.MRD,G:\J_Figger\FSE_dwi_CPMG_non_CPMG_twoTE-1.8.ppl,8,1,3,40,5482,2741,200,1000,1000,4,-4934,-5920800,5920800,-11841600,11841600,0,25447,-0.00010799418150641071,conditional_v1.7; commanded ideal trapezoid,1972800,20392800,3945600,40785600
test3,FSE-DWI_10-05-2026_v18_test3,experiments\FSE-DWI_10-05-2026_v18_test3\FSE-DWI_10-05-2026_v18_test3.MRD,G:\J_Figger\FSE_dwi_CPMG_non_CPMG_twoTE-1.8.ppl,8,1,3,40,5482,2741,200,1000,1000,5,6030,7236000,7236000,14472000,14472000,0,25447,0.00013198316061687404,conditional_v1.7; commanded ideal trapezoid,9208800,27628800,18417600,55257600
test3,FSE-DWI_10-05-2026_v18_test3,experiments\FSE-DWI_10-05-2026_v18_test3\FSE-DWI_10-05-2026_v18_test3.MRD,G:\J_Figger\FSE_dwi_CPMG_non_CPMG_twoTE-1.8.ppl,8,1,3,40,5482,2741,200,1000,1000,6,-7127,-8552400,8552400,-17104800,17104800,0,25447,-0.00015599402748200022,conditional_v1.7; commanded ideal trapezoid,656400,36181200,1312800,72362400
test3,FSE-DWI_10-05-2026_v18_test3,experiments\FSE-DWI_10-05-2026_v18_test3\FSE-DWI_10-05-2026_v18_test3.MRD,G:\J_Figger\FSE_dwi_CPMG_non_CPMG_twoTE-1.8.ppl,8,1,3,40,5482,2741,200,1000,1000,7,8223,9867600,9867600,19735200,19735200,0,25447,0.00017998300659246357,conditional_v1.7; commanded ideal trapezoid,10524000,46048800,21048000,92097600
test3,FSE-DWI_10-05-2026_v18_test3,experiments\FSE-DWI_10-05-2026_v18_test3\FSE-DWI_10-05-2026_v18_test3.MRD,G:\J_Figger\FSE_dwi_CPMG_non_CPMG_twoTE-1.8.ppl,8,1,3,40,5482,2741,200,1000,1000,8,-9319,-11182800,11182800,-22365600,22365600,0,25447,-0.0002039719857029269,conditional_v1.7; commanded ideal trapezoid,-658800,57231600,-1317600,114463200
test3b,FSE-DWI_10-05-2026_v18_test3b,experiments\FSE-DWI_10-05-2026_v18_test3b\FSE-DWI_10-05-2026_v18_test3b.MRD,G:\J_Figger\FSE_dwi_CPMG_non_CPMG_twoTE-1.8.ppl,8,1,3,40,-5482,-2741,200,1000,1000,1,-5482,-6578400,6578400,-13156800,13156800,0,25447,-0.00011998867106164236,conditional_v1.7; commanded ideal trapezoid,-6578400,6578400,-13156800,13156800
test3b,FSE-DWI_10-05-2026_v18_test3b,experiments\FSE-DWI_10-05-2026_v18_test3b\FSE-DWI_10-05-2026_v18_test3b.MRD,G:\J_Figger\FSE_dwi_CPMG_non_CPMG_twoTE-1.8.ppl,8,1,3,40,-5482,-2741,200,1000,1000,2,2741,3289200,3289200,6578400,6578400,0,25447,5.999433553082118e-05,conditional_v1.7; commanded ideal trapezoid,-3289200,9867600,-6578400,19735200
test3b,FSE-DWI_10-05-2026_v18_test3b,experiments\FSE-DWI_10-05-2026_v18_test3b\FSE-DWI_10-05-2026_v18_test3b.MRD,G:\J_Figger\FSE_dwi_CPMG_non_CPMG_twoTE-1.8.ppl,8,1,3,40,-5482,-2741,200,1000,1000,3,-3837,-4604400,4604400,-9208800,9208800,0,25447,-8.398331464128454e-05,conditional_v1.7; commanded ideal trapezoid,-7893600,14472000,-15787200,28944000
test3b,FSE-DWI_10-05-2026_v18_test3b,experiments\FSE-DWI_10-05-2026_v18_test3b\FSE-DWI_10-05-2026_v18_test3b.MRD,G:\J_Figger\FSE_dwi_CPMG_non_CPMG_twoTE-1.8.ppl,8,1,3,40,-5482,-2741,200,1000,1000,4,4934,5920800,5920800,11841600,11841600,0,25447,0.00010799418150641071,conditional_v1.7; commanded ideal trapezoid,-1972800,20392800,-3945600,40785600
test3b,FSE-DWI_10-05-2026_v18_test3b,experiments\FSE-DWI_10-05-2026_v18_test3b\FSE-DWI_10-05-2026_v18_test3b.MRD,G:\J_Figger\FSE_dwi_CPMG_non_CPMG_twoTE-1.8.ppl,8,1,3,40,-5482,-2741,200,1000,1000,5,-6030,-7236000,7236000,-14472000,14472000,0,25447,-0.00013198316061687404,conditional_v1.7; commanded ideal trapezoid,-9208800,27628800,-18417600,55257600
test3b,FSE-DWI_10-05-2026_v18_test3b,experiments\FSE-DWI_10-05-2026_v18_test3b\FSE-DWI_10-05-2026_v18_test3b.MRD,G:\J_Figger\FSE_dwi_CPMG_non_CPMG_twoTE-1.8.ppl,8,1,3,40,-5482,-2741,200,1000,1000,6,7127,8552400,8552400,17104800,17104800,0,25447,0.00015599402748200022,conditional_v1.7; commanded ideal trapezoid,-656400,36181200,-1312800,72362400
test3b,FSE-DWI_10-05-2026_v18_test3b,experiments\FSE-DWI_10-05-2026_v18_test3b\FSE-DWI_10-05-2026_v18_test3b.MRD,G:\J_Figger\FSE_dwi_CPMG_non_CPMG_twoTE-1.8.ppl,8,1,3,40,-5482,-2741,200,1000,1000,7,-8223,-9867600,9867600,-19735200,19735200,0,25447,-0.00017998300659246357,conditional_v1.7; commanded ideal trapezoid,-10524000,46048800,-21048000,92097600
test3b,FSE-DWI_10-05-2026_v18_test3b,experiments\FSE-DWI_10-05-2026_v18_test3b\FSE-DWI_10-05-2026_v18_test3b.MRD,G:\J_Figger\FSE_dwi_CPMG_non_CPMG_twoTE-1.8.ppl,8,1,3,40,-5482,-2741,200,1000,1000,8,9319,11182800,11182800,22365600,22365600,0,25447,0.0002039719857029269,conditional_v1.7; commanded ideal trapezoid,658800,57231600,1317600,114463200
test4,FSE-DWI_10-05-2026_v18_test4,experiments\FSE-DWI_10-05-2026_v18_test4\FSE-DWI_10-05-2026_v18_test4.MRD,G:\J_Figger\FSE_dwi_CPMG_non_CPMG_twoTE-1.8.ppl,8,1,4,40,-5482,-5482,200,1000,1000,1,-5482,-6578400,6578400,-13156800,13156800,0,25447,-0.00011998867106164236,conditional_v1.7; commanded ideal trapezoid,-6578400,6578400,-13156800,13156800
test4,FSE-DWI_10-05-2026_v18_test4,experiments\FSE-DWI_10-05-2026_v18_test4\FSE-DWI_10-05-2026_v18_test4.MRD,G:\J_Figger\FSE_dwi_CPMG_non_CPMG_twoTE-1.8.ppl,8,1,4,40,-5482,-5482,200,1000,1000,2,-18639,-22366800,22366800,-44733600,44733600,0,25447,-0.0004079658591605166,conditional_v1.7; commanded ideal trapezoid,-28945200,28945200,-57890400,57890400
test4,FSE-DWI_10-05-2026_v18_test4,experiments\FSE-DWI_10-05-2026_v18_test4\FSE-DWI_10-05-2026_v18_test4.MRD,G:\J_Figger\FSE_dwi_CPMG_non_CPMG_twoTE-1.8.ppl,8,1,4,40,-5482,-5482,200,1000,1000,3,-16446,-19735200,19735200,-39470400,39470400,0,25447,-0.00035996601318492714,conditional_v1.7; commanded ideal trapezoid,-48680400,48680400,-97360800,97360800
test4,FSE-DWI_10-05-2026_v18_test4,experiments\FSE-DWI_10-05-2026_v18_test4\FSE-DWI_10-05-2026_v18_test4.MRD,G:\J_Figger\FSE_dwi_CPMG_non_CPMG_twoTE-1.8.ppl,8,1,4,40,-5482,-5482,200,1000,1000,4,-14253,-17103600,17103600,-34207200,34207200,0,25447,-0.00031196616720933763,conditional_v1.7; commanded ideal trapezoid,-65784000,65784000,-131568000,131568000
test4,FSE-DWI_10-05-2026_v18_test4,experiments\FSE-DWI_10-05-2026_v18_test4\FSE-DWI_10-05-2026_v18_test4.MRD,G:\J_Figger\FSE_dwi_CPMG_non_CPMG_twoTE-1.8.ppl,8,1,4,40,-5482,-5482,200,1000,1000,5,-12060,-14472000,14472000,-28944000,28944000,0,25447,-0.00026396632123374807,conditional_v1.7; commanded ideal trapezoid,-80256000,80256000,-160512000,160512000
test4,FSE-DWI_10-05-2026_v18_test4,experiments\FSE-DWI_10-05-2026_v18_test4\FSE-DWI_10-05-2026_v18_test4.MRD,G:\J_Figger\FSE_dwi_CPMG_non_CPMG_twoTE-1.8.ppl,8,1,4,40,-5482,-5482,200,1000,1000,6,-9868,-11841600,11841600,-23683200,23683200,0,25447,-0.00021598836301282143,conditional_v1.7; commanded ideal trapezoid,-92097600,92097600,-184195200,184195200
test4,FSE-DWI_10-05-2026_v18_test4,experiments\FSE-DWI_10-05-2026_v18_test4\FSE-DWI_10-05-2026_v18_test4.MRD,G:\J_Figger\FSE_dwi_CPMG_non_CPMG_twoTE-1.8.ppl,8,1,4,40,-5482,-5482,200,1000,1000,7,-7675,-9210000,9210000,-18420000,18420000,0,25447,-0.00016798851703723192,conditional_v1.7; commanded ideal trapezoid,-101307600,101307600,-202615200,202615200
test4,FSE-DWI_10-05-2026_v18_test4,experiments\FSE-DWI_10-05-2026_v18_test4\FSE-DWI_10-05-2026_v18_test4.MRD,G:\J_Figger\FSE_dwi_CPMG_non_CPMG_twoTE-1.8.ppl,8,1,4,40,-5482,-5482,200,1000,1000,8,-5482,-6578400,6578400,-13156800,13156800,0,25447,-0.00011998867106164236,conditional_v1.7; commanded ideal trapezoid,-107886000,107886000,-215772000,215772000
test4b,FSE-DWI_10-05-2026_v18_test4b,experiments\FSE-DWI_10-05-2026_v18_test4b\FSE-DWI_10-05-2026_v18_test4b.MRD,G:\J_Figger\FSE_dwi_CPMG_non_CPMG_twoTE-1.8.ppl,8,1,4,40,-5842,-5842,200,2000,1000,1,-5842,-12852400,12852400,-25704800,25704800,0,25447,-0.0002344251483571465,conditional_v1.7; commanded ideal trapezoid,-12852400,12852400,-25704800,25704800
test4b,FSE-DWI_10-05-2026_v18_test4b,experiments\FSE-DWI_10-05-2026_v18_test4b\FSE-DWI_10-05-2026_v18_test4b.MRD,G:\J_Figger\FSE_dwi_CPMG_non_CPMG_twoTE-1.8.ppl,8,1,4,40,-5842,-5842,200,2000,1000,2,-19863,-23835600,23835600,-47671200,47671200,0,25447,-0.0004347564708678225,conditional_v1.7; commanded ideal trapezoid,-36688000,36688000,-73376000,73376000
test4b,FSE-DWI_10-05-2026_v18_test4b,experiments\FSE-DWI_10-05-2026_v18_test4b\FSE-DWI_10-05-2026_v18_test4b.MRD,G:\J_Figger\FSE_dwi_CPMG_non_CPMG_twoTE-1.8.ppl,8,1,4,40,-5842,-5842,200,2000,1000,3,-17526,-21031200,21031200,-42062400,42062400,0,25447,-0.00038360478822078515,conditional_v1.7; commanded ideal trapezoid,-57719200,57719200,-115438400,115438400
test4b,FSE-DWI_10-05-2026_v18_test4b,experiments\FSE-DWI_10-05-2026_v18_test4b\FSE-DWI_10-05-2026_v18_test4b.MRD,G:\J_Figger\FSE_dwi_CPMG_non_CPMG_twoTE-1.8.ppl,8,1,4,40,-5842,-5842,200,2000,1000,4,-15189,-18226800,18226800,-36453600,36453600,0,25447,-0.00033245310557374796,conditional_v1.7; commanded ideal trapezoid,-75946000,75946000,-151892000,151892000
test4b,FSE-DWI_10-05-2026_v18_test4b,experiments\FSE-DWI_10-05-2026_v18_test4b\FSE-DWI_10-05-2026_v18_test4b.MRD,G:\J_Figger\FSE_dwi_CPMG_non_CPMG_twoTE-1.8.ppl,8,1,4,40,-5842,-5842,200,2000,1000,5,-12852,-15422400,15422400,-30844800,30844800,0,25447,-0.0002813014229267107,conditional_v1.7; commanded ideal trapezoid,-91368400,91368400,-182736800,182736800
test4b,FSE-DWI_10-05-2026_v18_test4b,experiments\FSE-DWI_10-05-2026_v18_test4b\FSE-DWI_10-05-2026_v18_test4b.MRD,G:\J_Figger\FSE_dwi_CPMG_non_CPMG_twoTE-1.8.ppl,8,1,4,40,-5842,-5842,200,2000,1000,6,-10516,-12619200,12619200,-25238400,25238400,0,25447,-0.00023017162803433625,conditional_v1.7; commanded ideal trapezoid,-103987600,103987600,-207975200,207975200
test4b,FSE-DWI_10-05-2026_v18_test4b,experiments\FSE-DWI_10-05-2026_v18_test4b\FSE-DWI_10-05-2026_v18_test4b.MRD,G:\J_Figger\FSE_dwi_CPMG_non_CPMG_twoTE-1.8.ppl,8,1,4,40,-5842,-5842,200,2000,1000,7,-8179,-9814800,9814800,-19629600,19629600,0,25447,-0.00017901994538729898,conditional_v1.7; commanded ideal trapezoid,-113802400,113802400,-227604800,227604800
test4b,FSE-DWI_10-05-2026_v18_test4b,experiments\FSE-DWI_10-05-2026_v18_test4b\FSE-DWI_10-05-2026_v18_test4b.MRD,G:\J_Figger\FSE_dwi_CPMG_non_CPMG_twoTE-1.8.ppl,8,1,4,40,-5842,-5842,200,2000,1000,8,-5842,-7010400,7010400,-14020800,14020800,0,25447,-0.0001278682627402617,conditional_v1.7; commanded ideal trapezoid,-120812800,120812800,-241625600,241625600
test5,FSE-DWI_10-05-2026_v18_test5,experiments\FSE-DWI_10-05-2026_v18_test5\FSE-DWI_10-05-2026_v18_test5.MRD,G:\J_Figger\FSE_dwi_CPMG_non_CPMG_twoTE-1.8.ppl,8,1,4,40,-5482,-2741,200,1000,1000,1,-5482,-6578400,6578400,-13156800,13156800,0,25447,-0.00011998867106164236,conditional_v1.7; commanded ideal trapezoid,-6578400,6578400,-13156800,13156800
test5,FSE-DWI_10-05-2026_v18_test5,experiments\FSE-DWI_10-05-2026_v18_test5\FSE-DWI_10-05-2026_v18_test5.MRD,G:\J_Figger\FSE_dwi_CPMG_non_CPMG_twoTE-1.8.ppl,8,1,4,40,-5482,-2741,200,1000,1000,2,-9319,-11182800,11182800,-22365600,22365600,0,25447,-0.0002039719857029269,conditional_v1.7; commanded ideal trapezoid,-17761200,17761200,-35522400,35522400
test5,FSE-DWI_10-05-2026_v18_test5,experiments\FSE-DWI_10-05-2026_v18_test5\FSE-DWI_10-05-2026_v18_test5.MRD,G:\J_Figger\FSE_dwi_CPMG_non_CPMG_twoTE-1.8.ppl,8,1,4,40,-5482,-2741,200,1000,1000,3,-8223,-9867600,9867600,-19735200,19735200,0,25447,-0.00017998300659246357,conditional_v1.7; commanded ideal trapezoid,-27628800,27628800,-55257600,55257600
test5,FSE-DWI_10-05-2026_v18_test5,experiments\FSE-DWI_10-05-2026_v18_test5\FSE-DWI_10-05-2026_v18_test5.MRD,G:\J_Figger\FSE_dwi_CPMG_non_CPMG_twoTE-1.8.ppl,8,1,4,40,-5482,-2741,200,1000,1000,4,-7127,-8552400,8552400,-17104800,17104800,0,25447,-0.00015599402748200022,conditional_v1.7; commanded ideal trapezoid,-36181200,36181200,-72362400,72362400
test5,FSE-DWI_10-05-2026_v18_test5,experiments\FSE-DWI_10-05-2026_v18_test5\FSE-DWI_10-05-2026_v18_test5.MRD,G:\J_Figger\FSE_dwi_CPMG_non_CPMG_twoTE-1.8.ppl,8,1,4,40,-5482,-2741,200,1000,1000,5,-6030,-7236000,7236000,-14472000,14472000,0,25447,-0.00013198316061687404,conditional_v1.7; commanded ideal trapezoid,-43417200,43417200,-86834400,86834400
test5,FSE-DWI_10-05-2026_v18_test5,experiments\FSE-DWI_10-05-2026_v18_test5\FSE-DWI_10-05-2026_v18_test5.MRD,G:\J_Figger\FSE_dwi_CPMG_non_CPMG_twoTE-1.8.ppl,8,1,4,40,-5482,-2741,200,1000,1000,6,-4934,-5920800,5920800,-11841600,11841600,0,25447,-0.00010799418150641071,conditional_v1.7; commanded ideal trapezoid,-49338000,49338000,-98676000,98676000
test5,FSE-DWI_10-05-2026_v18_test5,experiments\FSE-DWI_10-05-2026_v18_test5\FSE-DWI_10-05-2026_v18_test5.MRD,G:\J_Figger\FSE_dwi_CPMG_non_CPMG_twoTE-1.8.ppl,8,1,4,40,-5482,-2741,200,1000,1000,7,-3837,-4604400,4604400,-9208800,9208800,0,25447,-8.398331464128454e-05,conditional_v1.7; commanded ideal trapezoid,-53942400,53942400,-107884800,107884800
test5,FSE-DWI_10-05-2026_v18_test5,experiments\FSE-DWI_10-05-2026_v18_test5\FSE-DWI_10-05-2026_v18_test5.MRD,G:\J_Figger\FSE_dwi_CPMG_non_CPMG_twoTE-1.8.ppl,8,1,4,40,-5482,-2741,200,1000,1000,8,-2741,-3289200,3289200,-6578400,6578400,0,25447,-5.999433553082118e-05,conditional_v1.7; commanded ideal trapezoid,-57231600,57231600,-114463200,114463200
test6,FSE-DWI_10-05-2026_v18_test6,experiments\FSE-DWI_10-05-2026_v18_test6\FSE-DWI_10-05-2026_v18_test6.MRD,G:\J_Figger\FSE_dwi_CPMG_non_CPMG_twoTE-1.8.ppl,8,1,5,0,-5482,-2741,200,1000,1000,1,-5482,-6578400,6578400,-13156800,13156800,0,25447,-0.00011998867106164236,conditional_v1.7; commanded ideal trapezoid,-6578400,6578400,-13156800,13156800
test6,FSE-DWI_10-05-2026_v18_test6,experiments\FSE-DWI_10-05-2026_v18_test6\FSE-DWI_10-05-2026_v18_test6.MRD,G:\J_Figger\FSE_dwi_CPMG_non_CPMG_twoTE-1.8.ppl,8,1,5,0,-5482,-2741,200,1000,1000,2,-2741,-3289200,3289200,-6578400,6578400,0,25447,-5.999433553082118e-05,conditional_v1.7; commanded ideal trapezoid,-9867600,9867600,-19735200,19735200
test6,FSE-DWI_10-05-2026_v18_test6,experiments\FSE-DWI_10-05-2026_v18_test6\FSE-DWI_10-05-2026_v18_test6.MRD,G:\J_Figger\FSE_dwi_CPMG_non_CPMG_twoTE-1.8.ppl,8,1,5,0,-5482,-2741,200,1000,1000,3,-4687,-5624400,5624400,-11248800,11248800,0,25447,-0.0001025879061046913,conditional_v1.7; commanded ideal trapezoid,-15492000,15492000,-30984000,30984000
test6,FSE-DWI_10-05-2026_v18_test6,experiments\FSE-DWI_10-05-2026_v18_test6\FSE-DWI_10-05-2026_v18_test6.MRD,G:\J_Figger\FSE_dwi_CPMG_non_CPMG_twoTE-1.8.ppl,8,1,5,0,-5482,-2741,200,1000,1000,4,-2275,-2730000,2730000,-5460000,5460000,0,25447,-4.97946418579417e-05,conditional_v1.7; commanded ideal trapezoid,-18222000,18222000,-36444000,36444000
test6,FSE-DWI_10-05-2026_v18_test6,experiments\FSE-DWI_10-05-2026_v18_test6\FSE-DWI_10-05-2026_v18_test6.MRD,G:\J_Figger\FSE_dwi_CPMG_non_CPMG_twoTE-1.8.ppl,8,1,5,0,-5482,-2741,200,1000,1000,5,-3755,-4506000,4506000,-9012000,9012000,0,25447,-8.218851875893234e-05,conditional_v1.7; commanded ideal trapezoid,-22728000,22728000,-45456000,45456000
test6,FSE-DWI_10-05-2026_v18_test6,experiments\FSE-DWI_10-05-2026_v18_test6\FSE-DWI_10-05-2026_v18_test6.MRD,G:\J_Figger\FSE_dwi_CPMG_non_CPMG_twoTE-1.8.ppl,8,1,5,0,-5482,-2741,200,1000,1000,6,-5838,-7005600,7005600,-14011200,14011200,0,25447,-0.0001277807117216104,conditional_v1.7; commanded ideal trapezoid,-29733600,29733600,-59467200,59467200
test6,FSE-DWI_10-05-2026_v18_test6,experiments\FSE-DWI_10-05-2026_v18_test6\FSE-DWI_10-05-2026_v18_test6.MRD,G:\J_Figger\FSE_dwi_CPMG_non_CPMG_twoTE-1.8.ppl,8,1,5,0,-5482,-2741,200,1000,1000,7,-2988,-3585600,3585600,-7171200,7171200,0,25447,-6.540061093254058e-05,conditional_v1.7; commanded ideal trapezoid,-33319200,33319200,-66638400,66638400
test6,FSE-DWI_10-05-2026_v18_test6,experiments\FSE-DWI_10-05-2026_v18_test6\FSE-DWI_10-05-2026_v18_test6.MRD,G:\J_Figger\FSE_dwi_CPMG_non_CPMG_twoTE-1.8.ppl,8,1,5,0,-5482,-2741,200,1000,1000,8,-5235,-6282000,6282000,-12564000,12564000,0,25447,-0.000114582395659923,conditional_v1.7; commanded ideal trapezoid,-39601200,39601200,-79202400,79202400
test7,FSE-DWI_10-05-2026_v18_test7,experiments\FSE-DWI_10-05-2026_v18_test7\FSE-DWI_10-05-2026_v18_test7.MRD,G:\J_Figger\FSE_dwi_CPMG_non_CPMG_twoTE-1.8.ppl,8,1,5,0,-5482,-2741,200,1000,1000,1,-5482,-6578400,6578400,-13156800,13156800,0,25447,-0.00011998867106164236,conditional_v1.7; commanded ideal trapezoid,-6578400,6578400,-13156800,13156800
test7,FSE-DWI_10-05-2026_v18_test7,experiments\FSE-DWI_10-05-2026_v18_test7\FSE-DWI_10-05-2026_v18_test7.MRD,G:\J_Figger\FSE_dwi_CPMG_non_CPMG_twoTE-1.8.ppl,8,1,5,0,-5482,-2741,200,1000,1000,2,2741,3289200,3289200,6578400,6578400,0,25447,5.999433553082118e-05,conditional_v1.7; commanded ideal trapezoid,-3289200,9867600,-6578400,19735200
test7,FSE-DWI_10-05-2026_v18_test7,experiments\FSE-DWI_10-05-2026_v18_test7\FSE-DWI_10-05-2026_v18_test7.MRD,G:\J_Figger\FSE_dwi_CPMG_non_CPMG_twoTE-1.8.ppl,8,1,5,0,-5482,-2741,200,1000,1000,3,-4687,-5624400,5624400,-11248800,11248800,0,25447,-0.0001025879061046913,conditional_v1.7; commanded ideal trapezoid,-8913600,15492000,-17827200,30984000
test7,FSE-DWI_10-05-2026_v18_test7,experiments\FSE-DWI_10-05-2026_v18_test7\FSE-DWI_10-05-2026_v18_test7.MRD,G:\J_Figger\FSE_dwi_CPMG_non_CPMG_twoTE-1.8.ppl,8,1,5,0,-5482,-2741,200,1000,1000,4,2275,2730000,2730000,5460000,5460000,0,25447,4.97946418579417e-05,conditional_v1.7; commanded ideal trapezoid,-6183600,18222000,-12367200,36444000
test7,FSE-DWI_10-05-2026_v18_test7,experiments\FSE-DWI_10-05-2026_v18_test7\FSE-DWI_10-05-2026_v18_test7.MRD,G:\J_Figger\FSE_dwi_CPMG_non_CPMG_twoTE-1.8.ppl,8,1,5,0,-5482,-2741,200,1000,1000,5,-3755,-4506000,4506000,-9012000,9012000,0,25447,-8.218851875893234e-05,conditional_v1.7; commanded ideal trapezoid,-10689600,22728000,-21379200,45456000
test7,FSE-DWI_10-05-2026_v18_test7,experiments\FSE-DWI_10-05-2026_v18_test7\FSE-DWI_10-05-2026_v18_test7.MRD,G:\J_Figger\FSE_dwi_CPMG_non_CPMG_twoTE-1.8.ppl,8,1,5,0,-5482,-2741,200,1000,1000,6,5838,7005600,7005600,14011200,14011200,0,25447,0.0001277807117216104,conditional_v1.7; commanded ideal trapezoid,-3684000,29733600,-7368000,59467200
test7,FSE-DWI_10-05-2026_v18_test7,experiments\FSE-DWI_10-05-2026_v18_test7\FSE-DWI_10-05-2026_v18_test7.MRD,G:\J_Figger\FSE_dwi_CPMG_non_CPMG_twoTE-1.8.ppl,8,1,5,0,-5482,-2741,200,1000,1000,7,-2988,-3585600,3585600,-7171200,7171200,0,25447,-6.540061093254058e-05,conditional_v1.7; commanded ideal trapezoid,-7269600,33319200,-14539200,66638400
test7,FSE-DWI_10-05-2026_v18_test7,experiments\FSE-DWI_10-05-2026_v18_test7\FSE-DWI_10-05-2026_v18_test7.MRD,G:\J_Figger\FSE_dwi_CPMG_non_CPMG_twoTE-1.8.ppl,8,1,5,0,-5482,-2741,200,1000,1000,8,5235,6282000,6282000,12564000,12564000,0,25447,0.000114582395659923,conditional_v1.7; commanded ideal trapezoid,-987600,39601200,-1975200,79202400
