scan,mode,b,interior_mean,interior_median,rim_mean,rim_p95,background_mean,background_rms,interior_highpass_rms,interior_highpass_over_mean,roi_ratio_to_b0
test0,off,0.0,3.411675068974502,3.386395797082085,3.614409902624775,5.049781253660597,0.9496806688202865,1.1865639180479874,0.05133471082913058,0.015046776082506891,1.0
test0,off,1000.0,0.9895157972324043,0.9916832402998541,0.7535328147635606,1.0583884035501698,0.026575934390564288,0.03065977989779298,0.020744869849038085,0.02096466767590756,0.29003811243074734
test0,off,6000.0,0.02577549446779737,0.024339609823565322,0.02573012330906885,0.05056332382795134,0.024515878072942348,0.02766445965243972,0.013214502845339229,0.5126769871223529,0.007555084803414498
test0,deramp_mag,0.0,3.411675068974502,3.386395797082085,3.614409902624775,5.049781253660597,0.9496806688202865,1.1865639180479874,0.05133471082913058,0.015046776082506891,1.0
test0,deramp_mag,1000.0,0.9895157972324043,0.9916832402998541,0.7535328147635606,1.0583884035501698,0.026575934390564288,0.03065977989779298,0.020744869849038085,0.02096466767590756,0.29003811243074734
test0,deramp_mag,6000.0,0.02577549446779737,0.024339609823565322,0.02573012330906885,0.05056332382795134,0.024515878072942348,0.02766445965243972,0.013214502845339229,0.5126769871223529,0.007555084803414498
test0,deramp,0.0,3.411675068974502,3.386395797082085,3.614409902624775,5.049781253660597,0.9496806688202865,1.1865639180479874,0.05133471082913058,0.015046776082506891,1.0
test0,deramp,1000.0,0.9895157972324043,0.9916832402998541,0.7535328147635606,1.0583884035501698,0.026575934390564288,0.03065977989779298,0.020744869849038085,0.02096466767590756,0.29003811243074734
test0,deramp,6000.0,0.02577549446779737,0.024339609823565322,0.02573012330906885,0.05056332382795134,0.024515878072942348,0.02766445965243972,0.013214502845339229,0.5126769871223529,0.007555084803414498
test1,off,0.0,1.2686159154057683,1.274147845384463,1.0269529282062193,1.3011935360712104,0.01841030010405433,0.03343333983498985,0.00883467637748213,0.006964027701525681,1.0
test1,off,1000.0,0.1480483394982333,0.14867929218677253,0.12479160055366345,0.1968057784633059,0.004899254357592658,0.005570446282814819,0.004689577999721169,0.0316759918795113,0.11670067961498011
test1,off,6000.0,0.0055255085870339294,0.005015760863552605,0.023788126115182055,0.08141229963382095,0.004722887241961667,0.005367581227649819,0.002632526598632953,0.47643154601377297,0.004355540963922551
test1,deramp_mag,0.0,1.2686177498446858,1.2733470750287976,1.0249167651904754,1.2978242445854076,0.018403484359724716,0.03337077244747559,0.0086743406815225,0.006837631495053953,1.0
test1,deramp_mag,1000.0,0.14805559184090378,0.14866250300534709,0.12468189446349787,0.1966932358425479,0.004909997440424966,0.005586142942117,0.004814638088386296,0.03251912358406541,0.1167062275922199
test1,deramp_mag,6000.0,0.006970615631756279,0.0065659825709647795,0.02286356165472018,0.07738408771097292,0.008899085093853504,0.009912901178400659,0.0033907523508681786,0.48643513428294755,0.005494654030033614
test1,deramp,0.0,1.2685478024642618,1.2735496759321907,1.0278924862450425,1.300023680227555,0.018597147127352335,0.033920996736481704,0.008035638536446671,0.006334517722419889,1.0
test1,deramp,1000.0,0.14806162455159283,0.1487806029035293,0.12455638681142749,0.1951450671452592,0.0049961266586789664,0.005718306291440551,0.004642372501632712,0.03135432638735538,0.11671741834558426
test1,deramp,6000.0,0.007366653111739375,0.006929517486517489,0.022340368109181174,0.08045138681443577,0.008769630517992628,0.009780295282001087,0.0035146121267110547,0.47709754666067117,0.005807154525378567
test1b,off,0.0,1.3042959946625925,1.3100079923045787,1.0214475893049773,1.3652668392114244,0.010429799603255838,0.01633637782651278,0.013059473910452484,0.010012661208724198,1.0
test1b,off,1000.0,0.15268006799069042,0.15230574418000392,0.12169650823641319,0.17098346122642863,0.00499657403070719,0.005799931927676106,0.0036752339854005073,0.02407147202491816,0.11705937043085618
test1b,off,6000.0,0.004506330965365458,0.004243313513721522,0.012074328159284897,0.037734542394518705,0.004248029922712056,0.004820333920650586,0.0022626646203692084,0.5021079538452652,0.0034549910325617442
test1b,deramp_mag,0.0,1.3042481359949858,1.3096949296585572,1.020339269747235,1.3636904221788522,0.010332518327508219,0.016179114579701614,0.013083295966465779,0.010031293590068874,1.0
test1b,deramp_mag,1000.0,0.15268403087125101,0.15227876282347652,0.12146595262133462,0.17067084063455887,0.005003157783479639,0.005807001950422278,0.003684271123568235,0.024130035751249928,0.11706670430068992
test1b,deramp_mag,6000.0,0.00460423191651709,0.004322732465438481,0.011892011673860026,0.03681771424948114,0.004384470807394729,0.004970466300670035,0.0023033790621910435,0.5002743354277979,0.003530180944444755
test1b,deramp,0.0,1.3043194300727492,1.3100165815225597,1.020024644632012,1.3632940895747867,0.010324924273296331,0.016199939891072275,0.012803615769557183,0.009816319127319182,1.0
test1b,deramp,1000.0,0.1526836986821092,0.15227587523698674,0.12140709759175537,0.17008016162438735,0.005010582752560953,0.005809887960821933,0.0036827968019194457,0.024120432198771323,0.11706005075274635
test1b,deramp,6000.0,0.004760787013993597,0.004446534122867402,0.01096561257341749,0.02871081723940048,0.004461976577667199,0.005028437294912094,0.002390134881207024,0.5020461688753545,0.0036500161725935964
test1c,off,0.0,1.2865038312797372,1.2892479558652068,1.0078542704928677,1.3107327526245676,0.009943854014585982,0.015380093830608753,0.012378953429778534,0.009622166004328716,1.0
test1c,off,1000.0,0.14979890630699222,0.1500604670804705,0.12000482638961106,0.16484453282297581,0.004402755159250191,0.004998865000807995,0.003474385691445955,0.02319366527500328,0.11643875646913636
test1c,off,6000.0,0.0042591768774807425,0.003927783324975758,0.004493580346361095,0.008875563819507682,0.004279667001123116,0.004775104854817854,0.0021675427150731497,0.5089111763668355,0.003310660080385433
test1c,deramp_mag,0.0,1.2864888636513512,1.289651502785052,1.0066702731850599,1.30705124783724,0.009904026052390663,0.01517349485364044,0.012426892165727713,0.00965954118752131,1.0
test1c,deramp_mag,1000.0,0.14980246268006428,0.1500582050921315,0.11976968871285826,0.16478340026469868,0.0044015184128320395,0.004997522548760974,0.0034669162346989066,0.02314325260528767,0.11644287557600029
test1c,deramp_mag,6000.0,0.004262523411844749,0.003934535747749313,0.004493805758372729,0.008897019674439125,0.004283017287655181,0.004778911678282364,0.002170491254679474,0.50920336264854,0.0033132998911057244
test1c,deramp,0.0,1.2865221389583037,1.289659321595474,1.006480014597118,1.3113773137760791,0.00993387568194786,0.015165204515283736,0.012270387006125648,0.009537641548913393,1.0
test1c,deramp,1000.0,0.14980117576415822,0.15003118301644186,0.11947988574902456,0.16460363976250986,0.004436222646802198,0.0050451048271222595,0.00346169154636261,0.023108573939450094,0.11643886352818783
test1c,deramp,6000.0,0.004308550659473239,0.004017566865553665,0.004366269547696005,0.008597778592032932,0.004205196146829235,0.004736281389758755,0.0021779405638778816,0.5054926206076351,0.00334899068504322
test1d,off,0.0,1.3104985340073898,1.3080152457998222,0.9905372774705501,1.3103962362811032,0.009086688660954592,0.01335529320715448,0.010355523116867625,0.00790197230148846,1.0
test1d,off,1000.0,0.14777180279515062,0.1481887175145176,0.11782383882571444,0.16768166780837684,0.00443485791810829,0.0049953184303559795,0.003417796533296697,0.023128881617791683,0.11275999091985046
test1d,off,6000.0,0.004347775822594176,0.004096353169376408,0.00434983808251514,0.008357725911654401,0.004290625867742394,0.00481522256182671,0.002212364692098683,0.5088497618947238,0.0033176502756543024
test1d,deramp_mag,0.0,1.3105273798948498,1.3081968437235787,0.9888275144907361,1.3080116504626724,0.009035077744917153,0.013262721938600314,0.010478953875210454,0.00799598240828149,1.0
test1d,deramp_mag,1000.0,0.14777101088580794,0.1481746886312319,0.11757624826172362,0.1670227867764683,0.004432408687427491,0.0049930586591086885,0.0034239171318183057,0.023170425046792054,0.11275690470325339
test1d,deramp_mag,6000.0,0.004350092190596312,0.004088891951725084,0.004355197441339165,0.00838308601478238,0.004294727121242796,0.0048184610829484316,0.0022121186777351097,0.508522252129988,0.0033193447594702997
test1d,deramp,0.0,1.3106016258590878,1.3074129902638523,0.9886392827273821,1.3083715280686878,0.009162923307364353,0.013554976250085686,0.010291956698188815,0.007852849023777557,1.0
test1d,deramp,1000.0,0.14776429661412963,0.14817814285139044,0.11733072923054455,0.16644894008768046,0.004473239527297747,0.005029635059575723,0.0034330389708883543,0.023233210251413856,0.11274539394628894
test1d,deramp,6000.0,0.0043266418552940855,0.004121970721626668,0.004427564386156052,0.008713152781599242,0.004197986438330589,0.004796149313508522,0.0022128282458761545,0.5114424350073105,0.0033012639156906358
test1e,off,0.0,1.334778392541125,1.3421099293518046,1.0054475372653753,1.302310033850937,0.008940958295048181,0.013815488473400651,0.009048463903996922,0.006779000884761578,1.0
test1e,off,1000.0,0.14720544729171534,0.1474068918777127,0.12228773048835768,0.16414672134325412,0.004896349588548365,0.005663913810310549,0.003543711528831201,0.02407323637832959,0.11028455967995443
test1e,off,6000.0,0.004382809750546083,0.004102631477966034,0.005849687276365624,0.012713957659864526,0.004127192732319858,0.004641685076621838,0.0022098443342371565,0.5042072232229148,0.0032835486212825006
test1e,deramp_mag,0.0,1.3347964592942947,1.3412207977212376,1.0034777447117935,1.2999510086729305,0.008914742559898749,0.01358289233571312,0.008647279968785997,0.0064783509939468995,1.0
test1e,deramp_mag,1000.0,0.1472063427009555,0.14740957785671982,0.12204026593559393,0.16367647432848742,0.0048896334208412265,0.005660278749700636,0.003549801699306657,0.024114461606575974,0.11028373777585784
test1e,deramp_mag,6000.0,0.004406570747942205,0.0041392805925144945,0.005835528899631198,0.012730161890599138,0.004151661932726456,0.004672548485727141,0.002217204677380439,0.5031587609062754,0.0033013053917388675
test1e,deramp,0.0,1.3347683631400828,1.3411494417800174,1.0015748074965312,1.2976281795797595,0.009208280273717489,0.014435496215331925,0.008518890423373934,0.00638229872585007,1.0
test1e,deramp,1000.0,0.14719274347256622,0.14742727735826638,0.12185865060889575,0.1638907629120256,0.004937057825928601,0.005719072174335297,0.003529491543323145,0.023978706151237487,0.11027587073332398
test1e,deramp,6000.0,0.004406809834048087,0.00411991792230409,0.005818309844276583,0.012803181446645377,0.004233787288993734,0.004773543752523524,0.002206750217944826,0.5007591207805102,0.0033015540042325648
test1f,off,0.0,1.0556803227562346,1.055320056120885,0.8120773519387376,1.064739980683559,0.006008219521115361,0.0076020611062701015,0.007911035784613933,0.007493779711607505,1.0
test1f,off,1000.0,0.12192985472241033,0.12220109524927486,0.09841712645933477,0.1340656706800112,0.004285913992536399,0.004860276353506441,0.0034853580229692927,0.028584943621102296,0.11549884192599937
test1f,off,6000.0,0.004387776267312055,0.004109094175205928,0.006136041267020752,0.013852577811213598,0.0042203004597778865,0.004782562032531528,0.002209110150156116,0.5034691870261229,0.004156349391694809
test1f,deramp_mag,0.0,1.0554929845925027,1.0553551774263976,0.8122475891420304,1.0650073456242863,0.006011772473747856,0.007608116564373341,0.007938988547421404,0.007521592908063176,1.0
test1f,deramp_mag,1000.0,0.1219092087844378,0.12217101063062791,0.09843532538370633,0.13413845060040794,0.004287900396502695,0.004863649097390894,0.0034882481262088925,0.02861349163849369,0.1154997812055602
test1f,deramp_mag,6000.0,0.004406285677028395,0.0041261467426949045,0.00615256621576452,0.013822739358824365,0.004234541880783339,0.004798930437938593,0.002218469879999591,0.5034784493355251,0.004174623366852166
test1f,deramp,0.0,1.0554893334679691,1.0553580043037325,0.8121895127832794,1.0651374748554436,0.006028713445595495,0.007650626029802819,0.007956789057396342,0.0075384836256498335,1.0
test1f,deramp,1000.0,0.12190918748800426,0.1221544307379831,0.09842654296061448,0.13404116106352,0.0042954438485679975,0.004869102498305853,0.0034880528956358265,0.028611895194355613,0.11550016056292418
test1f,deramp,6000.0,0.004437418839654248,0.0041558589173621326,0.006001028668005559,0.012924473705027039,0.004227767443856067,0.004759418450779775,0.0022411666672185987,0.5050608807063217,0.00420413423324179
test1g,off,0.0,1.1354134114917402,1.1405012974150777,0.8951554932709628,1.1679860390313568,0.011437333088154625,0.018088637297384257,0.008259253515147027,0.007274225785562786,1.0
test1g,off,1000.0,0.1313341738694708,0.13178190205886073,0.10695217215187222,0.1508202704945092,0.004929121146862825,0.0056273286560046855,0.003510617556826561,0.026730419458957128,0.11567079668093758
test1g,off,6000.0,0.004403242118006091,0.004084765744867538,0.0068384587534586014,0.01608051021347463,0.004113103908203513,0.004640637068103113,0.002223713247558029,0.5050172550050434,0.003878095919459837
test1g,deramp_mag,0.0,1.1347365642454112,1.1397440312702616,0.8946922679219154,1.16652017406203,0.011431591476261445,0.01807033246379529,0.008228624298585504,0.007251572354203161,1.0
test1g,deramp_mag,1000.0,0.1312840305512242,0.13177523049702572,0.10692290072573828,0.15088155001423695,0.004937202117601547,0.005635878729678351,0.0035141334600215274,0.026767409907105102,0.11569560256351376
test1g,deramp_mag,6000.0,0.004419721613280648,0.004094004740477732,0.006841828156403004,0.016035250738943553,0.004140330592748995,0.004670602370886475,0.002232526756512825,0.50512836595961,0.0038949318745357606
test1g,deramp,0.0,1.1337985670910664,1.13545966595908,0.895345278106636,1.176319206589599,0.01613238245911885,0.028371414584620475,0.008262627264611497,0.007287561921876944,1.0
test1g,deramp,1000.0,0.13118492263307846,0.1316988942089918,0.10665377293069887,0.14979257719886124,0.005649716083089429,0.006777700234770449,0.0035158906507222237,0.026801026978962344,0.115703905826635
test1g,deramp,6000.0,0.004490007947254883,0.004235197392102512,0.006694901200726586,0.016218429388581933,0.004211224276419633,0.004752706777341751,0.0022494830537795885,0.5009975661969341,0.003960146076718623
test2,off,0.0,1.2714430419536118,1.2760419903748448,1.0590242814190938,1.3329763527304415,0.008730523169942111,0.012877855822325632,0.010613878806198896,0.008347899556625314,1.0
test2,off,1000.0,0.15001915344880504,0.15058121821006148,0.12627142149292822,0.18769476483050998,0.005218636913799993,0.006065083902348455,0.005263540659241275,0.035085790968934445,0.1179912497049777
test2,off,6000.0,0.005887300368850251,0.005054521421141615,0.019776633674434604,0.06822927375414047,0.00461612778267713,0.00521584778476817,0.002742838595698737,0.4658907179615152,0.004630408264143891
test2,deramp_mag,0.0,1.2714407833188541,1.276952452170712,1.057077077661899,1.3302901651696752,0.008705983110902515,0.012766628231280386,0.010534065644380945,0.008285140592142854,1.0
test2,deramp_mag,1000.0,0.1500249270094102,0.15055101889248082,0.12608388290322017,0.18753233309808928,0.005263351593060209,0.006123561990229015,0.005333221557900911,0.03554890286709747,0.11799600026813571
test2,deramp_mag,6000.0,0.007459425901310395,0.006742872814166943,0.018809599558837795,0.06470748414611605,0.006562123462360438,0.0073552509151279715,0.0035930998077095826,0.4816858368521878,0.005866907841227952
test2,deramp,0.0,1.2714239611832674,1.2773200940713065,1.0550122465007652,1.3366924525924966,0.008746045935149334,0.012334409674489798,0.008822256223130908,0.006938878369824303,1.0
test2,deramp,1000.0,0.1500344049467271,0.15053872299038076,0.12579529600600065,0.1935105801582352,0.0053133081641515085,0.006137563760209529,0.00518357816283549,0.034549263315144484,0.11800501605074015
test2,deramp,6000.0,0.007496820752261438,0.006830735407852434,0.020485542591229432,0.07670522491705124,0.006594177462465475,0.007442381249192134,0.003557167847303641,0.4744901825524654,0.0058963972531117185
test2b,off,0.0,1.324718232513185,1.3288210085681695,1.0071384961876817,1.2829143842149933,0.011159016091619742,0.01772012330136301,0.007788088922989209,0.005879053169075858,1.0
test2b,off,1000.0,0.14816394176080236,0.14805401656907166,0.12139073227531756,0.16934892967300658,0.004486721487405604,0.0050875247400213935,0.0035749422962897803,0.024128288258294384,0.11184562733745546
test2b,off,6000.0,0.004355360442143658,0.004148497394898165,0.004896992974183043,0.009858446000222655,0.004217357132815726,0.004793513842924918,0.0021949861308957924,0.5039734736203476,0.0032877636430510204
test2b,deramp_mag,0.0,1.3247289229930064,1.3279150566466784,1.0050346655323696,1.2809516618927814,0.011123132471202371,0.017642041834116724,0.007662011202624341,0.005783833257987069,1.0
test2b,deramp_mag,1000.0,0.1481665469773194,0.14806815428180628,0.12112021989915679,0.16875568057815565,0.004498363300272441,0.005102104845041752,0.003563141228063042,0.024048216690967832,0.11184669135370091
test2b,deramp_mag,6000.0,0.004365924539802393,0.004137975510910975,0.00486362728243125,0.009718644662752485,0.004238430692406073,0.004821185097951818,0.002205059478892386,0.5050612897199065,0.0032957116463784206
test2b,deramp,0.0,1.3247112369441587,1.3275946371854923,1.0051882093774163,1.2827378746340876,0.011590485238555631,0.018850560777226393,0.007531590891560701,0.005685458597705082,1.0
test2b,deramp,1000.0,0.14816692296809153,0.14810891615750355,0.12089564626203247,0.16824938041580048,0.00453757066672109,0.005163763871468927,0.0035666139842719853,0.02407159379992033,0.11184846843292633
test2b,deramp,6000.0,0.004390615468504794,0.004130395813871963,0.004912827406738374,0.00965724537850989,0.004247425167927651,0.0048428648074223014,0.0021868392806696606,0.4980712377015289,0.0033143943721901663
test2c,off,0.0,0.7638417167864564,0.7714136296151356,0.6116160971563744,0.8069582933850042,0.006965976274519816,0.009244977780269899,0.00723393001301266,0.009470456842088157,1.0
test2c,off,1000.0,0.0874011240183093,0.08742359059570518,0.0718941753482637,0.09744816850016574,0.0043260062002315695,0.00488060779870097,0.003473827261480863,0.0397457961839615,0.11442308281617933
test2c,off,6000.0,0.0043432897898101385,0.004057726614267826,0.00473262701036167,0.009325400785981834,0.004252727793406838,0.0048000012443719904,0.002177418482150138,0.5013293120018412,0.005686112311438956
test2c,deramp_mag,0.0,0.7636091242769856,0.7712179244647768,0.6117408030021035,0.8070284700058465,0.006948668376982717,0.009200247451890005,0.0071429098259801664,0.009354144154240362,1.0
test2c,deramp_mag,1000.0,0.08737430212518972,0.08742164667014206,0.07190876180781562,0.09741738289579938,0.004337163178809872,0.004891684189217635,0.0034813561033591716,0.03984416491671764,0.11442281050258411
test2c,deramp_mag,6000.0,0.0043520685832699295,0.004066535459953579,0.004748170847805455,0.00938345718424025,0.00427224646633438,0.004821402984301112,0.002182457462075122,0.5014758890668335,0.005699340729317025
test2c,deramp,0.0,0.763708519524142,0.7714349764079078,0.6119812298727387,0.8114870824744833,0.007015596157546528,0.009356332219314823,0.006946723200673683,0.009096039945975862,1.0
test2c,deramp,1000.0,0.08738316574499794,0.08751937737636988,0.07198207122052303,0.09777240844473548,0.00433883250206992,0.004893970779679396,0.0034691380651857067,0.03970030194728085,0.11441952461057445
test2c,deramp,6000.0,0.0043220428485313996,0.004042539207085502,0.004774635479848142,0.009325786564559386,0.004192020452693154,0.004749886749567634,0.0022318962624309417,0.5163984580091159,0.005659283271089361
test2d,off,0.0,0.7909367384219771,0.7885446306136012,0.6076843191108685,0.8685677502841346,0.009674819536038859,0.015458976314384297,0.008811766017246949,0.011140923906035244,1.0
test2d,off,1000.0,0.09262415555320531,0.09339313456236853,0.0761768474399079,0.11569557314179345,0.004963639523273982,0.005675395988047969,0.00351775416280926,0.03797879874638734,0.11710690761185616
test2d,off,6000.0,0.0043989642093856035,0.004127690864084744,0.00516672351284205,0.010650830279192714,0.004250925830280373,0.004802778144867146,0.0022258333107445225,0.5059903206294559,0.005561714351721879
test2d,deramp_mag,0.0,0.7896871813737255,0.7872031530541218,0.6070028519018678,0.8681748149720165,0.009635500444616104,0.015344623232282766,0.00875015695591815,0.011080535637790823,1.0
test2d,deramp_mag,1000.0,0.09154274920498733,0.09228579619615643,0.07547926866773975,0.11536909644172398,0.004971522637173015,0.005686736444642473,0.0035207658108977625,0.03846034602930571,0.11592280002030832
test2d,deramp_mag,6000.0,0.00441532309573129,0.0041674698720976944,0.00517105380142563,0.010562850324748381,0.004279588558454974,0.004833624285089357,0.002235603846393571,0.5063284833118874,0.005591230552901306
test2d,deramp,0.0,0.7912574845706306,0.778712889363598,0.6054393482121031,0.8640531961554662,0.00856652052692433,0.013388561181969072,0.008676593817782248,0.010965575665284898,1.0
test2d,deramp,1000.0,0.09114137909578568,0.09135402888390462,0.07459000253763402,0.1200464274526346,0.006013698009456492,0.007414325092518236,0.003509217893325786,0.03850301507548781,0.11518548749683272
test2d,deramp,6000.0,0.004442023374901883,0.004181341575615343,0.005284916046378845,0.010741958934003516,0.004296230167670598,0.004820034925372801,0.002215954413300205,0.4988614931251126,0.005613878492804792
test3,off,0.0,1.2850541794339179,1.285368758451995,1.0584346548901817,1.3556622940414573,0.00895272313508499,0.013599358346070739,0.009864552861672914,0.007676371175274781,1.0
test3,off,1000.0,0.15230687160021,0.1525461445483231,0.12684000703360712,0.18065436781532376,0.004461674716463151,0.005055745643822335,0.003975932512956362,0.02610474807330282,0.1185217510963647
test3,off,6000.0,0.004756965049445157,0.004384115638207661,0.011809310221711054,0.04882145835494902,0.004246405353845026,0.00485376815379081,0.0023533305359501513,0.4947125975257352,0.0037017622490754893
test3,deramp_mag,0.0,1.2850749565050978,1.2855799753611152,1.0564682454494108,1.3515860241572342,0.008849950590311606,0.013517536301523778,0.009649756462298107,0.007509100082801144,1.0
test3,deramp_mag,1000.0,0.1523092751140479,0.15255650606181992,0.12658476068929234,0.18045056746763646,0.004462658773633083,0.005062872837064897,0.003986871262388946,0.02617615545345883,0.11852170516828814
test3,deramp_mag,6000.0,0.004988192354178587,0.004651499351245784,0.010964227890839437,0.04053406174043508,0.004609143858703105,0.005267323446034874,0.0025244081001962637,0.5060767350083398,0.003881635331019541
test3,deramp,0.0,1.2851466959040316,1.282801098698691,1.0530017985053368,1.3458836914227148,0.008528411485810301,0.012875096955137435,0.007325200031853655,0.0056998940706148495,1.0
test3,deramp,1000.0,0.15231759675069745,0.15252753109823197,0.12631499285805078,0.17824014284680306,0.004481214358625725,0.00505749163340186,0.003841513843936998,0.025220420528460102,0.11852156429780197
test3,deramp,6000.0,0.004994299693136969,0.004676961272709426,0.011059120889512946,0.04465693202315979,0.004708929741107444,0.0052927639113158256,0.0024344320536791113,0.4874421246735437,0.0038861709009987743
test3b,off,0.0,1.3230002835251087,1.326983056990419,1.0323084528749762,1.321837120600109,0.008127241394815084,0.011665728060234162,0.009934450625628961,0.007509031365555576,1.0
test3b,off,1000.0,0.15527786034923452,0.1552408602408206,0.1253202558535369,0.19875978111424067,0.004935198222315216,0.005599286184125593,0.005010115559838176,0.03226548555325243,0.11736797208803286
test3b,off,6000.0,0.0057335004452402135,0.0051561191280140315,0.021295375669317003,0.07268793968186053,0.004549399832031684,0.005111455718946387,0.0026514291710585114,0.4624450972633396,0.004333710670086489
test3b,deramp_mag,0.0,1.3230416694422726,1.3272571129652055,1.030444906045574,1.3189903087880555,0.00821738330799213,0.011750932454174226,0.009802322462043683,0.007408929505731929,1.0
test3b,deramp_mag,1000.0,0.1552850311056673,0.15526165123705177,0.12514615453477312,0.19898327445285147,0.005000195815741788,0.005667310469934076,0.005099739987010144,0.03284115636065338,0.11736972061592557
test3b,deramp_mag,6000.0,0.007451726241452607,0.006974624220548419,0.018975168663695332,0.06197081458957762,0.006346717734989178,0.007132259018516378,0.003649569518389479,0.489761620346113,0.005632268743730405
test3b,deramp,0.0,1.3230062033700776,1.3265042132386793,1.0305490633662833,1.3183181582603873,0.008629552064697593,0.012779512604215552,0.009583794079645812,0.00724395248883424,1.0
test3b,deramp,1000.0,0.15529279648465127,0.15524133452437056,0.12503034308575395,0.1977817336204818,0.005071618577177017,0.0057264184985552245,0.004948893332970946,0.03186814485281087,0.11737873646327268
test3b,deramp,6000.0,0.007389435090618382,0.00682817445351136,0.01930424688611346,0.0619933649006123,0.0062748408761399985,0.007069054479382109,0.0037130340742984515,0.502478745501468,0.005585336691389175
test4,off,0.0,1.2294436724006497,1.2267833198735396,1.047621410379843,1.3704704795630607,0.011489894093845654,0.018344069290177446,0.014445210117328652,0.011749387500707933,1.0
test4,off,1000.0,0.1556383736817236,0.15629169710483506,0.12476646550357325,0.18009208225064333,0.004423906092727572,0.005057549222010513,0.0035738339925585555,0.022962421850198415,0.12659252080887878
test4,off,6000.0,0.00426332082175776,0.003970721763119449,0.00440957871747884,0.00873353937301036,0.004268641759684386,0.004845988482002048,0.0021947825232466137,0.5148058555775562,0.0034676829182690968
test4,deramp_mag,0.0,1.2293995002107656,1.227406999486588,1.0435774147170704,1.3636790592238595,0.011404589631863532,0.018126098872411112,0.014417397260131963,0.011727186531034278,1.0
test4,deramp_mag,1000.0,0.15563621328305152,0.15629127127318368,0.12434332577509143,0.17890477425001416,0.004431785070276851,0.0050680403963896305,0.0035667284909881233,0.022917086041546176,0.1265953119847288
test4,deramp_mag,6000.0,0.004266178013290878,0.00396870516853138,0.004414120366848695,0.008724029292086849,0.004265313930502782,0.0048453447478946435,0.0021963814785533197,0.5148358722281862,0.0034701315663130607
test4,deramp,0.0,1.230418579670991,1.2283266825328545,1.0527100949605028,1.3158235225456703,0.007851005156712257,0.010249143634202882,0.0071802562727837325,0.00583562081345009,1.0
test4,deramp,1000.0,0.1556790002024194,0.15613651589697652,0.12446476300544797,0.17923618335528363,0.004418769086897887,0.004961796925709914,0.0036183618458448326,0.023242453003552883,0.12652523521227008
test4,deramp,6000.0,0.004280456244997888,0.003973852670288943,0.004435070680542014,0.008774148556097826,0.004275428101159213,0.004822069730470733,0.002175511978661696,0.5082430129274151,0.0034788618407749212
test4b,off,0.0,1.237447746285009,1.2383409180796525,1.0164039759412733,1.2852605609087357,0.013999465697683044,0.024034342335185626,0.007802763945812695,0.006305530047016274,1.0
test4b,off,1000.0,0.14829411056327513,0.1484302482998445,0.1217550511339768,0.16768578282424948,0.004341765495948651,0.004861689918068162,0.0035098395620150225,0.023668098137433587,0.11983868491293855
test4b,off,6000.0,0.004345888847992667,0.004076574112651921,0.004337182503923344,0.00854038605484017,0.004251222134589045,0.004839714688545408,0.0022119282820132822,0.5089702841882288,0.003511977666159749
test4b,deramp_mag,0.0,1.2375256594311772,1.2379732813572653,1.0130517138413035,1.281177201330377,0.014050283658361857,0.023973142404814345,0.007433930116377938,0.006007091699250025,1.0
test4b,deramp_mag,1000.0,0.14830689761419916,0.1483837679676806,0.12141215377987823,0.16700709307224426,0.004334330546304395,0.004852687802487439,0.003504617071254722,0.02363084339051796,0.1198414727678194
test4b,deramp_mag,6000.0,0.004348901420758467,0.00407393656189775,0.004338818139005462,0.008531765339352678,0.004253083929481246,0.004843734115071399,0.002214277808811478,0.5091579676288222,0.003514190907974723
test4b,deramp,0.0,1.2376172345593073,1.2380449637651396,1.0128884696883838,1.2781337802172013,0.013765895476903068,0.023620068395573308,0.0072670041735004125,0.005871770342700551,1.0
test4b,deramp,1000.0,0.1483071203153823,0.14836838279872325,0.12146251528240465,0.16722183412697184,0.0043258728381567624,0.004843861136557553,0.0035001029312900266,0.023600370122802517,0.11983278526998836
test4b,deramp,6000.0,0.00435808555353113,0.004125439905356351,0.004296580587841494,0.00846870727031693,0.004302285029819074,0.004857940254638587,0.0022007819675068253,0.5049882432261217,0.003521351700538466
test5,off,0.0,1.3041190380186847,1.310005662026201,1.0157725800818305,1.2878985777638345,0.007652080782987627,0.010571552355623702,0.007353563569082365,0.005638721124916978,1.0
test5,off,1000.0,0.1454930391044813,0.14575529599909892,0.1253591828010368,0.1682386831292947,0.004590559662145549,0.005199399765070454,0.0034877301520954288,0.023971800806159693,0.11156423214672583
test5,off,6000.0,0.004290281576994411,0.003985300992438937,0.004492736632012297,0.008612186205597104,0.004089680614939151,0.0046533667297509,0.002210181255471524,0.5151599529790962,0.0032897929191437374
test5,deramp_mag,0.0,1.3041758648821675,1.3103082044684693,1.0131809640903595,1.2839034913800687,0.0074782327458075655,0.010131690168144379,0.006893453776573813,0.00528567807624368,1.0
test5,deramp_mag,1000.0,0.14549525490891138,0.1456490262396711,0.12502750881689748,0.16768168096349856,0.004597347959395956,0.0052106971093012,0.0034801338736910707,0.02391922592850083,0.11156106996509776
test5,deramp_mag,6000.0,0.004323008233046254,0.004030199398980712,0.004526056365246851,0.008696497484875871,0.004116893515342691,0.00467998769136868,0.0022261037133973986,0.5149432046833625,0.0033147433175638764
test5,deramp,0.0,1.3041483784923922,1.3101187398292176,1.0128833653314493,1.2838847885467872,0.007578715956569385,0.010312206495886605,0.007034624882963474,0.005394037211544568,1.0
test5,deramp,1000.0,0.14548812117385956,0.14559719365957427,0.12496579540696065,0.16726463212933676,0.004600989845695458,0.0052168443942530954,0.0034953431211557757,0.024024938207696078,0.11155795120647637
test5,deramp,6000.0,0.004347063117042039,0.004098636892663083,0.004495032326874037,0.008960587344743743,0.004060674194037067,0.004618928540182363,0.002178073321763731,0.5010447888885962,0.0033332580776332253
test6,off,0.0,1.329280613758079,1.3372929830372096,1.0217770638731425,1.29494168816005,0.007384616573290303,0.009802402445323726,0.008781297352993626,0.006606052373070844,1.0
test6,off,1000.0,0.15338427327152046,0.15353427059910993,0.12262632071046337,0.16993976302614877,0.004371171033137979,0.004982488471280775,0.0034836469683602834,0.02271189147399447,0.11538893419793411
test6,off,6000.0,0.004337947832693152,0.004088869837562538,0.005575906481196015,0.011758643271620088,0.004173206643972936,0.004718935386660141,0.002238474864905085,0.5160216192630791,0.0032633800476703804
test6,deramp_mag,0.0,1.3292803447879373,1.3364331271245984,1.0198480516307145,1.2913074074448714,0.00730710116867398,0.009782296501096518,0.00860044607697978,0.006470001689787887,1.0
test6,deramp_mag,1000.0,0.15338410227298005,0.15346232148070468,0.1223836661267131,0.16944205699432677,0.004376266387310974,0.0049816953852831105,0.003479606161756522,0.022685572430210618,0.11538882890610236
test6,deramp_mag,6000.0,0.0043777822702669705,0.00411560701002707,0.005516054127731631,0.011485765224953941,0.0042027956412639044,0.004759437227046919,0.002256366466206647,0.5154131308748361,0.0032933476278590177
test6,deramp,0.0,1.3293075693045295,1.3357306969340983,1.0166454263289182,1.2929253360784105,0.007258850318135471,0.009795718581218247,0.008083551903359453,0.006081024504801869,1.0
test6,deramp,1000.0,0.1533816577336738,0.15344711211355758,0.12205297351442007,0.1684448021331129,0.004450263109363412,0.005091376455888509,0.003488355333384193,0.022742975822058486,0.11538462676017139
test6,deramp,6000.0,0.0043788582778934125,0.0041352784397886595,0.0054047277617727115,0.011104063147229832,0.00422997973703814,0.004744128880915821,0.0022275308160815163,0.5087012811826237,0.0032940896290723407
test7,off,0.0,1.3140965792559682,1.3261966414888422,1.0205857913193308,1.292901518255049,0.008497675465951019,0.011848329198155849,0.010417808219199064,0.007927734067383046,1.0
test7,off,1000.0,0.1530279385397375,0.15358884143983062,0.12419892854828664,0.1905597582326359,0.005123950868224738,0.0058908826244686565,0.004834317520138162,0.03159107785329547,0.11645105919564967
test7,off,6000.0,0.0058358940004773156,0.005154499115512928,0.021111252520587827,0.07245512044475688,0.004432109976078371,0.005022017088903525,0.0028198728264519014,0.48319466155849733,0.004440993221199583
test7,deramp_mag,0.0,1.3141090897339984,1.3270430788654972,1.0186488496118689,1.289677264173991,0.008500008813258844,0.011760433997176233,0.0101555142066134,0.0077280602394045345,1.0
test7,deramp_mag,1000.0,0.1530331856172633,0.15363770351518377,0.12400740163576897,0.1905216623723921,0.005159226505333599,0.005935804510898981,0.004933798059088911,0.032240053287712137,0.11645394344562386
test7,deramp_mag,6000.0,0.007467977938166142,0.006765591337140438,0.0191412131599948,0.060746174462648406,0.006203042497903782,0.007020340967082208,0.003855098149636882,0.5162171315390296,0.005682920844629275
test7,deramp,0.0,1.3140912931880504,1.3271498467654,1.017266104818328,1.29180457677882,0.008422282826387363,0.011632596248406252,0.009348715550448267,0.007114205534204417,1.0
test7,deramp,1000.0,0.15304637180831968,0.15362518001130052,0.12391460587622405,0.19020227237263812,0.005177951945228225,0.005983809032624234,0.004866167385813534,0.03179537893200162,0.11646555502017034
test7,deramp,6000.0,0.00746792007390215,0.006866067204911084,0.01929557630071312,0.0633339138622775,0.006044003113870278,0.00685002826074834,0.0037649206132874067,0.5041458098145062,0.00568295377392282
testa,off,0.0,1.332872166199029,1.3402782497507288,1.00182135007318,1.322770279965494,0.009498662570463836,0.014727856646406851,0.013774202224142298,0.010334226022156641,1.0
testa,off,1000.0,0.15158543770052113,0.1520213898707908,0.12632225194994037,0.17211887861439515,0.004710696104652758,0.005561863767019485,0.003564189107671575,0.023512740812960835,0.113728414130516
testa,off,6000.0,0.004382449233415116,0.004127339094615967,0.004658719605608743,0.00904927274989421,0.004215726850838291,0.004780626692601659,0.002192277590231671,0.500240270558318,0.0032879741542751325
testa,deramp_mag,0.0,1.3328664533472803,1.34108142230753,1.0004939453525554,1.3210963490157068,0.009423002915537259,0.014685709274867915,0.013752368827192711,0.010317889532485301,1.0
testa,deramp_mag,1000.0,0.151586535392463,0.15198863829629275,0.1261082508442472,0.17157974483438757,0.004717243526432776,0.005559720350388694,0.0035608148380789377,0.023490310856830784,0.11372972514371393
testa,deramp_mag,6000.0,0.004382865904060306,0.004130205941805451,0.004659056234618384,0.009131014318897462,0.004219681371994418,0.004785807155635373,0.002193122198800469,0.5003854205917527,0.003288300859439775
testa,deramp,0.0,1.3329502467779857,1.3408598743097437,1.000080500265772,1.3210197753391606,0.009398239309280921,0.014530977405356428,0.013219064590059199,0.009917147787032855,1.0
testa,deramp,1000.0,0.1515926783165541,0.15186807291904103,0.1255128281918758,0.17197965139157892,0.0047311831931881425,0.005609247241112987,0.003477386920524386,0.022939016310952343,0.11372718425386448
testa,deramp,6000.0,0.004360505368846393,0.0040738971262545155,0.0045318330278746755,0.00905983355082555,0.004257551919520369,0.00487293454175384,0.002212786444996747,0.5074610068837405,0.0032713189253587146
