scan,b,mode,total_power,total_l2,readout_edge_power_fraction,readout_center_power_fraction,central_ky_band_power_fraction,all_ky_edge_sample_l2,all_ky_center_sample_l2
test0,0.0,off,173655362.1516606,13177.836019303799,0.00029719265631411584,0.9874854461328723,0.9888222945234044,227.17635959985313,13095.11904366272
test0,0.0,deramp_mag,173544601.37658125,13173.632808628805,0.0002985821887046748,0.9875063803439209,0.9883725682053408,227.63419540328283,13091.08097651284
test0,0.0,deramp,173544601.5748865,13173.632816155401,0.0002985821937042714,0.9875063801979217,0.9883725678782811,227.6341974391444,13091.080983024538
test0,1000.0,off,2284377.066447128,1511.415583632486,0.0008976732058414603,0.9858921298747406,0.985935417409736,45.283817027590594,1500.7162861369138
test0,1000.0,deramp_mag,2282680.751099361,1510.8543116724925,0.000899400729380377,0.9859311185173786,0.9854309935806603,45.310536660707434,1500.1886501868632
test0,1000.0,deramp,2282680.751742336,1510.8543118852776,0.0008994007375045202,0.9859311183802816,0.9854309933030814,45.310536871730285,1500.1886502938432
test0,6000.0,off,6838.204973184678,82.69343972277775,0.19224630001546442,0.12376340328901031,0.11646024650945429,36.25768339044984,29.091571285669175
test0,6000.0,deramp_mag,6840.767326756919,82.70893136026434,0.1921556175097026,0.1237403360473292,0.1148298157630796,36.25592185992756,29.094309543869418
test0,6000.0,deramp,6840.767282755442,82.70893109426237,0.19215561747392504,0.12374033646838677,0.11482981651076225,36.25592173994886,29.09430949979893
test1,0.0,off,159198649.38959536,12617.394714821097,0.0002802433072540581,0.9871626058012251,0.9883740885398318,211.22110693611904,12536.145881867702
test1,0.0,deramp_mag,159067665.2460244,12612.20302905184,0.0002805766469920554,0.9872230145212276,0.9878653864552632,211.25972678100345,12531.371034209853
test1,0.0,deramp,159067665.30173326,12612.20303126037,0.00028057664777121627,0.9872230145309757,0.9878653865320882,211.25972711133122,12531.371036466096
test1,1000.0,off,2184560.259809636,1478.0257980866356,0.0008683168388081372,0.9856724491603047,0.9856399211193407,43.5533059478128,1467.399353149931
test1,1000.0,deramp_mag,2182944.409101887,1477.4790723058948,0.0008693622636637673,0.9857154437802564,0.9851385257953199,43.563396251313804,1466.888549606103
test1,1000.0,deramp,2182944.4090396995,1477.4790722848495,0.0008693622475398736,0.9857154438713333,0.9851385257602302,43.563395846712346,1466.8885496529765
test1,6000.0,off,6409.880464982109,80.06172909063424,0.18930273765527475,0.13395424919972,0.1278213685587779,34.834005225701205,29.302401354609668
test1,6000.0,deramp_mag,6414.340458543738,80.08957771485463,0.1893981997034022,0.13404622489573562,0.12810223434985807,34.854906901796184,29.32265546746696
test1,6000.0,deramp,6414.340383385162,80.0895772456389,0.18939819972361585,0.13404622484840828,0.12810223582897234,34.85490669945391,29.322655290499746
test1b,0.0,off,153956483.91083935,12407.920208916536,0.00022123941001358979,0.9885179139164777,0.9886388592812808,184.55687922210006,12336.48014262815
test1b,0.0,deramp_mag,153866463.67778626,12404.292147389397,0.0002214152837743597,0.9885246921226025,0.9887266668628371,184.5762355195659,12332.915252894478
test1b,0.0,deramp,153866463.51544222,12404.292140845531,0.00022141528730955698,0.9885246921567781,0.9887266670881305,184.57623689569874,12332.915246601455
test1b,100.0,off,82872641.17793171,9103.44117232224,0.00023652760497059033,0.9884909830666131,0.9883486185507647,140.00595464266263,9050.90374201938
test1b,100.0,deramp_mag,82811667.19481674,9100.091603649753,0.000236664513504122,0.9884989945936064,0.9884395389256989,139.99493894111515,9047.610168585774
test1b,100.0,deramp,82811666.74130982,9100.091578732041,0.00023666451683784385,0.9884989946552337,0.9884395390468935,139.99493954378718,9047.610144093798
test1b,500.0,off,15260052.637940008,3906.411734308099,0.0003095852367226843,0.9888269481744743,0.9884183284395119,68.73344897731585,3884.527162854709
test1b,500.0,deramp_mag,15251026.446170012,3905.2562587069765,0.0003098276374055501,0.988833045444082,0.9884963423383576,68.74001376073777,3883.3901332359756
test1b,500.0,deramp,15251026.450627968,3905.25625927774,0.00030982763868395835,0.9888330454617152,0.9884963423049749,68.74001391260154,3883.3901338381684
test1b,1000.0,off,1945523.7953883454,1394.8203452016126,0.0008462748623686789,0.9861192455789333,0.9852723845523467,40.576444917923276,1385.1059372352058
test1b,1000.0,deramp_mag,1943925.3971497566,1394.2472510820155,0.000847597280076304,0.9861140229849822,0.9853422523262122,40.59145081535498,1384.533168171144
test1b,1000.0,deramp,1943925.3973853935,1394.2472511665187,0.0008475972875237416,0.9861140228184584,0.9853422518354169,40.59145099614414,1384.5331681381565
test1b,2000.0,off,46375.275019372,215.34919321736965,0.0262443253690702,0.8697234226746972,0.8676265085239893,34.88678555970028,200.83242496501555
test1b,2000.0,deramp_mag,46351.44117891074,215.29384844651446,0.026280647274939214,0.8695844904264188,0.8677191794397673,34.90194659769059,200.76477369820938
test1b,2000.0,deramp,46351.44113033757,215.29384833370779,0.026280647134156523,0.8695844913038147,0.8677191802136932,34.90194648592011,200.76477369429952
test1b,3000.0,off,7211.899740923742,84.9229046896286,0.16818386461350446,0.22554177762877076,0.21671294474671907,34.827075238005364,40.330939583010114
test1b,3000.0,deramp_mag,7219.7076365882185,84.96886274741011,0.16821131043199364,0.2254125243759512,0.21802450372045704,34.848765867479095,40.34120131602036
test1b,3000.0,deramp,7219.707573334928,84.96886237519558,0.16821130997072822,0.22541252527239525,0.21802450324022007,34.84876566703986,40.341201219518275
test1b,6000.0,off,6442.222611968684,80.26345751317149,0.1876758858610585,0.135984260670093,0.12461677793809377,34.771393926838265,29.597987751884705
test1b,6000.0,deramp_mag,6450.8230466169325,80.31701592201327,0.1876607394025464,0.1360739405356276,0.12336772334374241,34.79319218874751,29.627502622583776
test1b,6000.0,deramp,6450.8230766439065,80.31701610894112,0.18766073920474036,0.13607394024141026,0.12336772318303102,34.79319225138724,29.627502659507993
test2,0.0,off,29218058.245526873,5405.373090317344,0.0001889749322048921,0.9898956320795849,0.991823510687661,74.30666575824156,5377.994815458077
test2,0.0,deramp_mag,29206733.792319033,5404.325470613241,0.0001884278450861759,0.9899498936807911,0.9918015659676765,74.18464740424578,5377.099870047923
test2,0.0,deramp,29206733.78950282,5404.325470352689,0.00018842784901200015,0.9899498936434428,0.9918015661093718,74.184648173474,5377.099869687252
test2,1000.0,off,701282.2273435545,837.4259533496406,0.0018945297975558647,0.9824591950291991,0.9834432980478593,36.44996675168182,830.0488976947277
test2,1000.0,deramp_mag,701064.6784839605,837.2960518741029,0.001905962332999467,0.9824601485412934,0.9833752269347396,36.55410880033612,829.9205432813468
test2,1000.0,deramp,701064.678294134,837.2960517607461,0.0019059623228548765,0.9824601486847812,0.9833752272031298,36.554108698106624,829.9205432295932
test2,6000.0,off,6451.397743500469,80.32059352059389,0.18622979800699044,0.1337168088390305,0.12683493429880943,34.66183057247332,29.371079633071115
test2,6000.0,deramp_mag,6456.6200729025295,80.35309622474126,0.186264139260622,0.1338012483713833,0.12832879169342942,34.67905391460448,29.392240915147834
test2,6000.0,deramp,6456.620161941246,80.35309677878784,0.1862641391088802,0.1338012486198916,0.12832878992115804,34.67905413959592,29.392241145106738
test2b,0.0,off,25797561.16369847,5079.129961292432,0.00013855370154048933,0.9920242948922836,0.9958550720031879,59.7858477396415,5058.834591421085
test2b,0.0,deramp_mag,25788830.501659956,5078.270424235003,0.00013862016323622683,0.9920720030577602,0.9955921453426592,59.79006517651146,5058.1001109407525
test2b,0.0,deramp,25788830.512461398,5078.270425298499,0.00013862016363747748,0.9920720029695557,0.9955921452838986,59.790065275567066,5058.100111775168
test2b,1000.0,off,584164.0664316945,764.3062648125388,0.002181048688647039,0.9830670921090674,0.9860803075448847,35.69440111621946,757.8076735568293
test2b,1000.0,deramp_mag,583982.5591635995,764.187515707761,0.0021847526132037173,0.983084183522201,0.9857179084521357,35.71914643714304,757.6965206245522
test2b,1000.0,deramp,583982.5594731398,764.18751591029,0.0021847526263071904,0.9830841834353559,0.9857179084376335,35.719146553725736,757.6965207918938
test2b,6000.0,off,6423.635327335689,80.14758466314309,0.18474613968734738,0.13098916082591497,0.12724183902022657,34.449119429740705,29.007354256798454
test2b,6000.0,deramp_mag,6435.845401919296,80.22372094286887,0.18464514940320903,0.1309535751318399,0.12515050112658824,34.472418478739556,29.03096561220699
test2b,6000.0,deramp,6435.8454919692285,80.22372150411141,0.18464514978949592,0.1309535757694697,0.12515050199622232,34.47241875596649,29.03096588598444
test2c,0.0,off,21734236.908111773,4661.999239394165,0.00014669209734226104,0.9920169639831431,0.9958672390377986,56.46450917332493,4643.353498504654
test2c,0.0,deramp_mag,21727316.973716732,4661.257016483508,0.00014637467790103772,0.9920599990753605,0.9955904535104586,56.394405960888854,4642.714944604663
test2c,0.0,deramp,21727316.927474525,4661.257011523236,0.00014637467672438622,0.9920599993284477,0.9955904533670739,56.39440567420999,4642.714940256331
test2c,100.0,off,13187695.575752694,3631.486689463792,0.00020247193281644236,0.9910043295298472,0.99508745878113,51.67338011604712,3615.1159610851396
test2c,100.0,deramp_mag,13182757.102202198,3630.8066737575273,0.00020249531713924286,0.9910519273020107,0.9947932751174312,51.66668733507152,3614.5258102954194
test2c,100.0,deramp,13182757.099186746,3630.806673342268,0.00020249531822656656,0.9910519272558896,0.9947932749392127,51.66668746787769,3614.5258097979167
test2c,500.0,off,3612117.3815224986,1900.557123982991,0.00041984320472762465,0.9916966552517175,0.994780988991401,38.94255946019421,1892.6501857534197
test2c,500.0,deramp_mag,3611136.987676015,1900.299183727661,0.0004209091581849849,0.9917320917162915,0.9945044752684613,38.9866724608984,1892.4271289172543
test2c,500.0,deramp,3611136.9849357903,1900.2991830066628,0.00042090916195774113,0.9917320917196646,0.9945044751034302,38.986672620831946,1892.427128202461
test2c,1000.0,off,543197.2994997683,737.0191988678234,0.002272029287579024,0.9830481854736509,0.986031630427866,35.13061589834867,730.7455915894632
test2c,1000.0,deramp_mag,543053.9339242358,736.9219320418111,0.0022775714241493614,0.9830628827125991,0.985694933696512,35.16879471460082,730.6546145423134
test2c,1000.0,deramp,543053.934638866,736.9219325266863,0.0022775714497504504,0.9830628824376448,0.9856949333449279,35.16879493539874,730.6546149208858
test2c,2000.0,off,19573.271336077618,139.9045079190718,0.06071585929114371,0.7123875929161679,0.7119502031330679,34.473293841880924,118.0836807209335
test2c,2000.0,deramp_mag,19584.348284713888,139.94408985274757,0.06092133816617441,0.7118300379253764,0.7100394626544064,34.54134775334038,118.07085746386221
test2c,2000.0,deramp,19584.348456785716,139.94409046753535,0.06092133798920751,0.711830039211121,0.7100394634954443,34.54134785491523,118.07085808919165
test2c,3000.0,off,6682.363964977118,81.74572750289227,0.18050354691084378,0.16492512045250926,0.15928020362260548,34.73025190561651,33.197736094971276
test2c,3000.0,deramp_mag,6691.304973095367,81.80039714509562,0.18050984385236724,0.16490021946549147,0.15582122495165376,34.754084880226856,33.217430041680835
test2c,3000.0,deramp,6691.304992908689,81.80039726620335,0.18050984433643785,0.16490021956717443,0.15582122441793644,34.754084978281,33.21743010110164
test2c,6000.0,off,6384.865075550549,79.90535073166595,0.18727380462179455,0.13207012477179728,0.1273256110301199,34.57915520505342,29.03876593760575
test2c,6000.0,deramp_mag,6396.837453933498,79.98023164466017,0.18700753753792754,0.13227230740564133,0.12609166727834306,34.586945807493464,29.088218407640777
test2c,6000.0,deramp,6396.837337037568,79.98023091388002,0.1870075375089321,0.13227230695025924,0.12609166981717923,34.58694548879086,29.08821809178954
test3,0.0,off,22399930.72313427,4732.8565077693065,0.0006210292763815629,0.9880126582559744,0.9931498863639555,117.9449565177978,4704.403798412033
test3,0.0,deramp_mag,22366759.249344572,4729.350827475645,0.0006136640400771789,0.9882201778392424,0.9922266202666596,117.1566295366438,4701.41285180049
test3,0.0,deramp,22366759.120439894,4729.350813847488,0.0006136640421957522,0.9882201778110333,0.9922266203869036,117.15662940127568,4701.412838185737
test3,1000.0,off,1030963.0973147447,1015.3635296359353,0.0013425644878174707,0.9850852011058175,0.9902637399307387,37.203957352747885,1007.7631120709727
test3,1000.0,deramp_mag,1029587.4772873162,1014.6859008024682,0.001433629315471813,0.984950625086723,0.9887111925007859,38.41935437096472,1007.0217620963334
test3,1000.0,deramp,1029587.4805628266,1014.6859024165195,0.001433629305001501,0.9849506251821161,0.9887111926930159,38.419354291782824,1007.0217637469589
test3,6000.0,off,219497.0572939815,468.5051304884307,0.005945123565742194,0.9670477032364014,0.9699829627643286,36.12391351901831,460.72130960407463
test3,6000.0,deramp_mag,219616.12402292184,468.63218415183763,0.006219859696295944,0.9658816438036845,0.9674179777464658,36.95918665862255,460.5683259594103
test3,6000.0,deramp,219616.12391168682,468.6321840331571,0.006219859685295955,0.965881644019587,0.9674179781776286,36.95918661658102,460.5683258942471
test3b,0.0,off,21993620.961696297,4689.735702755145,0.0004075144283604741,0.9917553787002488,0.9975032860064309,94.671631832258,4670.363142824854
test3b,0.0,deramp_mag,21971938.47692476,4687.423436913371,0.00040378235307574176,0.9918603657425273,0.9972278800549738,94.19066312457997,4668.307502060559
test3b,0.0,deramp,21971938.47436121,4687.423436639921,0.0004037823547992846,0.99186036575727,0.9972278799643676,94.19066332011136,4668.307501822919
test3b,1000.0,off,860757.9122345238,927.77039844701,0.0014971910568631164,0.9872369335148908,0.9927380051702296,35.8987332411841,921.8307880370946
test3b,1000.0,deramp_mag,859247.9951850025,926.9563070528203,0.0015405747603350617,0.9871902051301364,0.9922544101125819,36.383179825992634,921.0001110881263
test3b,1000.0,deramp,859247.9957621085,926.9563073641111,0.001540574760931875,0.9871902050182847,0.9922544101307167,36.38317984525821,921.0001113452408
test3b,6000.0,off,178381.60659077013,422.35246724835184,0.006891458262828879,0.9634731445101621,0.9669437751859186,35.061508762126216,414.56710846952626
test3b,6000.0,deramp_mag,178296.31755786337,422.2514861523442,0.007093728343142904,0.9627475836500344,0.9656133830774931,35.56382489747445,414.31189809433687
test3b,6000.0,deramp,178296.3174105495,422.2514859779057,0.007093728285841165,0.9627475839397929,0.965613383532502,35.5638247391437,414.31189798552606
test3c,0.0,off,20656372.78400883,4544.928248499511,0.00041132514760143166,0.9919009505995361,0.9976958575806536,92.1763830072141,4526.486032276775
test3c,0.0,deramp_mag,20632865.56252777,4542.341418533812,0.00041004892758453174,0.992017689340574,0.9974512494252251,91.9808914770363,4524.175905047625
test3c,0.0,deramp,20632865.471022524,4542.341408461337,0.00041004892995632716,0.9920176892046987,0.9974512494270363,91.9808915390889,4524.175894705596
test3c,100.0,off,14098137.261516634,3754.7486282728214,0.00015420446129621682,0.9924573877027604,0.9976361688844818,46.62612638523915,3740.561519082362
test3c,100.0,deramp_mag,14082338.86226114,3752.644249360861,0.00015385543448487405,0.9925630933074072,0.9973548554912127,46.54722724520135,3738.6641761635974
test3c,100.0,deramp,14082338.860234406,3752.6442490908203,0.00015385543331827592,0.9925630933268685,0.9973548554849122,46.54722706538124,3738.6641759312147
test3c,500.0,off,3663593.1821665624,1914.0515097997134,0.00041526046380028516,0.9918335790255275,0.9969435123043656,39.0044280050618,1906.2200130000165
test3c,500.0,deramp_mag,3658459.486908331,1912.7099850495713,0.0004182313372873385,0.9919437739968875,0.9966775916119982,39.11626776190722,1904.9897927439313
test3c,500.0,deramp,3658459.4898346975,1912.7099858145505,0.0004182313433070497,0.9919437738621273,0.9966775916296831,39.11626805905682,1904.9897933764219
test3c,1000.0,off,880596.3938593535,938.4009771197776,0.0014244034798886493,0.9876299331987836,0.992758031776857,35.41644487791877,932.5788747566626
test3c,1000.0,deramp_mag,879651.5435027183,937.8974056381211,0.001466098976906445,0.9875133698792161,0.992118426830605,35.911783970773584,932.0234224759715
test3c,1000.0,deramp,879651.5438440226,937.8974058200729,0.001466098953368582,0.987513370015512,0.9921184270046153,35.91178368946297,932.0234227211023
test3c,2000.0,off,217686.92126449573,466.569310247144,0.005617343101457827,0.9684125522186515,0.9728994579914637,34.96887366562881,459.14131485455647
test3c,2000.0,deramp_mag,217565.832180992,466.43952682099314,0.0057013665326021545,0.9682042537414814,0.9721534828176943,35.21963307921371,458.96422974611187
test3c,2000.0,deramp,217565.83241778408,466.43952707482254,0.005701366557900023,0.9682042535646289,0.9721534828398599,35.219633176517256,458.96422995395596
test3c,3000.0,off,174576.98906387418,417.82411259269634,0.006969319898492018,0.9626602708713257,0.9664639525224085,34.8809816906245,409.9491817044273
test3c,3000.0,deramp_mag,174438.04656809903,417.65781037602903,0.007111129067407443,0.962318987503604,0.9655045341362669,35.2200434896407,409.7133685340516
test3c,3000.0,deramp,174438.0465851705,417.6578103964662,0.007111129107024372,0.9623189873100967,0.9655045338921654,35.220043589471594,409.7133685129065
test3c,6000.0,off,154323.74208390398,392.8406064600552,0.007991135038651983,0.958178733124176,0.9616010353173409,35.117258757804215,384.5383305743879
test3c,6000.0,deramp_mag,154303.11169719155,392.81434762135603,0.008126735396800523,0.9573273501158293,0.960088989276322,35.41158792917978,384.3417607230565
test3c,6000.0,deramp,154303.1116359011,392.8143475433415,0.00812673532363206,0.9573273504324928,0.9600889896822623,35.41158776273409,384.3417607102907
test3d,0.0,off,19014879.165224936,4360.605366829809,0.0004525379956459883,0.9912194475103465,0.9972568478637136,92.7628983208349,4341.418894858023
test3d,0.0,deramp_mag,18992261.904606685,4358.011232730669,0.0004486663979115334,0.9913515511809867,0.996977065638039,92.31029052566306,4339.125291987706
test3d,0.0,deramp,18992261.77640201,4358.011218021588,0.00044866640163086644,0.9913515511081031,0.9969770656235144,92.31029059671374,4339.125277182865
test3d,100.0,off,14073369.681124115,3751.4490108655505,0.00016193099303129233,0.9922971768041804,0.9974024518205684,47.73797992962113,3736.9727056403567
test3d,100.0,deramp_mag,14057728.784967395,3749.363784026217,0.000161544496663593,0.9924040965146297,0.9971301939264179,47.654472201471926,3735.096736885575
test3d,100.0,deramp,14057728.753954187,3749.363779890421,0.0001615444985239842,0.9924040965677078,0.9971301938111564,47.65447242330695,3735.096732865401
test3d,500.0,off,3770023.4136512075,1941.6548132073342,0.00038911720179837713,0.9919340256088697,0.9968344344051623,38.301187467679426,1933.8082897078332
test3d,500.0,deramp_mag,3766411.215601255,1940.7244048553764,0.0003897567281174737,0.9920230666575428,0.9965607874237892,38.31428078585976,1932.9683919800966
test3d,500.0,deramp,3766411.2136504715,1940.7244043527849,0.0003897567261740458,0.9920230666903566,0.9965607874716645,38.314280680415,1932.9683915114827
test3d,1000.0,off,796030.0038125347,892.2051354999784,0.0016224778890862046,0.9866290883710085,0.992169382270876,35.93801719954851,886.2202643685889
test3d,1000.0,deramp_mag,795159.4063727949,891.7171111808917,0.0016462877520930417,0.9866008556512179,0.9916831816261031,36.180950673981826,885.7228407953099
test3d,1000.0,deramp,795159.4069738598,891.7171115179184,0.0016462877461731272,0.9866008556537764,0.9916831817178449,36.180950622604655,885.7228411312195
test3d,2000.0,off,223609.52488839626,472.87368809058967,0.005467976680688227,0.9700261472461779,0.9739944496065774,34.967008274508196,465.73284822421465
test3d,2000.0,deramp_mag,223498.39383562165,472.75616742208837,0.005577282334088412,0.9695890077081962,0.972970882233812,35.306000108148005,465.5121758917333
test3d,2000.0,deramp,223498.39320842054,472.7561667587431,0.005577282298295676,0.9695890079603691,0.9729708824087763,35.30599994531879,465.51217529908814
test3d,3000.0,off,171244.081100651,413.8164823936463,0.007157180008211159,0.9625750312703321,0.9663020822069169,35.00892334502833,405.99910926049876
test3d,3000.0,deramp_mag,171082.98027835367,413.6217840955112,0.007236176949418428,0.9622785698809819,0.9654647961306838,35.18503543167223,405.74559220431513
test3d,3000.0,deramp,171082.97836329005,413.6217817805175,0.007236176984248217,0.9622785698333716,0.9654647958191444,35.18503531942344,405.74558992336614
test3d,6000.0,off,150928.21718322273,388.49480972494695,0.008096855944605762,0.9577802667411258,0.9616798872000313,34.957746387728236,380.20529732305107
test3d,6000.0,deramp_mag,150896.14182802537,388.4535259564847,0.008268155185710616,0.9570854428077393,0.960236667088275,35.32184476438218,380.0269736735211
test3d,6000.0,deramp,150896.14154663138,388.453525594287,0.008268155157034733,0.9570854428405313,0.9602366669437866,35.32184467019557,380.0269733256906
