key,phase_deg,b1,echo,time_ms,magnitude,mean_mx,mean_my,mean_mz,mean_local_transverse
original,0.0,0.8,1,64.025,0.19392617004799098,0.0023581972172981086,0.19391183134447118,0.31367154954275733,0.3343514254061148
original,0.0,0.8,2,80.02499999999999,0.14190801947162393,-0.0024339019631764596,0.141887145688369,0.3773021055293825,0.33551010857836383
original,0.0,0.8,3,96.02499999999998,0.13268479789905258,0.0009186253151381362,0.13268161787166605,0.274763520879257,0.31608844913965395
original,0.0,0.8,4,112.02499999999996,0.10319762635318933,0.00040212913634623886,0.10319684286396642,0.32001859462244375,0.279970324845233
original,0.0,0.8,5,128.02499999999995,0.0910675214098865,-0.0022315416187806856,0.09104017617372996,0.2727501321054411,0.24769094634979164
original,0.0,0.8,6,144.02499999999995,0.0690499695558139,0.0013946518966033426,0.06903588372539406,0.2914275222104312,0.21479952565946503
original,0.0,0.8,7,160.02499999999998,0.06291118065997481,-0.005731129560869807,0.06264958743669835,0.27243343028057976,0.18934759749335378
original,0.0,0.8,8,176.02499999999998,0.048741407063877244,0.0064153338959864374,0.04831737010195805,0.274797899603455,0.1671924379134214
original,0.0,1.0,1,64.025,0.17174214262776974,0.0002479734054173545,0.17174196360693972,0.39303116853842485,0.3697887186631885
original,0.0,1.0,2,80.02499999999999,0.12119007084450925,-0.008390821086907897,0.12089924479823963,0.2686130278668326,0.38145972807941986
original,0.0,1.0,3,96.02499999999998,0.11312894247351997,1.5477657609445916e-05,0.11312894141473748,0.29832129623070736,0.3485945768167996
original,0.0,1.0,4,112.02499999999996,0.09083972408464495,-0.005171389874479449,0.0906924043045533,0.23388171218550213,0.30130519973642167
original,0.0,1.0,5,128.02499999999995,0.07808414922454437,0.0021862526676581077,0.07805353713569982,0.24574101983224766,0.2574266547031769
original,0.0,1.0,6,144.02499999999995,0.06313464788713885,0.0059613981464546155,0.06285256952561648,0.22676394378187426,0.2217879699718911
original,0.0,1.0,7,160.02499999999998,0.05529145698803852,-0.001683519071808975,0.05526582107772371,0.24100036061825797,0.1963223828240455
original,0.0,1.0,8,176.02499999999998,0.04228456359768082,0.0035842239423414433,0.042132382526715244,0.23122464874812704,0.1751727299483913
original,45.0,0.8,1,64.025,0.19558615495135723,0.13883648676151172,0.13776201926647597,0.31553940652013845,0.33490321743524953
original,45.0,0.8,2,80.02499999999999,0.14465978477086786,-0.1036911943584631,0.10086917042619731,0.3757608679040607,0.3358640242451255
original,45.0,0.8,3,96.02499999999998,0.10546294752997866,0.04766898094695194,0.09407497837996119,0.27756230470373194,0.3008946162749887
original,45.0,0.8,4,112.02499999999996,0.0763898878277531,-0.02120410950616748,0.07338801470531248,0.3188716376637539,0.26687497954518913
original,45.0,0.8,5,128.02499999999995,0.06480408529911065,-0.0034508128951865756,0.06471214230588278,0.2690803424922421,0.23671404268125085
original,45.0,0.8,6,144.02499999999995,0.050097453485417914,0.011198384601810489,0.048829816997747855,0.3020335056736554,0.21250390111278097
original,45.0,0.8,7,160.02499999999998,0.05058945893733198,-0.02370450772238383,0.044692165635729086,0.2614752874186569,0.19105034407953142
original,45.0,0.8,8,176.02499999999998,0.04154363439555495,0.02319551283897532,0.03446508005109618,0.28473007679815,0.17095940411673513
original,45.0,1.0,1,64.025,0.17364996367551883,0.12295186335644748,0.12262605425310916,0.39498328766071145,0.37073852898447784
original,45.0,1.0,2,80.02499999999999,0.12813477330441808,-0.095112085460673,0.08586158238173958,0.2683162253736664,0.3810585979792447
original,45.0,1.0,3,96.02499999999998,0.09199670010285434,0.045359403091704796,0.08003697508638594,0.2960337747447195,0.34211942002445983
original,45.0,1.0,4,112.02499999999996,0.0718983818192647,-0.032224801709066095,0.06427238491794235,0.23723973850490243,0.29522954588844896
original,45.0,1.0,5,128.02499999999995,0.05860207052220054,0.018129152264014813,0.05572734075547775,0.2441571327216338,0.2511257759114332
original,45.0,1.0,6,144.02499999999995,0.04509033801012672,-0.0047420125883507365,0.04484029324702729,0.2219233996444897,0.2182980362130485
original,45.0,1.0,7,160.02499999999998,0.04039090003072015,0.0027887444180081803,0.04029451215566032,0.2497476422560772,0.19418876407631253
original,45.0,1.0,8,176.02499999999998,0.029238229547256085,-0.0006586904338394303,0.029230808985904022,0.2237979001848543,0.17484893736198548
original,90.0,0.8,1,64.025,0.1952377912434558,0.19522464576182558,0.0022655720674795406,0.3157109855808314,0.3348903284474927
original,90.0,0.8,2,80.02499999999999,0.1462761553056123,-0.1462760182555367,0.00020023560497459646,0.3750501824372371,0.33433266701466363
original,90.0,0.8,3,96.02499999999998,0.06671209124203517,0.06665795740174371,0.0026869746766482717,0.27730832981723347,0.28293363522634396
original,90.0,0.8,4,112.02499999999996,0.029244941030259347,-0.029202348292555802,0.0015777927822152025,0.31870218147907037,0.2516876369916826
original,90.0,0.8,5,128.02499999999995,0.005245176016404785,-0.005050655992119606,0.0014151839076015117,0.26764410982662834,0.22336735743342775
original,90.0,0.8,6,144.02499999999995,0.015297833793900605,0.015289475582611288,0.0005056235700009321,0.3055635271535847,0.20676014894674016
original,90.0,0.8,7,160.02499999999998,0.03134126542567196,-0.03132581954375114,0.0009838436841083985,0.2570649335916272,0.18957513179246058
original,90.0,0.8,8,176.02499999999998,0.030203981652502546,0.03019392164630839,0.000779489115575061,0.28847079518352453,0.1724086149822011
original,90.0,1.0,1,64.025,0.17297311410401373,0.17295827969347358,0.0022653230044093046,0.39634565891561724,0.3720617485753472
original,90.0,1.0,2,80.02499999999999,0.13208531213092853,-0.13208521129306022,-0.00016321272146026938,0.26868298882872904,0.37963228289643763
original,90.0,1.0,3,96.02499999999998,0.06393593924772244,0.06392367391175073,0.0012522943394481347,0.2940081006793488,0.3344568489721449
original,90.0,1.0,4,112.02499999999996,0.04264906614821424,-0.04259887641649479,0.0020684707798171464,0.23859287135815332,0.2882174865739571
original,90.0,1.0,5,128.02499999999995,0.02486368762350131,0.02480578229294342,0.0016959148192485867,0.24435816460943227,0.24402448616178465
original,90.0,1.0,6,144.02499999999995,0.009564734661030885,-0.00948012678106785,0.001269387785826581,0.21945741285603443,0.2147899514780316
original,90.0,1.0,7,160.02499999999998,0.00486941972366593,0.004056095697054437,0.0026943155237579854,0.2545069702023451,0.1918246318398653
original,90.0,1.0,8,176.02499999999998,0.0027555719116129696,-0.0025941417286711676,-0.000929303638020063,0.22035708595813952,0.17465705080731342
increasing,0.0,0.8,1,64.025,0.19392617004799098,0.0023581972172981086,0.19391183134447118,0.31367154954275733,0.3343514254061148
increasing,0.0,0.8,2,80.02499999999999,0.14190801947162393,-0.0024339019631764596,0.141887145688369,0.3773021055293825,0.33551010857836383
increasing,0.0,0.8,3,96.02499999999998,0.10764332134836654,-0.006095982652755745,0.10747057097831483,0.2715382343982149,0.3052652436520493
increasing,0.0,0.8,4,112.02499999999996,0.08838042201042767,-0.004139446056966255,0.08828342982169847,0.32293090103142985,0.2790576288867149
increasing,0.0,0.8,5,128.02499999999995,0.06793774356987231,-0.00340047418886254,0.06785258857741985,0.24451652457201664,0.2501306934517143
increasing,0.0,0.8,6,144.02499999999995,0.05727442647048678,-0.000969079977641565,0.057266227495096356,0.28770982562209496,0.22971415859734473
increasing,0.0,0.8,7,160.02499999999998,0.04843431347940283,-0.0014979623819178938,0.048411143664691715,0.2262349257555229,0.20885097524280707
increasing,0.0,0.8,8,176.02499999999998,0.040992767517282674,-0.0002836607166577964,0.040991786071404725,0.25906451229060695,0.19396058302669622
increasing,0.0,1.0,1,64.025,0.17174214262776974,0.0002479734054173545,0.17174196360693972,0.39303116853842485,0.3697887186631885
increasing,0.0,1.0,2,80.02499999999999,0.12119007084450925,-0.008390821086907897,0.12089924479823963,0.2686130278668326,0.38145972807941986
increasing,0.0,1.0,3,96.02499999999998,0.08438098796741163,-0.0038765429808901436,0.0842918948943122,0.29498659456556653,0.33663829691989633
increasing,0.0,1.0,4,112.02499999999996,0.06338347153653313,-0.0030114897214409235,0.06331188982868985,0.21786226622230895,0.30941062523544693
increasing,0.0,1.0,5,128.02499999999995,0.04934648431234739,-0.006612411088327556,0.048901447152284866,0.23465138334180433,0.27584515483586736
increasing,0.0,1.0,6,144.02499999999995,0.04143028621215608,-0.0050656120597049395,0.04111943810513152,0.1837213824515497,0.2518701397571068
increasing,0.0,1.0,7,160.02499999999998,0.031544214213970134,-0.004500291712044946,0.031221544242451153,0.19393243777266356,0.22446255919255498
increasing,0.0,1.0,8,176.02499999999998,0.026917361125854855,-0.003385563864213451,0.02670360064300345,0.15425685720953095,0.2035819257981618
increasing,45.0,0.8,1,64.025,0.19558615495135723,0.13883648676151172,0.13776201926647597,0.31553940652013845,0.33490321743524953
increasing,45.0,0.8,2,80.02499999999999,0.14465978477086786,-0.1036911943584631,0.10086917042619731,0.3757608679040607,0.3358640242451255
increasing,45.0,0.8,3,96.02499999999998,0.09459502904949299,0.05695584203483792,0.07552649587381247,0.27291475990656605,0.30341774461133275
increasing,45.0,0.8,4,112.02499999999996,0.08247648120767699,-0.05398960686496337,0.062349757842087856,0.32095442445666666,0.2807271323966305
increasing,45.0,0.8,5,128.02499999999995,0.06184304274765691,0.03861184353310451,0.048308254732121865,0.24780783900460934,0.2509017771309785
increasing,45.0,0.8,6,144.02499999999995,0.05583514093601996,-0.03905281214420493,0.03990539846906245,0.2900790497660491,0.2337033187626637
increasing,45.0,0.8,7,160.02499999999998,0.045359289514934,0.028746772820246368,0.03508686645627885,0.22309817777750912,0.211036206207819
increasing,45.0,0.8,8,176.02499999999998,0.03862465577015392,-0.025242480384681076,0.029234931458648496,0.2616973796971429,0.19654795672805514
increasing,45.0,1.0,1,64.025,0.17364996367551883,0.12295186335644748,0.12262605425310916,0.39498328766071145,0.37073852898447784
increasing,45.0,1.0,2,80.02499999999999,0.12813477330441808,-0.095112085460673,0.08586158238173958,0.2683162253736664,0.3810585979792447
increasing,45.0,1.0,3,96.02499999999998,0.08618548163767241,0.06150339368686428,0.060376069846555525,0.29435815338402416,0.34300734400124766
increasing,45.0,1.0,4,112.02499999999996,0.0724811559150762,-0.056430799262107076,0.04548717244922309,0.21496826128384522,0.3128076472279607
increasing,45.0,1.0,5,128.02499999999995,0.05427384681269802,0.04165555230086927,0.034791743422222396,0.23856376529815876,0.27710844230906134
increasing,45.0,1.0,6,144.02499999999995,0.05226518396257087,-0.04250174697077639,0.03041793811344674,0.1811149782519359,0.2523235380011588
increasing,45.0,1.0,7,160.02499999999998,0.03574325591642141,0.028166856648104727,0.022004738809445402,0.19570000061573017,0.2230910717203964
increasing,45.0,1.0,8,176.02499999999998,0.03307189135730643,-0.027816238749051477,0.017888735556356304,0.15184527581313786,0.20268136715408488
increasing,90.0,0.8,1,64.025,0.1952377912434558,0.19522464576182558,0.0022655720674795406,0.3157109855808314,0.3348903284474927
increasing,90.0,0.8,2,80.02499999999999,0.1462761553056123,-0.1462760182555367,0.00020023560497459646,0.3750501824372371,0.33433266701466363
increasing,90.0,0.8,3,96.02499999999998,0.08377492126243478,0.08376117156748258,-0.00151775168255421,0.27332276008096124,0.30298416775596176
increasing,90.0,0.8,4,112.02499999999996,0.07448967893211232,-0.07448856591244452,-0.00040720476002509623,0.31981875048297104,0.2804210119761995
increasing,90.0,0.8,5,128.02499999999995,0.05514356624868328,0.05513373087914078,-0.0010414499360989226,0.25014505401462594,0.2533884662988467
increasing,90.0,0.8,6,144.02499999999995,0.054577900393216916,-0.054549179112494024,-0.0017703868178882347,0.2903086303458119,0.23464375775362978
increasing,90.0,0.8,7,160.02499999999998,0.04107267321162771,0.041027797671126576,0.0019194538301978282,0.22145978142585382,0.21215639915803047
increasing,90.0,0.8,8,176.02499999999998,0.03523707736778828,-0.035212341736611266,0.0013200798640995257,0.26319035155560205,0.19783085352945634
increasing,90.0,1.0,1,64.025,0.17297311410401373,0.17295827969347358,0.0022653230044093046,0.39634565891561724,0.3720617485753472
increasing,90.0,1.0,2,80.02499999999999,0.13208531213092853,-0.13208521129306022,-0.00016321272146026938,0.26868298882872904,0.37963228289643763
increasing,90.0,1.0,3,96.02499999999998,0.088354854448842,0.0883406608409806,0.0015836498523630477,0.29499430584884756,0.3481013809793251
increasing,90.0,1.0,4,112.02499999999996,0.07793043808185113,-0.07791282337245742,0.0016568445194056803,0.21295536878008642,0.3165681995570876
increasing,90.0,1.0,5,128.02499999999995,0.06210851913294025,0.062108414364380846,0.00011407904792799448,0.2415346114862321,0.2784502899216013
increasing,90.0,1.0,6,144.02499999999995,0.05774313897670675,-0.057622761520045584,0.0037265874050159855,0.17940784464504686,0.25207016481408206
increasing,90.0,1.0,7,160.02499999999998,0.041299069760430115,0.04129814744496632,-0.0002760084975053647,0.19785480500304242,0.2223535735222653
increasing,90.0,1.0,8,176.02499999999998,0.037792017327740714,-0.03772114532165877,-0.0023133891420500405,0.15140411443388074,0.20090898811886373
decreasing,0.0,0.8,1,64.025,0.19392617004799098,0.0023581972172981086,0.19391183134447118,0.31367154954275733,0.3343514254061148
decreasing,0.0,0.8,2,80.02499999999999,0.1447378685324007,-0.003225829830546299,0.1447019163978379,0.37378130995398373,0.3368183129868405
decreasing,0.0,0.8,3,96.02499999999998,0.11000287683234945,0.00022196811555425747,0.11000265288414057,0.2749151669287393,0.30366566364260217
decreasing,0.0,0.8,4,112.02499999999996,0.0858435868346894,-0.001989477674775496,0.08582053005677855,0.3196313892620477,0.2790523332805382
decreasing,0.0,0.8,5,128.02499999999995,0.07161643575346548,0.0012093010324806534,0.07160622501600744,0.24585399375785666,0.25293123104372556
decreasing,0.0,0.8,6,144.02499999999995,0.054952919802166676,-0.003273234590085027,0.0548553491475684,0.28045068962733116,0.22922337160378714
decreasing,0.0,0.8,7,160.02499999999998,0.05047727481575716,-0.012597070377344859,0.04888015027323149,0.2268730859378138,0.20775443205524052
decreasing,0.0,0.8,8,176.02499999999998,0.04093225040903622,0.00983679928734199,0.039732688095931716,0.25903413736148206,0.19319458665407208
decreasing,0.0,1.0,1,64.025,0.17174214262776974,0.0002479734054173545,0.17174196360693972,0.39303116853842485,0.3697887186631885
decreasing,0.0,1.0,2,80.02499999999999,0.1237190578458221,-0.0027650092070923113,0.12368815625734975,0.26431233772063256,0.3819802231374491
decreasing,0.0,1.0,3,96.02499999999998,0.09052884677531285,-0.004442782690720137,0.09041976432412943,0.29701422943190653,0.3350199281466668
decreasing,0.0,1.0,4,112.02499999999996,0.06150198521587871,-0.000831996028693463,0.06149635735637032,0.2141308602218953,0.30966673430217856
decreasing,0.0,1.0,5,128.02499999999995,0.04603089185113843,0.0011522501354424863,0.046016467967854455,0.23735653553549982,0.27775364501026445
decreasing,0.0,1.0,6,144.02499999999995,0.033460616498967616,-0.0019240893712576777,0.03340525013500718,0.18042994258948647,0.2522977201446098
decreasing,0.0,1.0,7,160.02499999999998,0.030799259091380347,-0.0016732444861662173,0.030753773971132214,0.19754696821558426,0.22338060296126128
decreasing,0.0,1.0,8,176.02499999999998,0.026826645564543894,3.6659554527458216e-05,0.026826620516247,0.15443265311050774,0.20316659287968103
decreasing,45.0,0.8,1,64.025,0.19558615495135723,0.13883648676151172,0.13776201926647597,0.31553940652013845,0.33490321743524953
decreasing,45.0,0.8,2,80.02499999999999,0.14562034241993618,-0.10310125091373087,0.10283684255422941,0.3721007988910721,0.3372951677738665
decreasing,45.0,0.8,3,96.02499999999998,0.09903425732677329,0.06101926997747286,0.0780027744101569,0.27509963195167364,0.3044531677758339
decreasing,45.0,0.8,4,112.02499999999996,0.07920962038355969,-0.05089419294475679,0.060695511249263756,0.3206349208908628,0.2814575170003797
decreasing,45.0,0.8,5,128.02499999999995,0.06597127864358963,0.041259222895386985,0.05147704470867495,0.24467871891396914,0.25519372917547833
decreasing,45.0,0.8,6,144.02499999999995,0.05537247071546812,-0.040401530275681885,0.037865906360716295,0.28478637733779033,0.23412932770199374
decreasing,45.0,0.8,7,160.02499999999998,0.03882900286190701,0.01651186249798904,0.03514327617194342,0.2237583657670641,0.21013942561741938
decreasing,45.0,0.8,8,176.02499999999998,0.03342234998004716,-0.015813208637312923,0.02944479429001959,0.26123511429789736,0.193989296535688
decreasing,45.0,1.0,1,64.025,0.17364996367551883,0.12295186335644748,0.12262605425310916,0.39498328766071145,0.37073852898447784
decreasing,45.0,1.0,2,80.02499999999999,0.1257130473025467,-0.08973466307830731,0.08804237902462095,0.2636875051370697,0.3812112769171563
decreasing,45.0,1.0,3,96.02499999999998,0.08568769347381684,0.056017401355859364,0.06484158818381425,0.2976016153206953,0.3408662371151706
decreasing,45.0,1.0,4,112.02499999999996,0.06924400184836087,-0.054937415593703506,0.04214987734099005,0.21450281176475222,0.31301886701301795
decreasing,45.0,1.0,5,128.02499999999995,0.057117786476653575,0.047450358688372864,0.03179473214759558,0.23646229513507827,0.27935202672485476
decreasing,45.0,1.0,6,144.02499999999995,0.045540654322259955,-0.03963141219555473,0.02243440134003157,0.18216083809895486,0.25213397520211994
decreasing,45.0,1.0,7,160.02499999999998,0.03733170918193607,0.030539492743295954,0.021470814922280507,0.19583534015360587,0.2226628973785881
decreasing,45.0,1.0,8,176.02499999999998,0.031236920756296915,-0.024671483918922342,0.019158890875348958,0.15640737536181692,0.20163159459542168
decreasing,90.0,0.8,1,64.025,0.1952377912434558,0.19522464576182558,0.0022655720674795406,0.3157109855808314,0.3348903284474927
decreasing,90.0,0.8,2,80.02499999999999,0.14510084512310897,-0.1450807536676419,0.002414574635306666,0.37261011045715475,0.33602172063262925
decreasing,90.0,0.8,3,96.02499999999998,0.0863673098589086,0.08636719542923156,0.00014059144232405263,0.2735387433981691,0.30387921658962136
decreasing,90.0,0.8,4,112.02499999999996,0.07111901129113506,-0.07111405885420982,-0.0008392855941674558,0.322375027653742,0.28136134709616645
decreasing,90.0,0.8,5,128.02499999999995,0.05718154565459842,0.05717787943390207,0.0006475082169994666,0.24333267250716226,0.2569868370941405
decreasing,90.0,0.8,6,144.02499999999995,0.0558120867876408,-0.05573656651033545,-0.0029024446988875872,0.28833732637696463,0.2365630402148488
decreasing,90.0,0.8,7,160.02499999999998,0.029738505512368004,0.029698343579123557,0.0015450238721366957,0.22170135363311522,0.21194639879856153
decreasing,90.0,0.8,8,176.02499999999998,0.026910133816935838,-0.026825788167365576,0.002128941343725251,0.2628959066307579,0.19427193156231046
decreasing,90.0,1.0,1,64.025,0.17297311410401373,0.17295827969347358,0.0022653230044093046,0.39634565891561724,0.3720617485753472
decreasing,90.0,1.0,2,80.02499999999999,0.127022935977863,-0.12700616031304982,0.0020643417769759006,0.26558876395292974,0.38098199913040987
decreasing,90.0,1.0,3,96.02499999999998,0.08122919959698587,0.0812083663403366,0.0018395932976216025,0.29800748333113225,0.3456604841046126
decreasing,90.0,1.0,4,112.02499999999996,0.076915631612873,-0.07683704038859132,-0.003476148835877697,0.21631503238626323,0.31662305478115893
decreasing,90.0,1.0,5,128.02499999999995,0.0663034595080745,0.06625687337454389,-0.0024850499730449697,0.23462495219355228,0.2805833427266168
decreasing,90.0,1.0,6,144.02499999999995,0.054675661449771554,-0.05448554583546373,-0.00455557350743202,0.184305707075972,0.25129576700230327
decreasing,90.0,1.0,7,160.02499999999998,0.044935106109408395,0.04492933848214786,-0.0007199337611049797,0.19477480370312755,0.22300780852747187
decreasing,90.0,1.0,8,176.02499999999998,0.034437363603937614,-0.034436221187288715,0.0002805037075239791,0.1580677953336675,0.19960095582313764
alternating,0.0,0.8,1,64.025,0.19392617004799098,0.0023581972172981086,0.19391183134447118,0.31367154954275733,0.3343514254061148
alternating,0.0,0.8,2,80.02499999999999,0.14298473118768473,0.002206631124495325,0.14296770310771195,0.37381434349421105,0.33532137911222615
alternating,0.0,0.8,3,96.02499999999998,0.09880400682555338,-0.004297264577782924,0.09871051251985541,0.27857847789703566,0.30383567829571895
alternating,0.0,0.8,4,112.02499999999996,0.06631965452219918,-0.005479455469805468,0.06609290539610341,0.3175518338204481,0.2665386598285845
alternating,0.0,0.8,5,128.02499999999995,0.04630975578520987,-0.003256394329478233,0.04619512286872632,0.27853245117803416,0.23828259538383112
alternating,0.0,0.8,6,144.02499999999995,0.028520680267050333,-0.0006184909670139847,0.02851397327309957,0.29007412044991576,0.21228171728536863
alternating,0.0,0.8,7,160.02499999999998,0.020122726914265678,-0.0035943417775523446,0.01979911224404403,0.2745646903055258,0.1883978551162028
alternating,0.0,0.8,8,176.02499999999998,0.01139059157379528,0.002842615445322802,0.011030191015165072,0.27466248014747796,0.16960253592150376
alternating,0.0,1.0,1,64.025,0.17174214262776974,0.0002479734054173545,0.17174196360693972,0.39303116853842485,0.3697887186631885
alternating,0.0,1.0,2,80.02499999999999,0.11944860678158122,-0.004487210664132317,0.11936429366655889,0.26714784269202274,0.38166522181729423
alternating,0.0,1.0,3,96.02499999999998,0.08469093095747562,-0.006766055431160652,0.08442022435617169,0.2976905104955738,0.3443841667080905
alternating,0.0,1.0,4,112.02499999999996,0.06609737961958301,0.00019138726377992515,0.06609710253475963,0.23361958070053038,0.296587458977432
alternating,0.0,1.0,5,128.02499999999995,0.054428360309433564,-0.008138267217722634,0.05381649387192057,0.24699984682035997,0.2543291469841177
alternating,0.0,1.0,6,144.02499999999995,0.04022503842038112,0.0057167076074556185,0.0398167423334958,0.22372552284224037,0.21905276457300532
alternating,0.0,1.0,7,160.02499999999998,0.03405462191551492,-0.008338740926504917,0.033017914433975094,0.24364692929445303,0.19459599669129413
alternating,0.0,1.0,8,176.02499999999998,0.02507175411337837,0.003933005670837273,0.024761347312189357,0.22730563348063446,0.17436260153834388
alternating,45.0,0.8,1,64.025,0.19558615495135723,0.13883648676151172,0.13776201926647597,0.31553940652013845,0.33490321743524953
alternating,45.0,0.8,2,80.02499999999999,0.14210776375775783,-0.10043546590997404,0.100535236149706,0.3746928159622869,0.3371246119529987
alternating,45.0,0.8,3,96.02499999999998,0.09670205562153694,0.06650029323986711,0.07020682702161173,0.27982595332389804,0.3007478466019834
alternating,45.0,0.8,4,112.02499999999996,0.0699154089667339,-0.05250422111006298,0.046167858696405564,0.31675507474860853,0.2668053049807557
alternating,45.0,0.8,5,128.02499999999995,0.04292250340313494,0.028255282211138606,0.03231068438707303,0.2773805374583199,0.23792946797337575
alternating,45.0,0.8,6,144.02499999999995,0.029292593938136016,-0.021921554968715333,0.01942939750424894,0.29668840985456746,0.2121498297969597
alternating,45.0,0.8,7,160.02499999999998,0.01829005673531611,0.010626803471950854,0.01488614199010662,0.2686238490174373,0.18924641470007117
alternating,45.0,0.8,8,176.02499999999998,0.00968155358743802,-0.0059338599283495636,0.007649953347384631,0.2771987075479292,0.1702506935045151
alternating,45.0,1.0,1,64.025,0.17364996367551883,0.12295186335644748,0.12262605425310916,0.39498328766071145,0.37073852898447784
alternating,45.0,1.0,2,80.02499999999999,0.12250069161474494,-0.0915322964800391,0.0814141151593571,0.26726743098603434,0.38124613784632133
alternating,45.0,1.0,3,96.02499999999998,0.08200252569169555,0.05561696860143711,0.060259165472183136,0.2986067064282979,0.3430547598909186
alternating,45.0,1.0,4,112.02499999999996,0.06585964816824813,-0.04610424951083424,0.047030749875886194,0.23516308234449385,0.2971801299742477
alternating,45.0,1.0,5,128.02499999999995,0.046887248070758544,0.028393380592685133,0.03731259800881978,0.2473824627746023,0.2538045591278536
alternating,45.0,1.0,6,144.02499999999995,0.03527666826267194,-0.022542958536785278,0.027134080860117323,0.21996047808353575,0.21959574394897927
alternating,45.0,1.0,7,160.02499999999998,0.027192257580422666,0.01422407630557405,0.023175299902552737,0.25005962801179227,0.1945540482504756
alternating,45.0,1.0,8,176.02499999999998,0.022060834748152274,-0.013861320429237671,0.017162290806977988,0.2250223451236042,0.1745364346701787
alternating,90.0,0.8,1,64.025,0.1952377912434558,0.19522464576182558,0.0022655720674795406,0.3157109855808314,0.3348903284474927
alternating,90.0,0.8,2,80.02499999999999,0.14342084460937649,-0.1434199188881468,-0.0005153004796362402,0.3773507989321127,0.3377157603934894
alternating,90.0,0.8,3,96.02499999999998,0.09730482090382321,0.09730448002062753,0.000257563662827628,0.2778541063647965,0.29938607769242376
alternating,90.0,0.8,4,112.02499999999996,0.07214816224652516,-0.07214810917103465,-8.751340118841582e-05,0.3199146776025147,0.2677262144611023
alternating,90.0,0.8,5,128.02499999999995,0.040917491563348035,0.04091744262784863,-6.328217262892982e-05,0.2751288924107819,0.23736687939771017
alternating,90.0,0.8,6,144.02499999999995,0.03151666303998871,-0.03150468376271415,-0.0008688786955415282,0.3009856808199499,0.21135953630712262
alternating,90.0,0.8,7,160.02499999999998,0.017155863658502284,0.017103545629187603,0.0013387997532928516,0.26556234453316807,0.18926740185319688
alternating,90.0,0.8,8,176.02499999999998,0.010408389053604288,-0.010387079153325419,-0.0006656946400130368,0.2783260345201855,0.1706938375518524
alternating,90.0,1.0,1,64.025,0.17297311410401373,0.17295827969347358,0.0022653230044093046,0.39634565891561724,0.3720617485753472
alternating,90.0,1.0,2,80.02499999999999,0.12585495858822224,-0.12574257641144235,-0.005317431584488523,0.26846819980750003,0.3803867694485385
alternating,90.0,1.0,3,96.02499999999998,0.08065908503892029,0.0806587464794975,0.0002336999613265008,0.2989125557488817,0.34224885828725604
alternating,90.0,1.0,4,112.02499999999996,0.06559553213044154,-0.06558657854824988,0.0010837664923944218,0.23625022992295794,0.2960602135219812
alternating,90.0,1.0,5,128.02499999999995,0.044080552703448905,0.0440788204863257,-0.00039078277317468476,0.24915745593192085,0.25387112561056124
alternating,90.0,1.0,6,144.02499999999995,0.033786848081483384,-0.03371153450735037,-0.0022546716925004274,0.21835353246183417,0.21980256681319912
alternating,90.0,1.0,7,160.02499999999998,0.02370286135918387,0.02370283055597497,-3.821318399587642e-05,0.253869317110516,0.1939309891007701
alternating,90.0,1.0,8,176.02499999999998,0.02138192669258166,-0.021378457131785752,-0.0003851749619783473,0.22441816381211996,0.17580131153209894
centered_original,0.0,0.8,1,64.025,0.20607923078442286,0.0026216529191345505,0.20606255432919154,0.3139057057574396,0.33384775519734944
centered_original,0.0,0.8,2,80.025,0.1423665709268347,-0.005015712375361203,0.1422781892871606,0.37738890136214787,0.3361154331209199
centered_original,0.0,0.8,3,96.025,0.13607281876167723,-0.0036995567713514537,0.13602251756765793,0.2756944717509677,0.31709198129101257
centered_original,0.0,0.8,4,112.025,0.10518294581361332,-0.004558085215184414,0.1050841374765984,0.31978596612622484,0.28085008504702413
centered_original,0.0,0.8,5,128.025,0.09331459811765874,-0.005095101343290042,0.09317539462841981,0.27244057510955144,0.2481937256225114
centered_original,0.0,0.8,6,144.025,0.07168287053970528,-0.002512215387907408,0.07163883515703551,0.29168147176162784,0.21501334926156013
centered_original,0.0,0.8,7,160.02500000000003,0.06420806951641407,-0.00857883661320883,0.06363237975581715,0.2734510414465983,0.18919842738603715
centered_original,0.0,0.8,8,176.02500000000003,0.05067346356103673,0.0039034694212972468,0.050522894174311855,0.27493844733016226,0.16722722239402965
centered_original,0.0,1.0,1,64.025,0.17584526615366328,0.00072690320486587,0.17584376372332183,0.3925394216986181,0.36976664880079846
centered_original,0.0,1.0,2,80.025,0.12257800016310016,-0.01039775427973682,0.12213620605669395,0.2689966634271215,0.38116306697015173
centered_original,0.0,1.0,3,96.025,0.11603380819061566,0.0008724516606600612,0.1160305281868371,0.2983522059550615,0.34816930184473244
centered_original,0.0,1.0,4,112.025,0.09083054638950891,-0.003230871432383524,0.09077306663985821,0.23381201867734383,0.3010082578242781
centered_original,0.0,1.0,5,128.025,0.0793267757716994,0.005514864146000782,0.07913484458684827,0.24627194425209364,0.25743445378196517
centered_original,0.0,1.0,6,144.025,0.06375508206895875,0.010437731260525863,0.06289486668840873,0.2268473352806206,0.22167655017012985
centered_original,0.0,1.0,7,160.02500000000003,0.05569801035131212,0.0027023075790617856,0.05563241762536495,0.2416612495373202,0.19617366320505514
centered_original,0.0,1.0,8,176.02500000000003,0.04412761510321224,0.007187335190897086,0.043538358117307746,0.23124892591225302,0.17532298392072326
centered_original,45.0,0.8,1,64.025,0.20810144100148328,0.14781643070366451,0.14648041698780956,0.3163934700825502,0.3344671557032085
centered_original,45.0,0.8,2,80.025,0.14640511183345914,-0.10629038657343146,0.10068172869512212,0.3761820268468279,0.3369483231640741
centered_original,45.0,0.8,3,96.025,0.10727326799518028,0.046623199291020705,0.09661175556957619,0.27821258588938325,0.3015770720172495
centered_original,45.0,0.8,4,112.025,0.078663226975385,-0.023696822059935754,0.07500909213182545,0.3185328865082282,0.26748166967899367
centered_original,45.0,0.8,5,128.025,0.06603271013120823,-0.004933805665586736,0.06584813109668637,0.26936619503641246,0.23701071469560556
centered_original,45.0,0.8,6,144.025,0.05183045560724168,0.009015874483932033,0.05104027954218347,0.302363671233881,0.21257643762171458
centered_original,45.0,0.8,7,160.02500000000003,0.05223249731185957,-0.025782846198686888,0.04542552825590775,0.26257537533309194,0.19065088492231616
centered_original,45.0,0.8,8,176.02500000000003,0.042577178221006214,0.02232404718752757,0.03625538611616719,0.284739142723586,0.1709946057396669
centered_original,45.0,1.0,1,64.025,0.17800274094294258,0.1258938857832787,0.1258399988302094,0.39472056724148696,0.3709098323511682
centered_original,45.0,1.0,2,80.025,0.13016341218815192,-0.09672052244623526,0.08710714327878075,0.2690311674394811,0.38230174173501685
centered_original,45.0,1.0,3,96.025,0.09536194773214435,0.04800328703727467,0.08239894118788935,0.29620843935778035,0.34237274967055426
centered_original,45.0,1.0,4,112.025,0.07098293394934997,-0.02959501268161025,0.06451908350583654,0.2372813755130341,0.2953235582937117
centered_original,45.0,1.0,5,128.025,0.060919849448454584,0.022370786304734804,0.05666370952320596,0.24476111108958226,0.2510105847778912
centered_original,45.0,1.0,6,144.025,0.0443751571738689,1.9469930863047816e-05,0.04437515290258007,0.2222296326869278,0.21837193485485248
centered_original,45.0,1.0,7,160.02500000000003,0.04122625047961322,0.007275593434998686,0.04057917530922004,0.25050874738593065,0.1941455129894115
centered_original,45.0,1.0,8,176.02500000000003,0.030793728402586033,0.0034291273289960953,0.03060220244841482,0.22393388911049292,0.1751639223616077
centered_original,90.0,0.8,1,64.025,0.20795483143608173,0.20794105717786016,0.0023934613769740053,0.31668465763924053,0.33535691498385267
centered_original,90.0,0.8,2,80.025,0.1492970459089488,-0.14929655216068827,-0.0003839662350488065,0.3755589952932478,0.3357545257364757
centered_original,90.0,0.8,3,96.025,0.06760317863884091,0.06756964383821025,0.0021290828195380126,0.27729701541762697,0.2823332890789867
centered_original,90.0,0.8,4,112.025,0.030165088921473713,-0.030138517570109415,0.0012658389773672898,0.31845574349687544,0.2510022582546786
centered_original,90.0,0.8,5,128.025,0.006323911051351831,-0.006264002578683748,0.0008684023719757883,0.26835792336732267,0.2230942335623059
centered_original,90.0,0.8,6,144.025,0.014101546914845504,0.014048738556762471,0.0012192499150396633,0.3057765022154877,0.2069692473880761
centered_original,90.0,0.8,7,160.02500000000003,0.03305154057337284,-0.03303650571425716,0.000996807135390347,0.2576030816740055,0.18905000924070967
centered_original,90.0,0.8,8,176.02500000000003,0.030209419810767742,0.030188789658004714,0.0011162545802612177,0.2883430686115246,0.17221029393143406
centered_original,90.0,1.0,1,64.025,0.17704147727043085,0.1770141629472775,0.0031097894094563993,0.3964658629754444,0.3716654937193712
centered_original,90.0,1.0,2,80.025,0.1334082267617257,-0.13340578804542663,0.0008066496679060058,0.2693104340342264,0.3811197448284863
centered_original,90.0,1.0,3,96.025,0.06747826267924496,0.06744952455959852,0.0019691548677796154,0.29422420401965194,0.334854831822336
centered_original,90.0,1.0,4,112.025,0.0394123255295991,-0.0393642941239299,0.001945186822859698,0.23872144848790805,0.2885324016100024
centered_original,90.0,1.0,5,128.025,0.029650461403181016,0.029590533652993974,0.001884192015840825,0.24468139458891908,0.2433980030182439
centered_original,90.0,1.0,6,144.025,0.004881917291910741,-0.004875825686223911,0.0002438038609542814,0.21980710027915085,0.21447083133295577
centered_original,90.0,1.0,7,160.02500000000003,0.00901848018003022,0.008556442655619046,0.0028496094186222787,0.25492244648031337,0.191290391195942
centered_original,90.0,1.0,8,176.02500000000003,0.0018135093163922503,0.0018119620400224934,7.489730408371132e-05,0.22052512617698417,0.17465866473164632
alsop,0.0,0.8,1,64.025,0.11815466622473392,0.0016461734407358718,0.1181431981270242,0.34075576170212457,0.3750407447764559
alsop,0.0,0.8,2,80.025,0.05747152518499386,-0.00554483280035214,0.05720341804739926,0.2916791520735279,0.3379690887505128
alsop,0.0,0.8,3,96.02500000000002,0.06597076539503048,-0.007605175577654245,0.0655309330868957,0.29604966531909255,0.30452330735498595
alsop,0.0,0.8,4,112.02500000000002,0.0627997632571045,0.005579336849046159,0.06255142896427905,0.28047571855749764,0.2676034826659835
alsop,0.0,0.8,5,128.025,0.019864127739079727,-0.002728501420354103,0.01967584434868304,0.2783546103022474,0.23931947003969553
alsop,0.0,0.8,6,144.025,0.05621349617141843,0.00690073617694285,0.05578832307956842,0.276891348182414,0.21279552874683239
alsop,0.0,0.8,7,160.02500000000003,0.013258782158575054,0.001398382442457347,0.013184833365392803,0.26509071458130284,0.1869718661110184
alsop,0.0,0.8,8,176.02500000000003,0.037949667611590465,0.008201551339253207,0.03705282482429366,0.2679781227881981,0.16779940510539604
alsop,0.0,1.0,1,64.025,0.07462558627432249,0.014279972762002371,0.07324657333079015,0.2838875857270974,0.40129555612486323
alsop,0.0,1.0,2,80.025,0.0565572130654547,-0.00997259757056765,0.055671048556918235,0.2580095854482404,0.3692670526501739
alsop,0.0,1.0,3,96.02500000000002,0.05367249979126933,0.00443719468270164,0.053488770197038654,0.2378967682408169,0.3160889142470183
alsop,0.0,1.0,4,112.02500000000002,0.04396867948259562,0.016513306829823545,0.040749913778894406,0.22292571172028142,0.27767806838477876
alsop,0.0,1.0,5,128.025,0.042710987471950186,0.011666263773657657,0.04108681954584133,0.21838354866899973,0.23910575450398788
alsop,0.0,1.0,6,144.025,0.030533260264046944,0.026700958617014003,0.014810090860103924,0.23081751774022002,0.21440036563262377
alsop,0.0,1.0,7,160.02500000000003,0.03435208896112694,0.015582522094808196,0.03061455570734277,0.22196572399774764,0.19170133326390545
alsop,0.0,1.0,8,176.02500000000003,0.021112171160688635,0.018434719008805858,0.010290039173131697,0.23403298351467455,0.17541441024570809
alsop,45.0,0.8,1,64.025,0.11976185189170545,-0.08635821719735812,0.08297686117843163,0.32855233454727606,0.3702158928690035
alsop,45.0,0.8,2,80.025,0.06400081677543713,-0.04947065088733685,0.04060491655829762,0.31535972867520623,0.33766138976384774
alsop,45.0,0.8,3,96.02500000000002,0.07410868998845128,-0.0577221078990558,0.046478556254407694,0.26324992494756216,0.3022403269728765
alsop,45.0,0.8,4,112.02500000000002,0.05254324363616746,-0.02904798250730613,0.04378364037017582,0.3076043520225573,0.26727242685790853
alsop,45.0,0.8,5,128.025,0.03317968383659834,-0.030469252479584798,0.013134537404565895,0.25441025388429606,0.23650056583991375
alsop,45.0,0.8,6,144.025,0.04762481219304003,-0.02619391802388736,0.03977438113887133,0.2943205365716583,0.2119394398185673
alsop,45.0,0.8,7,160.02500000000003,0.013867575724015941,-0.010519835851786242,0.009035635567727879,0.2489519121235669,0.1889225611572064
alsop,45.0,0.8,8,176.02500000000003,0.03427879333174752,-0.020080212492274645,0.02778166191115563,0.27732302489616456,0.17091547742094929
alsop,45.0,1.0,1,64.025,0.06593695630339462,-0.043114426495771456,0.04988815926145694,0.2803147594279543,0.40560293109926127
alsop,45.0,1.0,2,80.025,0.07761523980787924,-0.06520456557150614,0.04210095104704593,0.26446042918583823,0.36941194569060554
alsop,45.0,1.0,3,96.02500000000002,0.04678588742295795,-0.027837479026483977,0.03760311188457358,0.2477037791668502,0.31936297007671294
alsop,45.0,1.0,4,112.02500000000002,0.035248286473442095,-0.01979800380261517,0.02916300301315823,0.20370809752382374,0.2746724423487542
alsop,45.0,1.0,5,128.025,0.03200844616364862,-0.013315427897973069,0.029107387476465022,0.24086082445746465,0.2405223609389251
alsop,45.0,1.0,6,144.025,0.01144791087185641,0.004804524998635394,0.010390919250357773,0.20749849787200078,0.21178122306793282
alsop,45.0,1.0,7,160.02500000000003,0.021954878572942628,-0.004097308351832963,0.021569162186386732,0.2462475513303992,0.1906559680465086
alsop,45.0,1.0,8,176.02500000000003,0.008110481396518158,0.004324197259745084,0.006861576097521636,0.2116337809400071,0.17219098559734228
alsop,90.0,0.8,1,64.025,0.12503909137570235,-0.12500694389742267,-0.002835198315437518,0.3249885965441306,0.3659092372303331
alsop,90.0,0.8,2,80.025,0.06615441165678881,-0.06614469017707651,-0.0011340824636831585,0.32256351469890776,0.33752867580964563
alsop,90.0,0.8,3,96.02500000000002,0.07760162660970688,-0.0776011924457409,0.00025958326496759883,0.250962892035025,0.30045835619064554
alsop,90.0,0.8,4,112.02500000000002,0.04248227017816615,-0.04246324824967459,-0.0012711520669115637,0.31885159157504184,0.26672498441452375
alsop,90.0,0.8,5,128.025,0.04233036380095245,-0.04229965158784059,-0.0016121957288991425,0.2441979396938906,0.23602362493804088
alsop,90.0,0.8,6,144.025,0.03916337347875033,-0.03915983383737684,0.0005265321121460268,0.300714468581122,0.2111548577735925
alsop,90.0,0.8,7,160.02500000000003,0.014990362325796074,-0.014988226062266127,-0.0002530655350946561,0.24250582145938093,0.19124445098627313
alsop,90.0,0.8,8,176.02500000000003,0.03298349204185348,-0.032864683319556734,0.0027970229852937265,0.28166123924830816,0.17253654079007041
alsop,90.0,1.0,1,64.025,0.06920837312878397,-0.06900052049827168,-0.0053597651161758995,0.2807759623186032,0.4086641046388164
alsop,90.0,1.0,2,80.025,0.0894547012136168,-0.08930949047484146,0.005094946549440987,0.2669605702211055,0.37065018482224915
alsop,90.0,1.0,3,96.02500000000002,0.040153080018999525,-0.0401470238631726,0.0006973592632419303,0.25229241412726033,0.3224695947746803
alsop,90.0,1.0,4,112.02500000000002,0.034466235221473955,-0.034444517686976164,0.0012233444541738902,0.1961327867200212,0.2732381360430469
alsop,90.0,1.0,5,128.025,0.0232175747719909,-0.02321509550202762,-0.00033929209352028135,0.2516066478864021,0.24003515359917138
alsop,90.0,1.0,6,144.025,0.005281239378418142,-0.0052696657645798645,-0.0003494454203010215,0.19789980766627885,0.20969142021254528
alsop,90.0,1.0,7,160.02500000000003,0.012618948068574398,-0.012560331664837453,-0.001214873996206648,0.257147774092538,0.18813072235939843
alsop,90.0,1.0,8,176.02500000000003,0.0019238401220074372,-0.001427886430763718,-0.00128930258507708,0.202675766045331,0.168473323263887
ss_mgot,0.0,0.8,1,64.025,0.09990817879129318,-0.002927265235500925,0.09986528579858986,-0.02340161745798031,0.3872247562258515
ss_mgot,0.0,0.8,2,80.025,0.09588717439024587,-0.000292962635829535,0.09588672684704296,-0.02288532009172535,0.3350841968507461
ss_mgot,0.0,0.8,3,96.025,0.07933257693417459,0.003956638005816588,0.07923384869301539,-0.011767075212302597,0.2889576750397125
ss_mgot,0.0,0.8,4,112.025,0.06758940692461268,-6.724684224426898e-05,0.0675893734715975,-0.014284111527017748,0.2485066861543628
ss_mgot,0.0,0.8,5,128.025,0.054186361783028325,0.00026958842645782985,0.05418569114961581,-0.0031163768882917606,0.21575088638937484
ss_mgot,0.0,0.8,6,144.025,0.047743750865432165,0.004309951213608975,0.04754881772701362,-0.008788007888772136,0.1882828960699069
ss_mgot,0.0,0.8,7,160.02500000000003,0.03802427216195217,0.00019302900585437577,0.038023782205997204,-0.00045660769389465434,0.1630675261193855
ss_mgot,0.0,0.8,8,176.02500000000003,0.033294607551405175,0.005550925079973608,0.032828617435990304,0.0015514058373550686,0.14310139358792429
ss_mgot,0.0,1.0,1,64.025,0.10288642504082174,-0.004506411789790595,0.10278768754311707,-0.014181866758788183,0.40022937708539075
ss_mgot,0.0,1.0,2,80.025,0.10220635154460372,-0.005794225347103083,0.10204197787521617,0.01261755243271577,0.34899498878689855
ss_mgot,0.0,1.0,3,96.025,0.07966272059899794,0.006412733325697523,0.07940419324272176,-0.007245043710386406,0.2971924839892471
ss_mgot,0.0,1.0,4,112.025,0.06992985500683539,-0.0019602985890317818,0.06990237371304969,0.0015514554039284605,0.2544105074063767
ss_mgot,0.0,1.0,5,128.025,0.059630078869429906,0.003672580915315576,0.05951687538333049,0.009514960231019005,0.21575185595461016
ss_mgot,0.0,1.0,6,144.025,0.050191948442162924,0.004877389356617692,0.049954406827473125,0.014593320115282252,0.18737883653416265
ss_mgot,0.0,1.0,7,160.02500000000003,0.040633152387162745,0.0005390894137727051,0.04062957611792606,0.017674021152609666,0.1617840810373311
ss_mgot,0.0,1.0,8,176.02500000000003,0.037964965073403925,0.002901671786658725,0.03785391490806847,0.025975827965405547,0.1419193255567709
ss_mgot,45.0,0.8,1,64.025,0.09886019327094012,-0.07151966012687655,0.06825156429638589,-0.023585964850206198,0.39538648754946115
ss_mgot,45.0,0.8,2,80.025,0.0970452589505537,-0.06845877472940762,0.06878356233380357,-0.024082067607838608,0.33918292853233806
ss_mgot,45.0,0.8,3,96.025,0.07549285161870613,-0.05374449387621257,0.05301603553184385,-0.00793829416700751,0.29104434634715515
ss_mgot,45.0,0.8,4,112.025,0.06611435175627946,-0.04764678882602892,0.0458354777734547,-0.014248048156298806,0.2520982649821182
ss_mgot,45.0,0.8,5,128.025,0.05116084988745119,-0.03915971537671184,0.032923384589395324,0.0006830217019443223,0.21762143748021384
ss_mgot,45.0,0.8,6,144.025,0.044769792544105506,-0.03211798850581681,0.03118924716601002,-0.004280523146631076,0.18919532992024507
ss_mgot,45.0,0.8,7,160.02500000000003,0.03729607898956952,-0.027634579661791184,0.02504650704015085,0.0026808837666784267,0.16385508646082136
ss_mgot,45.0,0.8,8,176.02500000000003,0.030267218702720783,-0.020793525572558216,0.021993949673983028,0.005192100514726263,0.14285760695165312
ss_mgot,45.0,1.0,1,64.025,0.10342006148538253,-0.07386311329538037,0.07238749624040128,0.0028082260306410704,0.4059190679841895
ss_mgot,45.0,1.0,2,80.025,0.10306119526902702,-0.07252188458497487,0.07322695013807486,0.012460160469103879,0.3520704644721614
ss_mgot,45.0,1.0,3,96.025,0.07874348685064088,-0.051862374353381126,0.059252264495349115,-0.0021800104442412406,0.29782309566434784
ss_mgot,45.0,1.0,4,112.025,0.07418164911761084,-0.053789255926755056,0.05108456726502025,0.009391752486892096,0.25503465274731163
ss_mgot,45.0,1.0,5,128.025,0.056434064278905696,-0.03723005551671872,0.0424113967850353,0.013056831332976514,0.21685319871211478
ss_mgot,45.0,1.0,6,144.025,0.04807419622717874,-0.030443112748717763,0.03720679009345128,0.016903375090212572,0.18697331378444967
ss_mgot,45.0,1.0,7,160.02500000000003,0.03985357843068766,-0.027226065650333555,0.029104107320697882,0.020842129667136,0.16180411709286863
ss_mgot,45.0,1.0,8,176.02500000000003,0.035703961007210544,-0.021993783495939556,0.028125545668273667,0.02928124393267946,0.14168478818099461
ss_mgot,90.0,0.8,1,64.025,0.09800648928110355,-0.09794100183673396,-0.0035821921254923905,-0.007389686350757079,0.3963341514863622
ss_mgot,90.0,0.8,2,80.025,0.09560332708809667,-0.09558662461446746,0.0017869933202116104,-0.010807006109928935,0.3399026917420416
ss_mgot,90.0,0.8,3,96.025,0.08063382474934504,-0.08049910816873236,-0.004659106968809909,0.007499651850013217,0.28870576913927926
ss_mgot,90.0,0.8,4,112.025,0.06658929402042858,-0.06650913946114681,-0.003266258758397923,7.778894062177217e-05,0.25260486755274375
ss_mgot,90.0,0.8,5,128.025,0.05612648681417757,-0.055578186700704246,-0.007826090030386224,0.014463617428424448,0.21788616716723744
ss_mgot,90.0,0.8,6,144.025,0.0494495875328141,-0.04929737186330263,-0.003876962024150172,0.014161350792615397,0.18955728138332556
ss_mgot,90.0,0.8,7,160.02500000000003,0.03915835821378403,-0.03905311144018048,-0.0028690599226701575,0.018417004787569528,0.1649890277756546
ss_mgot,90.0,0.8,8,176.02500000000003,0.03473096934965096,-0.034671973928229224,-0.0020234761887867932,0.021301103856910062,0.14428948520590062
ss_mgot,90.0,1.0,1,64.025,0.10028648241168879,-0.10028648050864546,-1.9537119538485365e-05,0.03431329361381606,0.40574174185365236
ss_mgot,90.0,1.0,2,80.025,0.09615537555786903,-0.09613900195946223,0.0017744156540545801,0.02154981506408262,0.3524746447385235
ss_mgot,90.0,1.0,3,96.025,0.07980802860101092,-0.07970210626913732,0.004110436162126761,0.02199391508399425,0.29593720308884564
ss_mgot,90.0,1.0,4,112.025,0.07370562101186805,-0.0736792415091311,0.0019717858363061313,0.0304781670981787,0.2555898378834934
ss_mgot,90.0,1.0,5,128.025,0.05561541913115366,-0.05561410221837767,0.000382726505134447,0.02982073133550102,0.21850275816324755
ss_mgot,90.0,1.0,6,144.025,0.046844412226064086,-0.046768156939808105,0.0026717884008472166,0.03229286523961258,0.1875560230554958
ss_mgot,90.0,1.0,7,160.02500000000003,0.03749165012995796,-0.03748992144806365,0.0003600267839952865,0.036813975353234024,0.1612474563754134
ss_mgot,90.0,1.0,8,176.02500000000003,0.03276690437043907,-0.032700394094460274,0.002086683514212483,0.042396552648791164,0.14104678912008847
